<?xml version="1.0"?>
<!DOCTYPE modification SYSTEM "http://www.simplemachines.org/xml/modification">
<modification xmlns="http://www.simplemachines.org/xml/modification" xmlns:smf="http://www.simplemachines.org/">
<id>vbgamer45:microdata</id>
<version>1.0</version>


<file name="$themedir/index.template.php">
	<operation>
		<search position="replace"><![CDATA[// Show the link, including a URL if it should have one.
		echo $settings['linktree_link'] && isset($tree['url']) ? '
				<a href="' . $tree['url'] . '"><span>' . $tree['name'] . '</span></a>' : '<span>' . $tree['name'] . '</span>';]]></search>
		<add><![CDATA[// Show the link, including a URL if it should have one.
		echo $settings['linktree_link'] && isset($tree['url']) ? '
				<span itemscope="itemscope" itemtype="http://data-vocabulary.org/Breadcrumb"><a href="' . $tree['url'] . '"  itemprop="url"><span itemprop="title">' . $tree['name'] . '</span></a></span>' : '<span>' . $tree['name'] . '</span>';]]></add>

	</operation>
</file>


</modification>