<?xml version="1.0"?>
<!DOCTYPE package-info SYSTEM "http://www.simplemachines.org/xml/package-info">

<package-info xmlns="http://www.simplemachines.org/xml/package-info" xmlns:smf="http://www.simplemachines.org/">
	<id>vbgamer45:microdata</id>
	<name>MicroData SEO Linktree</name>
	<type>modification</type>
	<version>1.0</version>

	<install for="2.0 - 2.0.99, 2.0 RC2, 2.0 RC3, 2.0 RC4, 2.0 RC5">
		<readme>ReadMe.txt</readme>
		<modification type="file">microdata.xml</modification>
	</install>

	<uninstall for="2.0 - 2.0.99, 2.0 RC2, 2.0 RC3, 2.0 RC4, 2.0 RC5">
		<modification type="file" reverse="true">microdata.xml</modification>
		<code>UnInstall.php</code>
	</uninstall>

</package-info>