<?xml version="1.0"?>
<!DOCTYPE package-info SYSTEM "http://www.simplemachines.org/xml/package-info">
<package-info xmlns="http://www.simplemachines.org/xml/package-info" xmlns:smf="http://www.simplemachines.org/">
	<id>4kstore:RulesOnPost</id>
	<name>Rules On Post V1 Full Version</name>
	<type>modification</type>
	<version>V1 Full Version</version>

	
	<install for="2.0 - 2.99.99">
		<redirect url="?action=admin;area=modsettings;sa=general">redirect.txt</redirect>
		<readme parsebbc="true">readme.txt</readme>
		<modification>install.xml</modification>
		<modification>languages.xml</modification>
	</install>

	<uninstall for="2.0 - 2.99.99">
		<modification type="file" reverse="true">install.xml</modification>
		<modification type="file" reverse="true">languages.xml</modification>
	</uninstall>
	
</package-info>
