<?xml version="1.0"?>
<!DOCTYPE package-info SYSTEM "http://www.simplemachines.org/xml/package-info">
<!-- - - - - - - - - - - - - - - - - - - - - - - - - - - - - - - - - - - - - - -
	ATTENTION: If you are trying to install this manually, you should try
	the package manager.  If it will not work for you, please take a look
	at the following for information on this format:
		http://mods.simplemachines.org/docs/manual-install.php
 - - - - - - - - - - - - - - - - - - - - - - - - - - - - - - - - - - - - - - -->

<package-info xmlns="http://www.simplemachines.org/xml/package-info" xmlns:smf="http://www.simplemachines.org/">
	<name>SA KB</name>
	<id>wdm2005:KB</id>
	<type>modification</type>
	<version>2.0</version>  
	
	<install for="2.0 - 2.0.99">
	<database type="file">install.php</database>
	<require-dir name="KB" destination="$sourcedir" />
	<require-file name="KB.template.php" destination="$themedir" />
	<require-file name="KBAdmin.template.php" destination="$themedir" />
	<require-file name="KB.english.php" destination="$languagedir" />
	<require-file name="KB.english-utf8.php" destination="$languagedir" />
	<require-file name="kb_feed.png" destination="$imagesdir" />
	<require-file name="noimg.png" destination="$imagesdir" />
	<require-dir name="sa_kb" destination="$themedir/scripts" />
	<require-dir name="articles" destination="$boarddir" />
	<modification format="xml" type="file">install.xml</modification>
    </install>
	
	<uninstall for="2.0 - 2.0.99">
	<code>remove_hooks.php</code>
	<modification format="xml" type="file" reverse="true">install.xml</modification>
	<remove-dir name="$sourcedir/KB" />
	<remove-file name="$themedir/KB.template.php" />
	<remove-file name="$themedir/KBAdmin.template.php" />
	<remove-file name="$languagedir/KB.english.php" />
	<remove-file name="$languagedir/KB.english-utf8.php" />
	<code>UnInstall.php</code>
	</uninstall>
</package-info>

