<?xml version="1.0"?>
<!DOCTYPE package-info SYSTEM "http://www.simplemachines.org/xml/package-info">
<!-- - - - - - - - - - - - - - - - - - - - - - - - - - - - - - - - - - - - - - -
	ATTENTION: If you are trying to install this manually, you should try
	the package manager.  If it will not work for you, please take a look
	at the following for information on this format:
		http://mods.simplemachines.org/docs/manual-install.php
 - - - - - - - - - - - - - - - - - - - - - - - - - - - - - - - - - - - - - - -->

<package-info xmlns="http://www.simplemachines.org/xml/package-info" xmlns:smf="http://www.simplemachines.org/">
    <id>daniel15:SMFShop</id>
    <name>SMFShop</name>
    <version>3.2</version>
    <type>modification</type>
    <install for="1.0 RC2, 1.0, 1.0.1-1.0.99">
		<readme type="inline">SMFShop no longer supports versions of SMF lower than SMF 1.1. It's just too hard to maintain a MOD this large and ensure it installs on both SMF 1.0 and SMF 1.1. You may try installing it manually, but I will not be held responsible if anything bad happens. Thanks, Daniel15</readme>
    </install>

    <install for="1.1 RC2, 1.1 RC3, 1.1, 1.1.1-1.1.99">
        <readme parsebbc="true">readme.txt</readme>
		
        <!-- The code to edit the database -->
        <code>installScript.php</code>
		
		<!-- Files to copy over -->
	<require-dir name="shop" destination="$sourcedir" />
        <require-file name="Shop.english.php" destination="$languagedir" />
        <require-file name="Shop.english-utf8.php" destination="$languagedir" />
        <require-file name="ShopAdmin.template.php" destination="$themedir" />
        <require-file name="Shop.template.php" destination="$themedir" />
        
        <!-- Modifications to the SMF files -->
        <modification format="xml" type="file">install_SMF1-1.xml</modification>
    </install>
	
	<uninstall for="1.1 RC2, 1.1 RC3, 1.1, 1.1.1-1.1.99">
		<modification type="file" reverse="true">install_SMF1-1.xml</modification>
	
		<remove-file name="$languagedir/Shop.english.php" />
		<remove-file name="$languagedir/Shop.english-utf8.php" />
		<remove-file name="$themedir/ShopAdmin.template.php" />
		<remove-file name="$themedir/Shop.template.php" />
	</uninstall>
	
	<install>
		<readme type="inline">Sorry, your SMF version isn't supported by SMFShop! Please visit http://www.smfhacks.com/smfshop/ for more details.</readme>
	</install>

</package-info>

<!-- $Id: package-info.xml 82 2007-01-18 09:11:04Z daniel15 $ -->
