<?xml version="1.0"?>
<!DOCTYPE package-info SYSTEM "http://www.simplemachines.org/xml/package-info">
<package-info xmlns="http://www.simplemachines.org/xml/package-info" xmlns:smf="http://www.simplemachines.org/">
	<id>manix_10:PGS2</id>
	<name>Post Group Stars</name>
	<version>1.0</version>
	<type>modification</type>
	<install for="2.0 - 2.0.99">
		<readme type="file" parsebbc="true">readme.txt</readme>
		<modification>install.xml</modification>
	</install>
	<uninstall for="2.0 - 2.0.99">
		<modification reverse="true">install.xml</modification>
	</uninstall>	
</package-info>