<?xml version="1.0"?>
<!DOCTYPE modification SYSTEM "http://www.simplemachines.org/xml/modification">

<modification xmlns="http://www.simplemachines.org/xml/modification">
	<id>el:prettyurls</id>
	<version>2.5.1</version>

	<file name="$themedir/ManageBoards.template.php">
		<operation>
			<search position="replace"><![CDATA[
							<span class="modify_boards"><a href="', $scripturl, '?action=admin;area=manageboards;sa=board;boardid=', $board['id'], '">', $txt['mboards_modify'], '</a></span></span><br style="clear: right;" />
]]></search>
			<add><![CDATA[
							<span class="modify_boards"><a href="', $scripturl, '?action=admin;area=manageboards;sa=board;boardid=', $board['id'], '">', $txt['mboards_modify'], '</a></span>
							', allowedTo('admin_forum') ? '<span class="modify_boards"><a href="' . $scripturl . '?action=admin;area=manageboards;sa=pretty;boardid=' . $board['id'] . '">' . $txt['pretty_urls'] . '</a></span>' : '', '</span><br style="clear: right;" />
]]></add>
		</operation>

		<operation>
			<search position="end"></search>
			<add><![CDATA[
//	Interface to manage a board's Pretty URLs
function template_pretty_board_url()
{
	global $context, $scripturl, $txt;

	//	Core really, really sucks.
	echo '
<table align="center" cellspacing="1" cellpadding="4" class="bordercolor" style="border: 0; min-width: 650px; width: 50%;">
	<tr class="titlebg"><th>', $context['pretty']['board_title'], '</th></tr>
	<tr class="windowbg2"><td>';

	//	Is something wrong?
	if (isset($context['pretty']['warning']))
		echo '
		<p><strong>', $context['pretty']['warning'], '</strong></p>';

	echo '
		<ul>';

	//	List out the URLs
	foreach ($context['pretty']['this_board'] as $url)
	{
		echo '
			<li>', $url['url'], ' ';

		if ($url['primary'])
			echo '<b>', $txt['pretty_primary_url'], '</b>';
		else
			echo '<a href="', $scripturl, '?action=admin;area=manageboards;sa=pretty;boardid=', $_REQUEST['boardid'], ';do=primary;url=', $url['url'], '">', $txt['pretty_make_primary'], '</a>';

		echo ' <a href="', $scripturl, '?action=admin;area=manageboards;sa=pretty;boardid=', $_REQUEST['boardid'], ';do=delete;url=', $url['url'], '">', $txt['delete'], '</a></li>';
	}

	echo '
		</ul>
		<form action="', $scripturl, '?action=admin;area=manageboards;sa=pretty;boardid=', $_REQUEST['boardid'], '" method="post" accept-charset="', $context['character_set'], '">
			<p><label for="pretty_add_url">', $txt['pretty_add_url_description'], '</label>
			<input type="text" style="width: 150px;" value="" name="add" id="pretty_add_url" /></p>
			<p><input type="submit" value="', $txt['pretty_add_url'], '" name="submit" /></p>
		</form>
	</td></tr>
</table>';
}
]]></add>
		</operation>
	</file>

</modification>
