﻿<?xml version="1.0"?>
<!DOCTYPE modification SYSTEM "http://www.simplemachines.org/xml/modification">
<modification xmlns="http://www.simplemachines.org/xml/modification" xmlns:smf="http://www.simplemachines.org/">
	<id>4kstore:AttentionLockedTopic</id>
	<version>1.0</version>

	<file name="$languagedir/Modifications.english.php">
		<operation>
			<search position="end" />
			<add><![CDATA[
			$txt['attentionlockedtopic'] = 'This Topic is locked';
			]]></add>
		</operation>
	</file>
	
	<file name="$languagedir/Modifications.english-utf8.php" error="skip">
		<operation>
			<search position="end" />
			<add><![CDATA[
			$txt['attentionlockedtopic'] = 'This Topic is locked';
			]]></add>
		</operation>
	</file>
	
	<file name="$languagedir/Modifications.english_british-utf8.php" error="skip">
		<operation>
			<search position="end" />
			<add><![CDATA[
			$txt['attentionlockedtopic'] = 'This Topic is locked';
			]]></add>
		</operation>
	</file>

	<file name="$languagedir/Modifications.english_british.php" error="skip">
		<operation>
			<search position="end" />
			<add><![CDATA[
			$txt['attentionlockedtopic'] = 'This Topic is locked';
			]]></add>
		</operation>
	</file>
	
	<file name="$languagedir/Modifications.spanish_latin.php" error="skip">
		<operation>
			<search position="end" />
			<add><![CDATA[
			$txt['attentionlockedtopic'] = 'Este tema esta cerrado';
			]]></add>
		</operation>
	</file>
	
	<file name="$languagedir/Modifications.spanish_latin-utf8.php" error="skip">
		<operation>
			<search position="end" />
			<add><![CDATA[
			$txt['attentionlockedtopic'] = 'Este tema esta cerrado';
			]]></add>
		</operation>
	</file>
	
	<file name="$languagedir/Modifications.spanish_es.php" error="skip">
		<operation>
			<search position="end" />
			<add><![CDATA[
			$txt['attentionlockedtopic'] = 'Este tema esta cerrado';
			]]></add>
		</operation>
	</file>

	<file name="$languagedir/Modifications.spanish_es-utf8.php" error="skip">
		<operation>
			<search position="end" />
			<add><![CDATA[
			$txt['attentionlockedtopic'] = 'Este tema esta cerrado';
			]]></add>
		</operation>
	</file>
	
	
</modification>