<?xml version="1.0"?>
<!DOCTYPE package-info SYSTEM "http://www.simplemachines.org/xml/package-info">

<package-info xmlns="http://www.simplemachines.org/xml/package-info" xmlns:smf="http://www.simplemachines.org/">
	<id>vbgamer45:quickban</id>
	<name>Quick Ban on Account Delete</name>
	<type>modification</type>
	<version>1.1</version>

	<install for="1.1 - 1.1.99,1.1 RC3">
		<modification type="file">quickban.xml</modification>
	
	</install>

	<uninstall for="1.1 - 1.1.99,1.1 RC3">
		<modification type="file" reverse="true">quickban.xml</modification>
		<code>UnInstall.php</code>
	</uninstall>
	
	
	<install for="2.0 - 2.0.99,2.0 RC2, 2.0 RC3, 2.0 RC4, 2.0 RC4, 2.0 RC5">
		<modification type="file">quickban2.xml</modification>
	</install>
	<uninstall for="2.0 - 2.0.99,2.0 RC2, 2.0 RC3, 2.0 RC4, 2.0 RC5">
		<modification type="file" reverse="true">quickban2.xml</modification>
		<code>UnInstall.php</code>
	</uninstall>


	<install for="2.1 - 2.1.99">
		<modification type="file">quickban2.1.xml</modification>
	</install>
	<uninstall for="2.1 - 2.1.99">
		<modification type="file" reverse="true">quickban2.1.xml</modification>
		<code>UnInstall.php</code>
	</uninstall>
</package-info>