<?xml version="1.0"?>
<!DOCTYPE modification SYSTEM "http://www.simplemachines.org/xml/modification">
<modification xmlns="http://www.simplemachines.org/xml/modification" xmlns:smf="http://www.simplemachines.org/">
<id>vbgamer45:noprofiledit</id>
<version>1.0</version>

<file name="$themedir/Profile.template.php">
	<operation>
	<search position="replace"><![CDATA[if ($context['can_delete_posts'])
			echo '
						<tr>
							<td colspan="2" align="center">
								', $txt['deleteAccount_posts'], ': <select name="remove_type">
									<option value="none">', $txt['deleteAccount_none'], '</option>
									<option value="posts">', $txt['deleteAccount_all_posts'], '</option>
									<option value="topics">', $txt['deleteAccount_topics'], '</option>
								</select>
							</td>
						</tr>';

		echo '
						<tr>
							<td colspan="2" align="center">
								<label for="deleteAccount"><input type="checkbox" name="deleteAccount" id="deleteAccount" value="1" class="check" onclick="if (this.checked) return confirm(\'', $txt['deleteAccount_confirm'], '\');" /> ', $txt['deleteAccount_member'], '.</label>
							</td>
						</tr>]]>
	</search>
	<add><![CDATA[if ($context['can_delete_posts'])
			echo '
						<tr>
							<td colspan="2" align="center">
								', $txt['deleteAccount_posts'], ': <select name="remove_type">
									<option value="topics">', $txt['deleteAccount_topics'], '</option>
									<option value="none">', $txt['deleteAccount_none'], '</option>
									<option value="posts">', $txt['deleteAccount_all_posts'], '</option>
									
								</select>
							</td>
						</tr>';

	global $modSettings, $context;
		echo '
			<tr>
				<td colspan="2" align="center">
				<input type="checkbox" name="full_ban" id="full_ban" value="1" checked="checked" />&nbsp;&nbsp;<label for="full_ban">', $txt['ban_full_ban'], '</label><br />
				</td>
			</tr>
';
	if (!empty($context['ban_suggestions']))
	{
		echo '
						<tr>
							<th align="right" valign="top">', $txt['ban_triggers'], ':</th>
							<td>
								<table cellpadding="4">
									<tr>
										<td valign="bottom"><input type="checkbox" name="ban_suggestion[]" id="main_ip_check" value="main_ip" class="check" /></td>
										<td align="left" valign="top">
											', $txt['ban_on_ip'], ':<br />
											<input type="text" name="main_ip" value="', $context['ban_suggestions']['main_ip'], '" size="50" onfocus="document.getElementById(\'main_ip_check\').checked = true;" />
										</td>
									</tr><tr>';
		if (empty($modSettings['disableHostnameLookup']))
			echo '
										<td valign="bottom"><input type="checkbox" name="ban_suggestion[]" id="hostname_check" value="hostname" class="check" /></td>
										<td align="left" valign="top">
											', $txt['ban_on_hostname'], ':<br />
											<input type="text" name="hostname" value="', $context['ban_suggestions']['hostname'], '" size="50" onfocus="document.getElementById(\'hostname_check\').checked = true;" />
										</td>
									</tr><tr>';
		echo '
										<td valign="bottom"><input type="checkbox" name="ban_suggestion[]" id="email_check" value="email" class="check" /></td>
										<td align="left" valign="top">
											', $txt['ban_on_email'], ':<br />
											<input type="text" name="email" value="', $context['ban_suggestions']['email'], '" size="50" onfocus="document.getElementById(\'email_check\').checked = true;" />
										</td>
									</tr><tr>
										<td valign="bottom"><input type="checkbox" name="ban_suggestion[]" id="user_check" value="user" class="check" /></td>
										<td align="left" valign="top">
											', $txt['ban_on_username'], ':<br />';
		if (empty($context['ban_suggestions']['member']['id']))
			echo '
											<input type="text" name="user" id="user" value="" size="40" onfocus="document.getElementById(\'user_check\').checked = true;" />&nbsp;<a href="', $scripturl, '?action=findmember;input=user;sesc=', $context['session_id'], '" onclick="return reqWin(this.href, 350, 400);"><img src="', $settings['images_url'], '/icons/assist.gif" alt="', $txt['find_members'], '" /></a>';
		else
			echo '
											', $context['ban_suggestions']['member']['link'], '
											<input type="hidden" name="bannedUser" value="', $context['ban_suggestions']['member']['id'], '" />';
		echo '
										</td>
									</tr>';
		if (!empty($context['ban_suggestions']['message_ips']))
		{
			echo '
									<tr>
										<th align="left" colspan="2"><br />', $txt['ips_in_messages'], ':</th>
									</tr>';
			foreach ($context['ban_suggestions']['message_ips'] as $ip)
				echo '
									<tr>
										<td><input type="checkbox" name="ban_suggestion[ips][]" value="', $ip, '" class="check" /></td>
										<td align="left">', $ip, '</td>
									</tr>';
		}
		if (!empty($context['ban_suggestions']['error_ips']))
		{
			echo '
									<tr>
										<th align="left" colspan="2"><br />', $txt['ips_in_errors'], ':</th>
									</tr>';
			foreach ($context['ban_suggestions']['error_ips'] as $ip)
				echo '
									<tr>
										<td><input type="checkbox" name="ban_suggestion[ips][]" value="', $ip, '" class="check" /></td>
										<td align="left">', $ip, '</td>
									</tr>';
		}
		echo '
								</table>
							</td>
						</tr>';
	}
	echo '
			
		
						<tr>
							<td colspan="2" align="center">
								<label for="deleteAccount"><input type="checkbox" name="deleteAccount" id="deleteAccount" value="1" class="check"  /> ', $txt['deleteAccount_member'], '.</label>
							</td>
						</tr>
	]]>
	</add>
	</operation>

</file>



<file name="$sourcedir/Profile.php">
	<operation>
	<search position="replace"><![CDATA[// Now, have you been naughty and need your posts deleting?]]>
	</search>
	<add><![CDATA[
	
	// Quick Ban Code
	if (allowedTo('admin_forum') && isset($_REQUEST['full_ban']))
	{
		global $db_prefix, $sourcedir, $scripturl;
		include_once($sourcedir . "/ManageBans.php");
		
		$_POST['full_ban'] = 1;
		
		// Create ban name
		$request = db_query("
					SELECT memberName
					FROM {$db_prefix}members
					WHERE ID_MEMBER = $memID
			LIMIT 1", __FILE__, __LINE__);
		$userRow = mysql_fetch_assoc($request);
		
		mysql_free_result($request);
		$_POST['user'] = $userRow['memberName'];
		$_POST['ban_name'] = $_POST['user'] . date("d-m-Y");
		$addBan = true;
		if (empty($_POST['ban_name']))
			fatal_error($txt['ban_name_empty'], false);
		// Check whether a ban with this name already exists.
		$request = db_query("
			SELECT ID_BAN_GROUP
			FROM {$db_prefix}ban_groups
			WHERE name = '$_POST[ban_name]'" . ($addBan ? '' : "
				AND ID_BAN_GROUP != $_REQUEST[bg]") . "
			LIMIT 1", __FILE__, __LINE__);
		// !!! Separate the sprintf?
		if (mysql_num_rows($request) == 1)
			fatal_error(sprintf($txt['ban_name_exists'], $_POST['ban_name']), false);
		mysql_free_result($request);

		$_POST['reason'] = '';
		$_POST['notes'] = '';
		$_POST['notes'] = str_replace(array("\r", "\n", '  '), array('', '<br />', '&nbsp; '), $_POST['notes']);
		$_POST['expiration'] = $_POST['expiration'] == 'never' ? 'NULL' : ($_POST['expiration'] == 'expired' ? '0' : ($_POST['expire_date'] != $_POST['old_expire'] ? time() + 24 * 60 * 60 * (int) $_POST['expire_date'] : 'expire_time'));
		$_POST['full_ban'] = empty($_POST['full_ban']) ? '0' : '1';
		$_POST['cannot_post'] = !empty($_POST['full_ban']) || empty($_POST['cannot_post']) ? '0' : '1';
		$_POST['cannot_register'] = !empty($_POST['full_ban']) || empty($_POST['cannot_register']) ? '0' : '1';
		$_POST['cannot_login'] = !empty($_POST['full_ban']) || empty($_POST['cannot_login']) ? '0' : '1';

		if ($addBan)
		{
			// Adding some ban triggers?
			if ($addBan && !empty($_POST['ban_suggestion']) && is_array($_POST['ban_suggestion']))
			{
				$ban_triggers = array();
				if (in_array('main_ip', $_POST['ban_suggestion']) && !empty($_POST['main_ip']))
				{
					$ip_parts = ip2range($_POST['main_ip']);
					if (count($ip_parts) != 4)
						fatal_lang_error('invalid_ip', false);

						$ban_triggers[] = $ip_parts[0]['low'] . ', ' . $ip_parts[0]['high'] . ', ' . $ip_parts[1]['low'] . ', ' . $ip_parts[1]['high'] . ', ' . $ip_parts[2]['low'] . ', ' . $ip_parts[2]['high'] . ', ' . $ip_parts[3]['low'] . ', ' . $ip_parts[3]['high'] . ", '', '', 0";
				}
				if (in_array('hostname', $_POST['ban_suggestion']) && !empty($_POST['hostname']))
				{
					if (preg_match("/[^\w.\-*]/", $_POST['hostname']) == 1)
						fatal_lang_error('invalid_hostname', false);

					// Replace the * wildcard by a MySQL wildcard %.
					$_POST['hostname'] = str_replace('*', '%', $_POST['hostname']);

					$ban_triggers[] = "0, 0, 0, 0, 0, 0, 0, 0, '" . substr($_POST['hostname'], 0, 255) . "', '', 0";
				}
				if (in_array('email', $_POST['ban_suggestion']) && !empty($_POST['email']))
				{
					if (preg_match("/[^\w.\-*@]/", $_POST['email']) == 1)
						fatal_lang_error('invalid_email', false);
					$_POST['email'] = strtolower(str_replace('*', '%', $_POST['email']));

					$ban_triggers[] = "0, 0, 0, 0, 0, 0, 0, 0, '', '" . substr($_POST['email'], 0, 255) . "', 0";
				}
				if (in_array('user', $_POST['ban_suggestion']) && (!empty($_POST['bannedUser']) || !empty($_POST['user'])))
				{
					// We got a username, let's find its ID.
					if (empty($_POST['bannedUser']))
					{
						$_POST['user'] = $func['htmlspecialchars']($_POST['user'], ENT_QUOTES);

						$request = db_query("
							SELECT ID_MEMBER, (ID_GROUP = 1 OR FIND_IN_SET(1, additionalGroups)) AS isAdmin
							FROM {$db_prefix}members
							WHERE memberName = '$_POST[user]' OR realName = '$_POST[user]'
							LIMIT 1", __FILE__, __LINE__);
						if (mysql_num_rows($request) == 0)
							fatal_lang_error('invalid_username', false);
						list ($_POST['bannedUser'], $isAdmin) = mysql_fetch_row($request);
						mysql_free_result($request);

						if ($isAdmin)
							fatal_lang_error('no_ban_admin');
					}

					$ban_triggers[] = "0, 0, 0, 0, 0, 0, 0, 0, '', '', " . (int) $_POST['bannedUser'];
				}

				if (!empty($_POST['ban_suggestion']['ips']) && is_array($_POST['ban_suggestion']['ips']))
				{
					$_POST['ban_suggestion']['ips'] = array_unique($_POST['ban_suggestion']['ips']);

					// Don't add the main IP again.
					if (in_array('main_ip', $_POST['ban_suggestion']))
						$_POST['ban_suggestion']['ips'] = array_diff($_POST['ban_suggestion']['ips'], array($_POST['main_ip']));
					foreach ($_POST['ban_suggestion']['ips'] as $ip)
					{
						$ip_parts = ip2range($ip);

						// They should be alright, but just to be sure...
						if (count($ip_parts) != 4)
							fatal_lang_error('invalid_ip', false);

						$ban_triggers[] = $ip_parts[0]['low'] . ', ' . $ip_parts[0]['high'] . ', ' . $ip_parts[1]['low'] . ', ' . $ip_parts[1]['high'] . ', ' . $ip_parts[2]['low'] . ', ' . $ip_parts[2]['high'] . ', ' . $ip_parts[3]['low'] . ', ' . $ip_parts[3]['high'] . ", '', '', 0";
					}
				}
			}

			// Yes yes, we're ready to add now.
			db_query("
				INSERT INTO {$db_prefix}ban_groups
					(name, ban_time, expire_time, cannot_access, cannot_register, cannot_post, cannot_login, reason, notes)
				VALUES
					(SUBSTRING('$_POST[ban_name]', 1, 20), " . time() . ", $_POST[expiration], $_POST[full_ban], $_POST[cannot_register], $_POST[cannot_post], $_POST[cannot_login], SUBSTRING('$_POST[reason]', 1, 255), SUBSTRING('$_POST[notes]', 1, 65534))", __FILE__, __LINE__);
			$_REQUEST['bg'] = db_insert_id();

			// Now that the ban group is added, add some triggers as well.
			if (!empty($ban_triggers) && !empty($_REQUEST['bg']))
				db_query("
					INSERT INTO {$db_prefix}ban_items
						(ID_BAN_GROUP, ip_low1, ip_high1, ip_low2, ip_high2, ip_low3, ip_high3, ip_low4, ip_high4, hostname, email_address, ID_MEMBER)
					VALUES ($_REQUEST[bg], " . implode("), ($_REQUEST[bg], ", $ban_triggers) . ')', __FILE__, __LINE__);

		}
	}
		
		// Now, have you been naughty and need your posts deleting?
	]]>
	</add>
	</operation>
</file>	

<file name="$sourcedir/Profile.php">
	<operation>
	<search position="replace"><![CDATA[// Permissions for removing stuff...]]>
	</search>
	<add><![CDATA[
		global $db_prefix, $sourcedir, $scripturl;
		include_once($sourcedir . "/ManageBans.php");
		loadlanguage("Admin");
		
		$request = db_query("
				SELECT ID_MEMBER, realName, memberIP, emailAddress
				FROM {$db_prefix}members
				WHERE ID_MEMBER = " . (int) $memID . "
				LIMIT 1", __FILE__, __LINE__);
			if (mysql_num_rows($request) > 0)
			{
				list ($context['ban_suggestions']['member']['id'], $context['ban_suggestions']['member']['name'], $context['ban_suggestions']['main_ip'], $context['ban_suggestions']['email']) = mysql_fetch_row($request);
			}
			mysql_free_result($request);

			if (!empty($context['ban_suggestions']['member']['id']))
			{
				$context['ban_suggestions']['href'] = $scripturl . '?action=profile;u=' . $context['ban_suggestions']['member']['id'];
				$context['ban_suggestions']['member']['link'] = '<a href="' . $context['ban_suggestions']['href'] . '">' . $context['ban_suggestions']['member']['name'] . '</a>';

				// Default the ban name to the name of the banned member.
				$context['ban']['name'] = $context['ban_suggestions']['member']['name'];

				// Would be nice if we could also ban the hostname.
				if (preg_match('/^\d{1,3}\.\d{1,3}\.\d{1,3}\.\d{1,3}$/', $context['ban_suggestions']['main_ip']) == 1 && empty($modSettings['disableHostnameLookup']))
					$context['ban_suggestions']['hostname'] = host_from_ip($context['ban_suggestions']['main_ip']);

				// Find some additional IP's used by this member.
				$context['ban_suggestions']['message_ips'] = array();
				$request = db_query("
					SELECT DISTINCT posterIP
					FROM {$db_prefix}messages
					WHERE ID_MEMBER = " . (int) $memID . "
						AND posterIP RLIKE '^[0-9]{1,3}\.[0-9]{1,3}\.[0-9]{1,3}\.[0-9]{1,3}$'
					ORDER BY posterIP", __FILE__, __LINE__);
				while ($row = mysql_fetch_assoc($request))
					$context['ban_suggestions']['message_ips'][] = $row['posterIP'];
				mysql_free_result($request);

				$context['ban_suggestions']['error_ips'] = array();
				$request = db_query("
					SELECT DISTINCT ip
					FROM {$db_prefix}log_errors
					WHERE ID_MEMBER = " . (int) $memID . "
						AND ip RLIKE '^[0-9]{1,3}\.[0-9]{1,3}\.[0-9]{1,3}\.[0-9]{1,3}$'
					ORDER BY ip", __FILE__, __LINE__);
				while ($row = mysql_fetch_assoc($request))
					$context['ban_suggestions']['error_ips'][] = $row['ip'];
				mysql_free_result($request);

		}
	// Permissions for removing stuff...
	]]>
	</add>
	</operation>
</file>

</modification>