<?xml version="1.0"?>
<!DOCTYPE package-info SYSTEM "http://www.simplemachines.org/xml/package-info">
<package-info xmlns="http://www.simplemachines.org/xml/package-info" xmlns:smf="http://www.simplemachines.org/">
	<id>4kstore:SMFSimple_Rewards_System</id>
	<name>SMFSimple Rewards System</name>
	<version>3.0</version>
	<type>modification</type>	
	<install for="2.0 - 2.0.99">
		<redirect url="?action=admin;area=rewardPoints">redirect.txt</redirect>		
		<modification>install.xml</modification>
		<modification>languages.xml</modification>
		<require-file name="sources/SsrsHooks.php" destination="$sourcedir" />
		<require-file name="sources/SsrsPoints.php" destination="$sourcedir" />
		<require-file name="default/SsrsPoints.template.php" destination="$themedir" />	
		<require-dir name="default/languages" destination="$themedir" />
		<require-dir name="default/scripts" destination="$themedir" />
		<require-dir name="default/css" destination="$themedir" />
		<require-dir name="default/images" destination="$themedir" />		
		<code>install_db.php</code>
		<code>hooks.php</code>
	</install>
	<uninstall for="2.0 - 2.0.99">
		<modification type="file" reverse="true">install.xml</modification>	
		<modification type="file" reverse="true">languages.xml</modification>	
		<remove-file name="$sourcedir/SsrsPoints.php" />
		<remove-file name="$sourcedir/SsrsHooks.php" />
		<remove-file name="$themedir/SsrsPoints.template.php" />
		<remove-file name="$themedir/css/SSRS_style.css" />			
		<remove-file name="$themedir/scripts/ssrs.js" />			
		<remove-dir name="$themedir/images/SSRS_images" />
		<!--Language Files-->
		<remove-file name="$languagedir/Ssrs.english.php" />
		<remove-file name="$languagedir/Ssrs.spanish_latin.php" />
		<remove-file name="$languagedir/Ssrs.spanish_es.php" />
		<remove-file name="$languagedir/Ssrs.spanish_latin-utf8.php" />
		<remove-file name="$languagedir/Ssrs.spanish_es-utf8.php" />
		<code>hooks.php</code>
	</uninstall>
</package-info>

