<?xml version="1.0"?>
<!DOCTYPE modification SYSTEM "http://www.simplemachines.org/xml/modification">
<modification xmlns="http://www.simplemachines.org/xml/modification" xmlns:smf="http://www.simplemachines.org/">
<id>vbgamer45:ezportal</id>
<version>0.2</version>
<file name="$languagedir/Modifications.english.php">
	<operation>
		<search position="end" />
		<add><![CDATA[
// Begin EzPortal Text Strings
$txt['ezp_forum_tab'] = 'Forum';
$txt['ezportal_admin'] = 'EzPortal';
$txt['ezportal_settings'] = 'Settings';
$txt['ezportal_block_manager'] = 'ezBlock Manager';
$txt['ezportal_page_manager'] = 'Page Manager';

$txt['ezp_settings'] = 'Settings';
$txt['ezp_modules'] = 'Modules';
$txt['ezp_blocks'] = 'ezBlocks';
$txt['ezp_pagemanager'] = 'Page Manager';
$txt['ezp_import'] = 'Import';
$txt['ezp_txt_ordercopyright'] = 'Order Copyright Removal';
$txt['ezp_download_blocks'] = 'Download ezBlocks';
$txt['ezp_installed_blocks'] = 'Installed ezBlocks';
$txt['ezp_txt_copyrightremoval'] = 'Copyright Removal';
$txt['ezp_credits'] = 'Credits';

// Permissions
$txt['permissiongroup_ezportal'] = 'EzPortal';
$txt['permissiongroup_simple_ezportal'] = 'Use EzPortal';

$txt['permissionname_ezportal_page'] = 'Manage Pages';
$txt['permissionhelp_ezportal_page'] = 'Allows adding,editing,and deleting of pages.';
$txt['cannot_ezportal_page'] = 'You are not allowed to manage EzPortal pages.';

$txt['permissionname_ezportal_blocks'] = 'Manage ezBlocks';
$txt['permissionhelp_ezportal_blocks'] = 'Allows adding,editing,and deleting of ezBlocks.';
$txt['cannot_ezportal_blocks'] = 'You are not allowed to manage ezBlocks.';


$txt['permissionname_ezportal_manage'] = 'Admin EzPortal';
$txt['permissionhelp_ezportal_manage'] = 'Allows full control of EzPortal';
$txt['cannot_ezportal_manage'] = 'You are not allowed to manage EzPortal.';

// END EzPortal Text Strings			
]]></add>
	</operation>
</file>

<file name="$languagedir/Modifications.english-utf8.php" error="skip">
	<operation>
		<search position="end" />
		<add><![CDATA[
// Begin EzPortal Text Strings
$txt['ezp_forum_tab'] = 'Forum';
$txt['ezportal_admin'] = 'EzPortal';
$txt['ezportal_settings'] = 'Settings';
$txt['ezportal_block_manager'] = 'ezBlock Manager';
$txt['ezportal_page_manager'] = 'Page Manager';

$txt['ezp_settings'] = 'Settings';
$txt['ezp_modules'] = 'Modules';
$txt['ezp_blocks'] = 'ezBlocks';
$txt['ezp_pagemanager'] = 'Page Manager';
$txt['ezp_import'] = 'Import';
$txt['ezp_txt_ordercopyright'] = 'Order Copyright Removal';
$txt['ezp_download_blocks'] = 'Download ezBlocks';
$txt['ezp_installed_blocks'] = 'Installed ezBlocks';
$txt['ezp_txt_copyrightremoval'] = 'Copyright Removal';
$txt['ezp_credits'] = 'Credits';

// Permissions
$txt['permissiongroup_ezportal'] = 'EzPortal';
$txt['permissiongroup_simple_ezportal'] = 'Use EzPortal';

$txt['permissionname_ezportal_page'] = 'Manage Pages';
$txt['permissionhelp_ezportal_page'] = 'Allows adding,editing,and deleting of pages.';
$txt['cannot_ezportal_page'] = 'You are not allowed to manage EzPortal pages.';

$txt['permissionname_ezportal_blocks'] = 'Manage ezBlocks';
$txt['permissionhelp_ezportal_blocks'] = 'Allows adding,editing,and deleting of ezBlocks.';
$txt['cannot_ezportal_blocks'] = 'You are not allowed to manage ezBlocks.';


$txt['permissionname_ezportal_manage'] = 'Admin EzPortal';
$txt['permissionhelp_ezportal_manage'] = 'Allows full control of EzPortal';
$txt['cannot_ezportal_manage'] = 'You are not allowed to manage EzPortal.';

// END EzPortal Text Strings			
]]></add>
	</operation>
</file>

<file name="$languagedir/Who.english.php">
	<operation error="ignore">
		<search position="after"><![CDATA[?>]]></search>
		<add><![CDATA[
// Begin EzPortal
$txt['whoall_forum'] = 'Viewing the index of <a href="' . $scripturl . '">' . $context['forum_name'] . '</a>.';
// END EzPortal Strings			
]]></add>
	</operation>
</file>

<file name="$languagedir/Who.english-utf8.php" error="skip">
	<operation error="ignore">
		<search position="after"><![CDATA[?>]]></search>
		<add><![CDATA[
// Begin EzPortal
$txt['whoall_forum'] = 'Viewing the index of <a href="' . $scripturl . '">' . $context['forum_name'] . '</a>.';
// END EzPortal Strings			
]]></add>
	</operation>
</file>



<operation><file name="$boarddir/index.php">
	<operation>
		<search position="before"><![CDATA[
		'editpoll2' => array('Poll.php', 'EditPoll2'),]]></search>
		<add><![CDATA[
		'ezportal' => array('EzPortal2.php', 'EzPortalMain'),
		 'forum' => array('BoardIndex.php', 'BoardIndex'),
		]]></add>
	</operation>
	<operation>
		<search position="replace"><![CDATA[// Load the current theme.  (note that ?theme=1 will also work, may be used for guest theming.)
	loadTheme();]]></search>
		<add><![CDATA[// Load the current theme.  (note that ?theme=1 will also work, may be used for guest theming.)
	loadTheme();
	// Setup EzPortal
	require_once($sourcedir . '/EzPortal2.php');
	SetupEzPortal();
	
	]]></add>
	</operation>	
		<search position="replace"><![CDATA[// Action and board are both empty... BoardIndex!
		if (empty($board) && empty($topic))
		{
			require_once($sourcedir . '/BoardIndex.php');
			return 'BoardIndex';
		}
		// Topic is empty, and action is empty.... MessageIndex!]]></search>
		<add><![CDATA[
		// EzPortal
		global $ezpSettings;
		if ($ezpSettings['ezp_portal_enable'] == 1 && empty($board) && empty($topic))
		{


			    if (!empty($ezpSettings['ezp_disablemobiledevices']))
			    {

				    $user_agents = array(
						array('iPhone', 'iphone'),
						array('iPod', 'ipod'),
						array('PocketIE', 'iemobile'),
						array('Opera Mini', isset($_SERVER['HTTP_X_OPERAMINI_PHONE_UA'])),
						array('Opera Mobile', 'Opera Mobi'),
						array('Android', 'android'),
						array('Symbian', 'symbian'),
						array('BlackBerry', 'blackberry'),
						array('BlackBerry Storm', 'blackberry05'),
						array('Palm', 'palm'),
						array('Web OS', 'webos'),
					);

					foreach ($user_agents as $ua)
					{
						$string = $ua[1];
						if ((is_bool($string) && $string == true) || (strpos(strtolower($_SERVER['HTTP_USER_AGENT']), $string)))
						{
							require_once($sourcedir . '/BoardIndex.php');
							return 'BoardIndex';
						}

				}
			    }


					require_once($sourcedir . '/EzPortal2.php');
					return 'EzPortalForumHomePage';
		}
		
		// Action and board are both empty... BoardIndex!
		if (empty($board) && empty($topic))
		{
			require_once($sourcedir . '/BoardIndex.php');
			return 'BoardIndex';
			
		}
		// Topic is empty, and action is empty.... MessageIndex!
		

	
	]]></add>
	</operation>
	
	
</file>



<file name="$sourcedir/Admin.php">

	<operation>
		<search position="replace"><![CDATA['layout' => array(
			'title' => $txt['layout_controls'],]]></search>
		<add><![CDATA[
		'ezportal' => array(
			'title' => $txt['ezportal_admin'],
			'permission' => array('ezportal_page', 'ezportal_blocks', 'ezportal_manage'),
			'areas' => array(
				'ezpsettings' => array(
					'label' => $txt['ezportal_settings'],
					'file' => 'EzPortal2.php',
					'function' => 'EzPortalMain',
					'custom_url' => $scripturl . '?action=admin;area=ezpsettings;sa=settings;sesc=' . $sc,
					'icon' => 'server.gif',
					'permission' => array('ezportal_manage'),
					'subsections' => array(
						'settings' => array($txt['ezp_settings']),
						'modules' => array($txt['ezp_modules']),
						'import' => array($txt['ezp_import']),
						'copyright' => array($txt['ezp_txt_copyrightremoval']),
						'credits' => array($txt['ezp_credits']),
					),
				),
				'ezpblocks' => array(
					'label' => $txt['ezportal_block_manager'],
					'file' => 'EzPortal2.php',
					'function' => 'EzPortalMain',
					'custom_url' => $scripturl . '?action=admin;area=ezpblocks;sa=blocks;sesc=' . $sc,
					'icon' => 'server.gif',
					'permission' => array('ezportal_blocks', 'ezportal_manage'),
					'subsections' => array(
						'blocks' => array($txt['ezp_blocks']),
						'downloadblock' => array($txt['ezp_download_blocks']),
						'installedblocks' => array($txt['ezp_installed_blocks']),
					),
				),
				'ezppagemanager' => array(
					'label' => $txt['ezportal_page_manager'],
					'file' => 'EzPortal2.php',
					'function' => 'EzPortalMain',
					'custom_url' => $scripturl . '?action=admin;area=ezppagemanager;sa=pagemanager;sesc=' . $sc,
					'icon' => 'server.gif',
					'permission' => array('ezportal_page', 'ezportal_manage'),
					'subsections' => array(
						'pagemanager' => array($txt['ezp_pagemanager']),

					),
				),
			),
		),

		'layout' => array(
			'title' => $txt['layout_controls'],
				
]]></add>
	</operation>
</file>
<file name="$sourcedir/Subs.php">
	<operation>
		<search position="replace"><![CDATA[// Set up the menu privileges.]]></search>
		<add><![CDATA[
		
		// EzPortal
		global $ezpSettings;
		// Set up the menu privileges.
		
]]></add>
	</operation>
<operation>
		<search position="before"><![CDATA['home' => array(
				'title' => $txt['home'],
				'href' => $scripturl,
				'show' => true,
				'sub_buttons' => array(
				),
			),]]></search>
		<add><![CDATA[			// [Forum] button
			'forum' => array(
				'title' => $txt['ezp_forum_tab'],
				'href' => $scripturl . '?action=forum',
				'show' => ($ezpSettings['ezp_portal_enable'] == 1) ? 1 : 0,
				'icon' => '',
			),
]]></add>
	</operation>
	
	
	<operation>
		<search position="replace"><![CDATA[$context['allow_admin'] = allowedTo(array(]]></search>
	<add><![CDATA[$context['allow_admin'] = allowedTo(array('ezportal_manage','ezportal_blocks','ezportal_page', ]]></add>
	</operation>
	
</file>

<file name="$sourcedir/ManagePermissions.php">
	<operation>
		<search position="before"><![CDATA[	$groupLevels['global']['standard'] = array_merge($groupLevels['global']['restrict'], array(]]></search>
		<add><![CDATA[
		'ezportal_page',
		'ezportal_blocks',
		'ezportal_manage',]]></add>
	</operation>

	<operation>
		<search position="before"><![CDATA[	$permissionList = array(
		'membergroup' => array(]]></search>
		<add><![CDATA[
			'ezportal_page' => array(false, 'ezportal', 'ezportal'),
			'ezportal_blocks' => array(false, 'ezportal', 'ezportal'),
			'ezportal_manage' => array(false, 'ezportal', 'ezportal'),]]></add>
	</operation>
</file>


<file name="$sourcedir/Load.php">
	<operation error="ignore"> 
		<search position="replace"><![CDATA[// Set the top level linktree up.
	array_unshift($context['linktree'], array(
		'url' => $scripturl,
		'name' => $context['forum_name']
	));]]></search>
		<add><![CDATA[// Removed old link tree Part EzPortal]]></add>
	</operation>
	
	<operation  error="ignore">
			<search position="replace"><![CDATA[// Set the top level linktree up.
	array_unshift($context['linktree'], array(
		'url' => $scripturl,
		'name' => $context['forum_name_html_safe']
	));]]></search>
			<add><![CDATA[// Removed old link tree Part EzPortal]]></add>
	</operation>	
	
	<operation>
		<search position="replace"><![CDATA[// Compatibility.
	if (!isset($settings['theme_version']))
		$modSettings['memberCount'] = $modSettings['totalMembers'];]]></search>
		<add><![CDATA[
// Compatibility.
	if (!isset($settings['theme_version']))
		$modSettings['memberCount'] = $modSettings['totalMembers'];
				
// Set the top level linktree up.
   array_unshift($context['linktree'], array(
      'url' => $scripturl,
      'name' => $context['forum_name']
   ), array('url' => $scripturl . '?action=forum', 'name' => $txt['ezp_forum_tab']));]]></add>
	</operation>
</file>

<file name="$sourcedir/Admin.php">
	<operation>
		<search position="before"><![CDATA[// You have to be able to do at least one of the below to see this page.
	isAllowedTo(array(]]></search>
		<add><![CDATA['ezportal_page', 'ezportal_blocks', 'ezportal_manage',]]></add>
	</operation>
</file>


<file name="$sourcedir/BoardIndex.php">
	<operation>
		<search position="replace"><![CDATA[// Retrieve the categories and boards.]]></search>
		<add><![CDATA[
		
		
		// EzPortal
		if (isset($_REQUEST['action']))
		{
				if ($_REQUEST['action'] == 'forum')
				{
					$context['robot_no_index'] = false;	
				}					
		}
		// End Ezportal
		
		// Retrieve the categories and boards.
		
]]></add>
	</operation>
</file>

</modification>