<?xml version="1.0"?>
<!DOCTYPE package-info SYSTEM "http://www.simplemachines.org/xml/package-info">
<!-- - - - - - - - - - - - - - - - - - - - - - - - - - - - - - - - - - - - - - -
	ATTENTION: If you are trying to install this manually, you should try
	the package manager.  If it will not work for you, please take a look
	at the following for information on this format:
		http://mods.simplemachines.org/docs/manual-install.php
 - - - - - - - - - - - - - - - - - - - - - - - - - - - - - - - - - - - - - - -->

<package-info xmlns="http://www.simplemachines.org/xml/package-info" xmlns:smf="http://www.simplemachines.org/">
	<name>SA GPlus</name>
	<id>wdm2005:GPlus</id>
	<type>modification</type>
	<version>0.3 REV 9</version>  
	
	<install for="2.0 - 2.0.99">
	<code>install.php</code>
	<redirect url="?action=admin;area=gplus">redirect.txt</redirect>
	<require-dir name="GPlus" destination="$sourcedir" />
	<require-file name="GPlus.template.php" destination="$themedir" />
	<require-dir name="gplusauth" destination="$boarddir" />
	<require-file name="lang/GPlus.english.php" destination="$languagedir" />
	<require-file name="lang/GPlus.english-utf8.php" destination="$languagedir" />
    </install>
	
	<uninstall for="2.0 - 2.0.99">
	<code>remove_hooks.php</code>
	<remove-dir name="$boarddir/gplusauth" />
	<remove-dir name="$sourcedir/GPlus" />
	<remove-file name="$themedir/GPlus.template.php" />
	<remove-file name="$languagedir/GPlus.english.php" />
	<remove-file name="$languagedir/GPlus.english-utf8.php" />
	<code>UnInstall.php</code>
	</uninstall>
</package-info>

