<?xml version="1.0"?>
<!DOCTYPE package-info SYSTEM "http://www.simplemachines.org/xml/package-info">

<!-- - - - - - - - - - - - - - - - - - - - - - - - - - - - - - - - - - - - - - -
	ATTENTION: If you are trying to install this manually, you should try
	the package manager.  If it will not work for you, please take a look
	at the following for information on this format:
		http://mods.simplemachines.org/docs/manual-install.php
 - - - - - - - - - - - - - - - - - - - - - - - - - - - - - - - - - - - - - - -->

<package-info xmlns="http://www.simplemachines.org/xml/package-info">
	<id>el:prettyurls</id>
	<version>2.0</version>
	<name>Pretty URLs</name>
	<type>modification</type>

	<install for="1.1, 1.1.0-1.1.99">
		<readme parsebbc="true">readme-install.bbc</readme>
		<modification>SMF1-1/Sources.xml</modification>
		<modification>SMF1-1/BoardsAndTopics.xml</modification>
		<modification>SMF1-1/Themes.xml</modification>
		<modification>Languages.xml</modification>
		<require-file name="SMF1-1/PrettyUrls.php" destination="$sourcedir" />
		<require-file name="SMF1-1/PrettyUrls-Filters.php" destination="$sourcedir" />
		<require-file name="PrettyUrls-Tests.php" destination="$sourcedir" />
		<require-file name="SMF1-1/Subs-PrettyUrls.php" destination="$sourcedir" />
		<require-file name="PrettyUrls.template.php" destination="$themedir" />
		<require-dir name="pretty" destination="$themedir" />
		<require-file name="PrettyUrls.english.php" destination="$languagedir" />
		<!-- <require-file name="PrettyUrls.french.php" destination="$languagedir" /> -->
		<code>SMF1-1/install.php</code>
	</install>
	<uninstall for="1.1, 1.1.0-1.1.99">
		<readme parsebbc="true">readme-uninstall.bbc</readme>
		<modification reverse="true">SMF1-1/Sources.xml</modification>
		<modification reverse="true">SMF1-1/BoardsAndTopics.xml</modification>
		<modification reverse="true">SMF1-1/Themes.xml</modification>
		<modification reverse="true">Languages.xml</modification>
		<remove-file name="$sourcedir/PrettyUrls.php" />
		<remove-file name="$sourcedir/PrettyUrls-Filters.php" />
		<remove-file name="$sourcedir/PrettyUrls-Tests.php" />
		<remove-file name="$sourcedir/Subs-PrettyUrls.php" />
		<remove-file name="$themedir/PrettyUrls.template.php" />
		<remove-dir name="$themedir/pretty" />
		<remove-file name="$languagedir/PrettyUrls.english.php" />
		<!-- <remove-file name="$languagedir/PrettyUrls.french.php" /> -->
		<code>uninstall.php</code>
	</uninstall>

	<install for="2.0 - 2.0.99,2.0 RC2, 2.0 RC3, 2.0 RC4, 2.0 RC4, 2.0 RC5">
		<readme parsebbc="true">readme-install.bbc</readme>
		<modification>SMF2-0/Sources.xml</modification>
		<modification>SMF2-0/BoardsAndTopics.xml</modification>
		<modification>SMF2-0/Themes.xml</modification>
		<modification>Languages.xml</modification>
		<require-file name="SMF2-0/PrettyUrls.php" destination="$sourcedir" />
		<require-file name="SMF2-0/PrettyUrls-Filters.php" destination="$sourcedir" />
		<require-file name="PrettyUrls-Tests.php" destination="$sourcedir" />
		<require-file name="SMF2-0/Subs-PrettyUrls.php" destination="$sourcedir" />
		<require-file name="PrettyUrls.template.php" destination="$themedir" />
		<require-dir name="pretty" destination="$themedir" />
		<require-file name="PrettyUrls.english.php" destination="$languagedir" />
		<!-- <require-file name="PrettyUrls.french.php" destination="$languagedir" /> -->
		<database>SMF2-0/install.php</database>
	</install>
	<uninstall for="2.0 - 2.0.99,2.0 RC2, 2.0 RC3, 2.0 RC4, 2.0 RC5">
		<readme parsebbc="true">readme-uninstall.bbc</readme>
		<modification reverse="true">SMF2-0/Sources.xml</modification>
		<modification reverse="true">SMF2-0/BoardsAndTopics.xml</modification>
		<modification reverse="true">SMF2-0/Themes.xml</modification>
		<modification reverse="true">Languages.xml</modification>
		<remove-file name="$sourcedir/PrettyUrls.php" />
		<remove-file name="$sourcedir/PrettyUrls-Filters.php" />
		<remove-file name="$sourcedir/PrettyUrls-Tests.php" />
		<remove-file name="$sourcedir/Subs-PrettyUrls.php" />
		<remove-file name="$themedir/PrettyUrls.template.php" />
		<remove-dir name="$themedir/pretty" />
		<remove-file name="$languagedir/PrettyUrls.english.php" />
		<!-- <remove-file name="$languagedir/PrettyUrls.french.php" /> -->
		<code>uninstall.php</code>
	</uninstall>

</package-info>
