<?xml version="1.0"?>
<!DOCTYPE package-info SYSTEM "http://www.simplemachines.org/xml/package-info">
<package-info xmlns="http://www.simplemachines.org/xml/package-info" xmlns:smf="http://www.simplemachines.org/">
	<id>vbgamer45:discordwebhooks</id>
	<name>Discord Web Hooks</name>
	<type>modification</type>
	<version>2.0.1</version>
	


	<upgrade from="all" for="2.0 - 2.0.99, 2.0 RC3, 2.0 RC4, 2.0 RC5">
		<redirect url="?action=admin;area=discord;sa=settings">redirect.txt</redirect>
		<readme>ReadMe.txt</readme>
		<require-file name="discord2.php" destination="$sourcedir" />
		<require-file name="discordhooks.php" destination="$sourcedir" />
		<require-file name="discord2.template.php" destination="$themedir" />
		<require-file name="discord.english.php" destination="$themedir/languages" />
		<require-file name="discord.english-utf8.php" destination="$themedir/languages" />
		<code>discordhooks.php</code>
		
		
	</upgrade>

	<install for="2.0 - 2.0.99, 2.0 RC3, 2.0 RC4, 2.0 RC5">
		<redirect url="?action=admin;area=discord;sa=settings">redirect.txt</redirect>
		<readme>ReadMe.txt</readme>
		<modification type="file">discord2.xml</modification>
		<require-file name="discord2.php" destination="$sourcedir" />
		<require-file name="discord2.template.php" destination="$themedir" />
		<require-file name="discord.english.php" destination="$themedir/languages" />
		<require-file name="discord.english-utf8.php" destination="$themedir/languages" />
		<require-file name="discordhooks.php" destination="$sourcedir" />
		<code>discordinstall2.php</code>
		
	</install>
	
	
	<uninstall for="2.0 - 2.0.99, 2.0 RC3, 2.0 RC4, 2.0 RC5">
		<remove-file name="$sourcedir/discord2.php" />
		<remove-file name="$themedir/discord2.template.php" />
		<remove-file name="$themedir/languages/discord.english.php" />
		<remove-file name="$themedir/languages/discord.english-utf8.php" />
		<remove-file name="$sourcedir/discordhooks.php"/>
		<modification type="file" reverse="true">discord2.xml</modification>
		<code>discordinstall2.php</code>
	</uninstall>
	


	
	
	
	
	<install for="2.1 - 2.1.99,2.1 RC2, 2.1 RC3, 2.1 RC4, 2.1 Beta 3, 2.1 RC1">
		<redirect url="?action=admin;area=discord;sa=settings">redirect.txt</redirect>
		<readme>ReadMe.txt</readme>
		<modification type="file">discord2.xml</modification>
		<require-file name="discord2.php" destination="$sourcedir" />
		<require-file name="discord2.template.php" destination="$themedir" />
		<require-file name="discord.english.php" destination="$themedir/languages" />
		<require-file name="discord.english-utf8.php" destination="$themedir/languages" />
		<require-file name="discordhooks.php" destination="$sourcedir" />
		<require-file name="discord.png" destination="$imagesdir/admin" />
		<code>discordinstall2.php</code>
		
	</install>
	
	
	<uninstall for="2.1 - 2.1.99,2.1 RC2, 2.1 RC3, 2.1 RC4, 2.1 Beta 3, 2.1 RC1">
		<remove-file name="$sourcedir/discord2.php" />
		<remove-file name="$themedir/discord2.template.php" />
		<remove-file name="$themedir/languages/discord.english.php" />
		<remove-file name="$themedir/languages/discord.english-utf8.php" />
		<remove-file name="$sourcedir/discordhooks.php"/>
		<modification type="file" reverse="true">discord2.xml</modification>
		<code>discordinstall2.php</code>
	</uninstall>
	
	
</package-info>