<?xml version="1.0"?>
<!DOCTYPE package-info SYSTEM "http://www.simplemachines.org/xml/package-info">
<!-- - - - - - - - - - - - - - - - - - - - - - - - - - - - - - - - - - - - - - -
	Package manifest file for IMG BBC Border Parameter

	ATTENTION: If you are trying to install this manually, you should try
	the package manager.  If it will not work for you, please take a look
	at the following for information on this format:
		http://mods.simplemachines.org/docs/manual-install.php

 - - - - - - - - - - - - - - - - - - - - - - - - - - - - - - - - - - - - - - -->

<package-info xmlns="http://www.simplemachines.org/xml/package-info" xmlns:smf="http://www.simplemachines.org/">

	<id>SMFModdersTeam:IMGBBCBorderParameter</id>
	<name>IMG BBC Border Parameter</name>
	<version>1.1</version>
	<type>modification</type>

	<install for="1.1.11, 1.1.12">
		<readme parsebbc="true">readme.txt</readme>
		<modification>img_bbc_border_parameter_1.1.xml</modification>
	</install>
	<uninstall for="2.0 RC3">
		<readme parsebbc="true">readme.txt</readme>
		<modification reverse="true">img_bbc_border_parameter_1.1.xml</modification>
	</uninstall>

	<install for="2.0 RC3">
		<readme parsebbc="true">readme.txt</readme>
		<modification>img_bbc_border_parameter_2.0.xml</modification>
	</install>
	<uninstall for="2.0 RC3">
		<readme parsebbc="true">readme.txt</readme>
		<modification reverse="true">img_bbc_border_parameter_2.0.xml</modification>
	</uninstall>

	<install for="2.0 RC4">
		<readme parsebbc="true">readme.txt</readme>
		<modification>img_bbc_border_parameter_2.0_rc4.xml</modification>
	</install>
	<uninstall for="2.0 RC4">
		<readme parsebbc="true">readme.txt</readme>
		<modification reverse="true">img_bbc_border_parameter_2.0_rc4.xml</modification>
	</uninstall>

</package-info>