<?xml version="1.0"?>
<!DOCTYPE package-info SYSTEM "http://www.simplemachines.org/xml/package-info">
<!-- - - - - - - - - - - - - - - - - - - - - - - - - - - - - - - - - - - - - - -
	ATTENTION: If you are trying to install this manually, you should try
	the package manager.  If it will not work for you, please take a look
	at the following for information on this format:
		http://mods.simplemachines.org/docs/manual-install.php
 - - - - - - - - - - - - - - - - - - - - - - - - - - - - - - - - - - - - - - -->

<package-info xmlns="http://www.simplemachines.org/xml/package-info" xmlns:smf="http://www.simplemachines.org/">
    <id>daniel15:SMFShop</id>
    <name>SMFShop</name>
    <version>3.3.1</version>
    <type>modification</type>

    <install for="2.0 - 2.0.99,2.0 RC2, 2.0 RC3, 2.0 RC4, 2.0 RC5">


	<!-- The code to edit the database -->
	<database type="file">install.php</database>

	<!-- Files to copy over -->
	<require-dir name="shop" destination="$sourcedir" />
	<require-file name="shop.gif" destination="$boarddir/Themes/default/images/english" />
	<require-file name="Shop.english.php" destination="$languagedir" />
	<require-file name="ShopAdmin.template.php" destination="$themedir" />
	<require-file name="Shop.template.php" destination="$themedir" />

		<!-- Modifications to the SMF files -->
		<modification format="xml" type="file">install_SMF2-0.xml</modification>
	</install>
	
	<uninstall for="2.0 - 2.0.99,2.0 RC2, 2.0 RC3, 2.0 RC4, 2.0 RC5">
		<modification type="file" reverse="true">install_SMF2-0.xml</modification>
		
		<remove-file name="$languagedir/Shop.english.php" />
		<remove-file name="$themedir/ShopAdmin.template.php" />
		<remove-file name="$themedir/Shop.template.php" />
		<code>UnInstall.php</code>
	</uninstall>
	
</package-info>
