﻿<?xml version="1.0"?>
<!DOCTYPE modification SYSTEM "http://www.simplemachines.org/xml/modification">
<modification xmlns="http://www.simplemachines.org/xml/modification" xmlns:smf="http://www.simplemachines.org/">
	<name>Copy Topics</name>
	<id>karlbenson:copytopics</id>
	<version>1.6</version>

<file name="$boarddir/index.php">
	<operation>
		<search position="after"><![CDATA[
		'deletemsg' => array('RemoveTopic.php', 'DeleteMessage'),
]]></search>
		<add><![CDATA[
		'copytopic' => array('CopyTopic.php', 'CopyTopic'),
		'copytopic2' => array('CopyTopic.php', 'CopyTopic2'),
]]></add>
	</operation>
</file>

<file name="$sourcedir/Subs-Boards.php">
	<operation>
		<search position="after"><![CDATA[
	// Only a few possible actions.
	$possibleActions = array('markread');
]]></search>
		<add><![CDATA[
	// Start of CopyTopics mod
	if (isset($_REQUEST['qaction']) && $_REQUEST['qaction'] == "copy")
	{	
		require_once($sourcedir . '/CopyTopic.php');
		CopyMultipleTopics();
		$redirect_url = isset($_POST['redirect_url']) ? $_POST['redirect_url'] : (isset($_SESSION['old_url']) ? $_SESSION['old_url'] : '');
		redirectexit($redirect_url);
		return;
	}
	// End of CopyTopics mod
]]></add>
	</operation>
</file>

<file name="$sourcedir/Display.php">
	<operation>
		<search position="before"><![CDATA[
		'can_split' => 'split_any',
]]></search>
		<add><![CDATA[
		'can_copy' => 'copy',
]]></add>
	</operation>
</file>

<file name="$sourcedir/ManagePermissions.php">
	<operation>
		<search position="before"><![CDATA[
		'send_mail',
]]></search>
		<add><![CDATA[
		'copy',
]]></add>
	</operation>
	<operation>
		<search position="before"><![CDATA[
				'move' => true,
]]></search>
		<add><![CDATA[
				'copy' => false,
]]></add>
	</operation>
</file>

<file name="$sourcedir/MessageIndex.php">
	<operation>
		<search position="before"><![CDATA[
		$context['can_merge'] = allowedTo('merge_any');
]]></search>
		<add><![CDATA[
		$context['can_copy'] = allowedTo('copy');
]]></add>
	</operation>
	<operation>
		<search position="before"><![CDATA[
				'move' => allowedTo('move_any') || ($started && allowedTo('move_own')),
]]></search>
		<add><![CDATA[
				'copy' => allowedTo('copy'),
]]></add>
	</operation>
</file>

<file name="$themedir/MessageIndex.template.php">	
	<operation>
		<search position="before"><![CDATA[
					if ($topic['quick_mod']['move'])
						echo '<a href="', $scripturl, '?action=movetopic;board=', $context['current_board'], '.', $context['start'], ';topic=', $topic['id'], '.0"><img src="', $settings['images_url'], '/icons/quick_move.gif" width="16" alt="', $txt[132], '" title="', $txt[132], '" /></a>';
]]></search>
		<add><![CDATA[
					if ($topic['quick_mod']['copy'])
						echo '<a href="', $scripturl, '?action=copytopic;board=', $context['current_board'], '.', $context['start'], ';topic=', $topic['id'], '.0"><img src="', $settings['images_url'], '/icons/quick_copy.gif" width="16" alt="', $txt['copytopic'], '" title="', $txt['copytopic'], '" /></a>';
]]></add>
	</operation>
	<operation>
		<search position="replace"><![CDATA[
					<select name="qaction"', $context['can_move'] ? ' onchange="this.form.moveItTo.disabled = (this.options[this.selectedIndex].value != \'move\');"' : '', '>
]]></search>
		<add><![CDATA[
					<select name="qaction"', ($context['can_move'] || $context['can_copy'])  ? ' onchange="this.form.moveItTo.disabled = (this.options[this.selectedIndex].value != \'move\' && this.options[this.selectedIndex].value != \'copy\' );"' : '', '>
]]></add>
	</operation>
	<operation>
		<search position="before"><![CDATA[
								', $context['can_merge'] ? '<option value="merge">' . $txt['quick_mod_merge'] . '</option>' : '', '
]]></search>
		<add><![CDATA[
								', $context['can_copy'] ? '<option value="copy">' . $txt['quick_mod_copy'] . '</option>' : '', '
]]></add>
	</operation>
	<operation>
		<search position="replace"><![CDATA[
			if ($context['can_move'])
			{
					echo '
							<select id="moveItTo" name="move_to" disabled="disabled">';
]]></search>
		<add><![CDATA[
			if ($context['can_move'] || $context['can_copy'])
			{
					echo '
							<select id="moveItTo" name="move_to" disabled="disabled">';
]]></add>
	</operation>
</file>

<file name="$themedir/Display.template.php">	
	<operation>
		<search position="before"><![CDATA[
		'move' => array('test' => 'can_move', 'text' => 132, 'image' => 'admin_move.gif', 'lang' => true, 'url' => $scripturl . '?action=movetopic;topic=' . $context['current_topic'] . '.0'),
]]></search>
		<add><![CDATA[
		'copy' => array('test' => 'can_copy', 'text' => 'copytopic', 'image' => 'admin_copy.gif', 'lang' => true, 'url' => $scripturl . '?action=copytopic;topic=' . $context['current_topic'] . '.0'),
]]></add>
	</operation>
</file>

<file name="$languagedir/Modifications.english.php">
<!--// Adds the language strings used by this modification //-->
	<operation>
		<search position="end" />
			<add><![CDATA[
$txt['copytopic_copyto'] = 'Copy to';
$txt['quick_mod_copy'] = 'Copy selected to';
$txt['copytopic'] = 'Copy Topic';
$txt['copytopics'] = 'Copy Topics';
$txt['cannot_copy'] = 'You do not have the permissions to allow you to copy a topic';
$txt['copytopic_noboards'] = 'There are no boards to copy this topic to!';
$txt['copytopic_notallowed'] = 'You are not allowed to copy topics to boards you cannot view!';
$txt['permissionname_copy'] = 'Copy Topic';
$txt['permissionhelp_copy'] = 'Copy a topic from one board to the other. Users can only select target boards they are allowed to access.';
$txt['copytopic_negativeseo'] = 'Be aware that there maybe a negative SEO effect by copying topics as it may get detected by Search Engines as duplicated content.';
]]></add>
	</operation>
</file>

<file name="$languagedir/Modifications.english-utf8.php" error="skip">
<!--// Adds the language strings used by this modification //-->
	<operation>
		<search position="end" />
			<add><![CDATA[
$txt['copytopic_copyto'] = 'Copy to';
$txt['quick_mod_copy'] = 'Copy selected to';
$txt['copytopic'] = 'Copy Topic';
$txt['copytopics'] = 'Copy Topics';
$txt['cannot_copy'] = 'You do not have the permissions to allow you to copy a topic';
$txt['copytopic_noboards'] = 'There are no boards to copy this topic to!';
$txt['copytopic_notallowed'] = 'You are not allowed to copy topics to boards you cannot view!';
$txt['permissionname_copy'] = 'Copy Topic';
$txt['permissionhelp_copy'] = 'Copy a topic from one board to the other. Users can only select target boards they are allowed to access.';
$txt['copytopic_negativeseo'] = 'Be aware that there maybe a negative SEO effect by copying topics as it may get detected by Search Engines as duplicated content.';
]]></add>
	</operation>
</file>

<file name="$languagedir/Modifications.english_british.php" error="skip">
<!--// Adds the language strings used by this modification //-->
	<operation>
		<search position="end" />
			<add><![CDATA[
$txt['copytopic_copyto'] = 'Copy to';
$txt['quick_mod_copy'] = 'Copy selected to';
$txt['copytopic'] = 'Copy Topic';
$txt['copytopics'] = 'Copy Topics';
$txt['cannot_copy'] = 'You do not have the permissions to allow you to copy a topic';
$txt['copytopic_noboards'] = 'There are no boards to copy this topic to!';
$txt['copytopic_notallowed'] = 'You are not allowed to copy topics to boards you cannot view!';
$txt['permissionname_copy'] = 'Copy Topic';
$txt['permissionhelp_copy'] = 'Copy a topic from one board to the other. Users can only select target boards they are allowed to access.';
$txt['copytopic_negativeseo'] = 'Be aware that there maybe a negative SEO effect by copying topics as it may get detected by Search Engines as duplicated content.';
]]></add>
	</operation>
</file>

<file name="$languagedir/Modifications.english_british-utf8.php" error="skip">
<!--// Adds the language strings used by this modification //-->
	<operation>
		<search position="end" />
			<add><![CDATA[
$txt['copytopic_copyto'] = 'Copy to';
$txt['quick_mod_copy'] = 'Copy selected to';
$txt['copytopic'] = 'Copy Topic';
$txt['copytopics'] = 'Copy Topics';
$txt['cannot_copy'] = 'You do not have the permissions to allow you to copy a topic';
$txt['copytopic_noboards'] = 'There are no boards to copy this topic to!';
$txt['copytopic_notallowed'] = 'You are not allowed to copy topics to boards you cannot view!';
$txt['permissionname_copy'] = 'Copy Topic';
$txt['permissionhelp_copy'] = 'Copy a topic from one board to the other. Users can only select target boards they are allowed to access.';
$txt['copytopic_negativeseo'] = 'Be aware that there maybe a negative SEO effect by copying topics as it may get detected by Search Engines as duplicated content.';
]]></add>
	</operation>
</file>

<file name="$languagedir/Modifications.german.php" error="skip">
<!--// Adds the language strings used by this modification //-->
	<operation>
		<search position="end" />
			<add><![CDATA[
$txt['copytopic_copyto'] = 'kopieren nach';
$txt['quick_mod_copy'] = 'kopiere markierte Themen nach';
$txt['copytopic'] = 'kopiere Thema';
$txt['copytopics'] = 'kopiere Themen';
$txt['cannot_copy'] = 'Du hast keine Berechtigung, die es dir erlaubt ein Thema zu kopieren';
$txt['copytopic_noboards'] = 'Es gibt kein Board in die du das Thema kopieren kannst!';
$txt['copytopic_notallowed'] = 'Du bist nicht berechtigt Themen in Boards zu kopieren, auf die du keinen Zugriff hast!';
$txt['permissionname_copy'] = 'kopiere Thema';
$txt['permissionhelp_copy'] = 'kopiert ein Thema von einem Board in ein anderes. Benutzer können nur Boards als Ziel auswählen, auf die sie Zugriff haben';
$txt['copytopic_negativeseo'] = 'Beachte, das kopierte Themen von Suchmaschinen, aufgrund negativen SEO (Search engine optimization) Effekte, als doppelter Inhalt gedeutet werden könnte.';
]]></add>
	</operation>
</file>

<file name="$languagedir/Modifications.german-utf8.php" error="skip">
<!--// Adds the language strings used by this modification //-->
	<operation>
		<search position="end" />
			<add><![CDATA[
$txt['copytopic_copyto'] = 'kopieren nach';
$txt['quick_mod_copy'] = 'kopiere markierte Themen nach';
$txt['copytopic'] = 'kopiere Thema';
$txt['copytopics'] = 'kopiere Themen';
$txt['cannot_copy'] = 'Du hast keine Berechtigung, die es dir erlaubt ein Thema zu kopieren';
$txt['copytopic_noboards'] = 'Es gibt kein Board in die du das Thema kopieren kannst!';
$txt['copytopic_notallowed'] = 'Du bist nicht berechtigt Themen in Boards zu kopieren, auf die du keinen Zugriff hast!';
$txt['permissionname_copy'] = 'kopiere Thema';
$txt['permissionhelp_copy'] = 'kopiert ein Thema von einem Board in ein anderes. Benutzer k&ouml;nnen nur Boards als Ziel ausw&auml;hlen, auf die sie Zugriff haben';
$txt['copytopic_negativeseo'] = 'Beachte, das kopierte Themen von Suchmaschinen, aufgrund negativen SEO (Search engine optimization) Effekte, als doppelter Inhalt gedeutet werden k&ouml;nnte.';
]]></add>
	</operation>
</file>

<file name="$languagedir/Modifications.portuguese.php" error="skip">
<!--// Adds the language strings used by this modification //-->
	<operation>
		<search position="end" />
			<add><![CDATA[
$txt['copytopic_copyto'] = 'Copiar para';
$txt['quick_mod_copy'] = 'Copiar selecionados para';
$txt['copytopic'] = 'Copia Topico';
$txt['copytopics'] = 'Copia Topicos';
$txt['cannot_copy'] = 'Você não tem as permissões para permitir que você copiar um tópico';
$txt['copytopic_noboards'] = 'Não há quadro para copiar a este tópico!';
$txt['copytopic_notallowed'] = 'Você não tem permissão para copiar tópicos do quadro não é possível visualizar!';
$txt['permissionname_copy'] = 'Copia Topico';
$txt['permissionhelp_copy'] = 'Copiar um tópico de um quadro para a outra. Os usuários podem selecionar apenas alvo quadro que estão autorizados a aceder.';
$txt['copytopic_negativeseo'] = 'Estar ciente de que existe talvez um efeito negativo SEO, copiando tópicos como ela pode obter detectado pelo Search Engines como duplicada conteúdo.';
]]></add>
	</operation>
</file>

<file name="$languagedir/Modifications.portuguese-utf8.php" error="skip">
<!--// Adds the language strings used by this modification //-->
	<operation>
		<search position="end" />
			<add><![CDATA[
$txt['copytopic_copyto'] = 'Copiar para';
$txt['quick_mod_copy'] = 'Copiar selecionados para';
$txt['copytopic'] = 'Copia Topico';
$txt['copytopics'] = 'Copia Topicos';
$txt['cannot_copy'] = 'Voc&ecirc; n&atilde;o tem as permiss&otilde;es para permitir que voc&ecirc; copiar um t&oacute;pico';
$txt['copytopic_noboards'] = 'N&atilde;o h&aacute; quadro para copiar a este t&oacute;pico!';
$txt['copytopic_notallowed'] = 'Voc&ecirc; n&atilde;o tem permiss&atilde;o para copiar t&oacute;picos do quadro n&atilde;o &eacute; poss&iacute;vel visualizar!';
$txt['permissionname_copy'] = 'Copia Topico';
$txt['permissionhelp_copy'] = 'Copiar um t&oacute;pico de um quadro para a outra. Os usu&aacute;rios podem selecionar apenas alvo quadro que est&atilde;o autorizados a aceder.';
$txt['copytopic_negativeseo'] = 'Estar ciente de que existe talvez um efeito negativo SEO, copiando t&oacute;picos como ela pode obter detectado pelo Search Engines como duplicada conte&uacute;do.';
]]></add>
	</operation>
</file>

<file name="$languagedir/Modifications.turkish.php" error="skip">
<!--// Adds the language strings used by this modification //-->
	<operation>
		<search position="end" />
			<add><![CDATA[
$txt['copytopic_copyto'] = 'Kopyala';
$txt['quick_mod_copy'] = 'Seçileni Kopyala';
$txt['copytopic'] = 'Konuyu Kopyala';
$txt['copytopics'] = 'Konuları Kopyala';
$txt['cannot_copy'] = 'Bir konuyu kopyalamak için gereken izinlere sahip değilsiniz';
$txt['copytopic_noboards'] = 'Bu konunun kopyalananabileceği kategori bulunmamakta!';
$txt['copytopic_notallowed'] = 'Kategorilere konuları kopyalamaya yetkili değilsiniz,görüntüleyemezsiniz!';
$txt['permissionname_copy'] = 'Konuyu Kopyala';
$txt['permissionhelp_copy'] = 'Konuyu bir kategoriden diğerine kopyalar. Kullanıcılar, sadece görmelerine izin verilen kategorileri seçebilirler';
$txt['copytopic_negativeseo'] = 'Konular kopyalanırken SEO açısından olumsuz etkiler görülebilir yani arama motorları içeriğin tekrarlı yani iki suretli olduğunu tespit edebilirler.';
]]></add>
	</operation>
</file>

<file name="$languagedir/Modifications.turkish-utf8.php" error="skip">
<!--// Adds the language strings used by this modification //-->
	<operation>
		<search position="end" />
			<add><![CDATA[
$txt['copytopic_copyto'] = 'Kopyala';
$txt['quick_mod_copy'] = 'Se&ccedil;ileni Kopyala';
$txt['copytopic'] = 'Konuyu Kopyala';
$txt['copytopics'] = 'Konular&#305; Kopyala';
$txt['cannot_copy'] = 'Bir konuyu kopyalamak i&ccedil;in gereken izinlere sahip de&#287;ilsiniz';
$txt['copytopic_noboards'] = 'Bu konunun kopyalananabilece&#287;i kategori bulunmamakta!';
$txt['copytopic_notallowed'] = 'Kategorilere konular&#305; kopyalamaya yetkili de&#287;ilsiniz,g&ouml;r&uuml;nt&uuml;leyemezsiniz!';
$txt['permissionname_copy'] = 'Konuyu Kopyala';
$txt['permissionhelp_copy'] = 'Konuyu bir kategoriden di&#287;erine kopyalar. Kullan&#305;c&#305;lar, sadece g&ouml;rmelerine izin verilen kategorileri se&ccedil;ebilirler';
$txt['copytopic_negativeseo'] = 'Konular kopyalan&#305;rken SEO a&ccedil;&#305;s&#305;ndan olumsuz etkiler g&ouml;r&uuml;lebilir yani arama motorlar&#305; i&ccedil;eri&#287;in tekrarl&#305; yani iki suretli oldu&#287;unu tespit edebilirler.';
]]></add>
	</operation>
</file>

<file name="$languagedir/Modifications.hungarian.php" error="skip">
<!--// Adds the language strings used by this modification //-->
   <operation>
      <search position="end" />
         <add><![CDATA[
$txt['copytopic_copyto'] = 'Másolás ide';
$txt['quick_mod_copy'] = 'Kiválasztott másolása ide';
$txt['copytopic'] = 'Téma másolása';
$txt['copytopics'] = 'Témák másolása';
$txt['cannot_copy'] = 'Nem engedélyezett számodra a témák másolása';
$txt['copytopic_noboards'] = 'Nincs kijelölt cél a másoláshoz!';
$txt['copytopic_notallowed'] = 'Nincs engedélyed a kijelölt cél eléréséhez!';
$txt['permissionname_copy'] = 'Téma másolása';
$txt['permissionhelp_copy'] = 'Egy téma másolása egy másik helyre. A felhasználónak rendelkeznie kell engedéllyel a kijelölt célhoz, hogy másolni tudja a témát.';
$txt['copytopic_negativeseo'] = 'Legyél óvatos, hisz a másolás nem várt hibákat eredményezhet, pl. kereséskor duplán jelenik meg a találat..';
]]></add>
   </operation>
</file>

<file name="$languagedir/Modifications.hungarian-utf8.php" error="skip">
<!--// Adds the language strings used by this modification //-->
   <operation>
      <search position="end" />
         <add><![CDATA[
$txt['copytopic_copyto'] = 'Másolás ide';
$txt['quick_mod_copy'] = 'Kiválasztott másolása ide';
$txt['copytopic'] = 'Téma másolása';
$txt['copytopics'] = 'Témák másolása';
$txt['cannot_copy'] = 'Nem engedélyezett számodra a témák másolása';
$txt['copytopic_noboards'] = 'Nincs kijelölt cél a másoláshoz!';
$txt['copytopic_notallowed'] = 'Nincs engedélyed a kijelölt cél eléréséhez!';
$txt['permissionname_copy'] = 'Téma másolása';
$txt['permissionhelp_copy'] = 'Egy téma másolása egy másik helyre. A felhasználónak rendelkeznie kell engedéllyel a kijelölt célhoz, hogy másolni tudja a témát.';
$txt['copytopic_negativeseo'] = 'Legyél óvatos, hisz a másolás nem várt hibákat eredményezhet, pl. kereséskor duplán jelenik meg a találat..';
]]></add>
   </operation>
</file>

</modification>
