<?xml version="1.0"?>
<!DOCTYPE modification SYSTEM "http://www.simplemachines.org/xml/modification">
<modification xmlns="http://www.simplemachines.org/xml/modification" xmlns:smf="http://www.simplemachines.org/">
<id>vbgamer45:ezportal</id>
<version>0.2</version>
<file name="$languagedir/Modifications.english.php">
	<operation>
		<search position="end" />
		<add><![CDATA[
// Begin EzPortal Text Strings
$txt['ezp_forum_tab'] = 'Forum';
$txt['ezportal_admin'] = 'EzPortal';
$txt['ezportal_settings'] = 'Settings';
$txt['ezportal_block_manager'] = 'ezBlock Manager';
$txt['ezportal_page_manager'] = 'Page Manager';

$txt['ezp_settings'] = 'Settings';
$txt['ezp_modules'] = 'Modules';
$txt['ezp_blocks'] = 'ezBlocks';
$txt['ezp_pagemanager'] = 'Page Manager';
$txt['ezp_import'] = 'Import';
$txt['ezp_txt_ordercopyright'] = 'Order Copyright Removal';
$txt['ezp_download_blocks'] = 'Download ezBlocks';
$txt['ezp_installed_blocks'] = 'Installed ezBlocks';
$txt['ezp_txt_copyrightremoval'] = 'Copyright Removal';
$txt['ezp_credits'] = 'Credits';

// Permissions
$txt['permissiongroup_ezportal'] = 'EzPortal';
$txt['permissiongroup_simple_ezportal'] = 'Use EzPortal';

$txt['permissionname_ezportal_page'] = 'Manage Pages';
$txt['permissionhelp_ezportal_page'] = 'Allows adding,editing,and deleting of pages.';
$txt['cannot_ezportal_page'] = 'You are not allowed to manage EzPortal pages.';

$txt['permissionname_ezportal_blocks'] = 'Manage ezBlocks';
$txt['permissionhelp_ezportal_blocks'] = 'Allows adding,editing,and deleting of ezBlocks.';
$txt['cannot_ezportal_blocks'] = 'You are not allowed to manage ezBlocks.';


$txt['permissionname_ezportal_manage'] = 'Admin EzPortal';
$txt['permissionhelp_ezportal_manage'] = 'Allows full control of EzPortal';
$txt['cannot_ezportal_manage'] = 'You are not allowed to manage EzPortal.';



// END EzPortal Text Strings			
]]></add>
	</operation>
</file>

<file name="$languagedir/Modifications.english-utf8.php" error="skip">
	<operation>
		<search position="end" />
		<add><![CDATA[
// Begin EzPortal Text Strings
$txt['ezp_forum_tab'] = 'Forum';
$txt['ezportal_admin'] = 'EzPortal';
$txt['ezportal_settings'] = 'Settings';
$txt['ezportal_block_manager'] = 'ezBlock Manager';
$txt['ezportal_page_manager'] = 'Page Manager';

$txt['ezp_settings'] = 'Settings';
$txt['ezp_modules'] = 'Modules';
$txt['ezp_blocks'] = 'ezBlocks';
$txt['ezp_pagemanager'] = 'Page Manager';
$txt['ezp_import'] = 'Import';
$txt['ezp_txt_ordercopyright'] = 'Order Copyright Removal';
$txt['ezp_download_blocks'] = 'Download ezBlocks';
$txt['ezp_installed_blocks'] = 'Installed ezBlocks';
$txt['ezp_txt_copyrightremoval'] = 'Copyright Removal';
$txt['ezp_credits'] = 'Credits';

// Permissions
$txt['permissiongroup_ezportal'] = 'EzPortal';
$txt['permissiongroup_simple_ezportal'] = 'Use EzPortal';

$txt['permissionname_ezportal_page'] = 'Manage Pages';
$txt['permissionhelp_ezportal_page'] = 'Allows adding,editing,and deleting of pages.';
$txt['cannot_ezportal_page'] = 'You are not allowed to manage EzPortal pages.';

$txt['permissionname_ezportal_blocks'] = 'Manage ezBlocks';
$txt['permissionhelp_ezportal_blocks'] = 'Allows adding,editing,and deleting of ezBlocks.';
$txt['cannot_ezportal_blocks'] = 'You are not allowed to manage ezBlocks.';


$txt['permissionname_ezportal_manage'] = 'Admin EzPortal';
$txt['permissionhelp_ezportal_manage'] = 'Allows full control of EzPortal';
$txt['cannot_ezportal_manage'] = 'You are not allowed to manage EzPortal.';

// END EzPortal Text Strings			
]]></add>
	</operation>
</file>

<file name="$languagedir/Who.english.php">
	<operation error="ignore">
		<search position="after"><![CDATA[?>]]></search>
		<add><![CDATA[
// Begin EzPortal
$txt['whoall_forum'] = 'Viewing the index of <a href="' . $scripturl . '">' . $context['forum_name'] . '</a>.';
// END EzPortal Strings			
]]></add>
	</operation>
</file>

<file name="$languagedir/Who.english-utf8.php" error="skip">
	<operation error="ignore">
		<search position="after"><![CDATA[?>]]></search>
		<add><![CDATA[
// Begin EzPortal
$txt['whoall_forum'] = 'Viewing the index of <a href="' . $scripturl . '">' . $context['forum_name'] . '</a>.';
// END EzPortal Strings			
]]></add>
	</operation>
</file>



<file name="$sourcedir/Load.php">
	<operation error="ignore"> 
		<search position="replace"><![CDATA[// Set the top level linktree up.
	array_unshift($context['linktree'], array(
		'url' => $scripturl,
		'name' => $context['forum_name']
	));]]></search>
		<add><![CDATA[// Removed old link tree Part EzPortal]]></add>
	</operation>
	
	<operation  error="ignore">
			<search position="replace"><![CDATA[// Set the top level linktree up.
	array_unshift($context['linktree'], array(
		'url' => $scripturl,
		'name' => $context['forum_name_html_safe']
	));]]></search>
			<add><![CDATA[// Removed old link tree Part EzPortal]]></add>
	</operation>	
	
	<operation>
		<search position="replace"><![CDATA[// Compatibility.
	if (!isset($settings['theme_version']))
		$modSettings['memberCount'] = $modSettings['totalMembers'];]]></search>
		<add><![CDATA[
// Compatibility.
	if (!isset($settings['theme_version']))
		$modSettings['memberCount'] = $modSettings['totalMembers'];
				
// Set the top level linktree up.
   array_unshift($context['linktree'], array(
      'url' => $scripturl,
      'name' => $context['forum_name']
   ), array('url' => $scripturl . '?action=forum', 'name' => $txt['ezp_forum_tab']));]]></add>
	</operation>
</file>

<file name="$sourcedir/Admin.php">
	<operation>
		<search position="before"><![CDATA[// You have to be able to do at least one of the below to see this page.
	isAllowedTo(array(]]></search>
		<add><![CDATA['ezportal_page', 'ezportal_blocks', 'ezportal_manage',]]></add>
	</operation>
</file>


</modification>