<?xml version="1.0"?>
<!DOCTYPE modification SYSTEM "http://www.simplemachines.org/xml/modification">
<modification xmlns="http://www.simplemachines.org/xml/modification" xmlns:smf="http://www.simplemachines.org/">
	<id>4kstore:Reason_For_Delete</id>
	<name>Reason For Delete</name>
	<version>1.0</version>
	
<file name="$languagedir/Modifications.english.php">
		<operation>
			<search position="end" />
				<add><![CDATA[
//Reason For Delete! Start - Smfsimple.com
$txt['rfd_menu_button'] = 'Reason For Delete';
$txt['rfd_settings'] = 'Settings';
$txt['rfd_description'] = 'From here you can setting your mod';
$txt['rfd_enabled'] = 'Enabled Reason For Delete?';
$txt['rfd_titleset'] = 'PM Title <br /> <small>Leave Blank to use default title</small>';
$txt['rfd_idusersend'] = 'Who send PM!? <br /> <small>Put member ID only!!</small> <br /> <small>Leave blank if that is the sender deletes</small>';
$txt['rfd_btn_save'] = 'Save';
$txt['rfd_AddProfiles'] = 'Add Profiles Reasons';
$txt['rfd_EditProfiles'] = 'Edit Profiles Reasons';
$txt['rfd_title'] = 'Title';
$txt['description'] = 'Description';
$txt['rfd_default_text'] = 'Default Text';
$txt['rfd_id'] = 'Id';
$txt['rfd_add'] = 'Add';
$txt['rfd_edit'] = 'Edit';
$txt['rfd_delete'] = 'Delete';
$txt['rfd_delete_topic'] = 'Delete Post: ';
$txt['rfd_PostedBy'] = 'Posted By: ';
$txt['rfd_additional_info'] = 'Additional Info: ';
$txt['rfd_no_info'] = 'Default Option, Add only additional info';
$txt['rfd_choose_info'] = 'Or choose a profile from below';
$txt['rfd_postRemoved'] = 'Post Removed: ';
$txt['rfd_variables'] = 'You can use BBCODE and this varibles:';
$txt['rfd_poster_name'] = '-> Post Name: ';
$txt['rfd_subject_topic'] = '-> Subject Topic: ';
$txt['rfd_error_noid'] = 'You must select a topic to delete';
]]></add>
		</operation>
	</file>
</modification>