<?xml version="1.0"?>
<!DOCTYPE package-info SYSTEM "http://www.simplemachines.org/xml/package-info">
<package-info xmlns="http://www.simplemachines.org/xml/package-info" xmlns:smf="http://www.simplemachines.org/">
	<id>.LORD.:unrecognizableform</id>
	<name>Anti Bot: Unrecognizable Form</name>
	<version>1.1</version>
	<type>modification</type>

	<install for="1.1.1 - 1.99.99">
		<readme type="file" parsebbc="true">readme.txt</readme>
		<modification format="xml" type="file">install1.xml</modification>
	</install>

	<uninstall for="1.1.1 - 1.99.99">
		<modification format="xml" type="file" reverse="true">install1.xml</modification>
	</uninstall>

	<install for="2.0 - 2.99.99">
		<readme type="file" parsebbc="true">readme.txt</readme>
		<modification format="xml" type="file">install2.xml</modification>
	</install>

	<uninstall for="2.0 - 2.99.99">
		<modification format="xml" type="file" reverse="true">install2.xml</modification>
	</uninstall>

</package-info>