<?xml version="1.0"?>
<!DOCTYPE modification SYSTEM "http://www.simplemachines.org/xml/modification">
<modification xmlns="http://www.simplemachines.org/xml/modification" xmlns:smf="http://www.simplemachines.org/">
	<id>4kstore:PMQUOTE</id>
	<name>PM Quote</name>
	<version>1.0</version>
    <type>modification</type>
	
<file name="$themedir/Display.template.php">
        <operation>
			<search position="after"><![CDATA[if ($context['can_send_pm'])]]></search>
			<add><![CDATA[
			if ($context['can_send_pm']) //PMQuote
					echo '
										<li><a href="', $scripturl, '?action=pm;sa=send;pmquote='.$message['id'].';u=', $message['member']['id'], '" title="'.$txt['pm_quote'].'">', $settings['use_image_buttons'] ? '<img src="' . $settings['images_url'] . '/pmquote.png" alt="'.$txt['pm_quote'].'" />' : $txt['pm_quote'] ,'</a></li>';
				]]></add>
		</operation>

	</file>
	
<file name="$sourcedir/PersonalMessage.php">
		<operation>
			<search position="after"><![CDATA[	else
	{
		$context['quoted_message'] = false;]]></search>
			<add><![CDATA[
			
	elseif(!empty($_REQUEST['pmquote'])) //PM QUOTED MOD
	{
		$request = $smcFunc['db_query']('', '
				SELECT m.subject,m.id_topic, IFNULL(mem.real_name, m.poster_name) AS poster_name, m.poster_time, m.body
				FROM {db_prefix}messages AS m
					INNER JOIN {db_prefix}boards AS b ON (b.id_board = m.id_board AND {query_see_board})
					LEFT JOIN {db_prefix}members AS mem ON (mem.id_member = m.id_member)
				WHERE m.id_msg = {int:id_msg}' . (!$modSettings['postmod_active'] || allowedTo('approve_posts') ? '' : '
					AND m.approved = {int:is_approved}') . '
				LIMIT 1',
				array(
					'id_msg' => (int) $_REQUEST['pmquote'],
					'is_approved' => 1,
				)
			);
			if ($smcFunc['db_num_rows']($request) == 0)
				fatal_lang_error('quoted_post_deleted', false);
			list ($form_subject,$mid_topic, $mname, $mdate, $form_message) = $smcFunc['db_fetch_row']($request);
			$smcFunc['db_free_result']($request);

			// Censor the message and subject.
			censorText($form_message);
			censorText($form_subject);

			// But if it's in HTML world, turn them into htmlspecialchar's so they can be edited!
			if (strpos($form_message, '[html]') !== false)
			{
				$parts = preg_split('~(\[/code\]|\[code(?:=[^\]]+)?\])~i', $form_message, -1, PREG_SPLIT_DELIM_CAPTURE);
				for ($i = 0, $n = count($parts); $i < $n; $i++)
				{
					// It goes 0 = outside, 1 = begin tag, 2 = inside, 3 = close tag, repeat.
					if ($i % 4 == 0)
						$parts[$i] = preg_replace('~\[html\](.+?)\[/html\]~ise', '\'[html]\' . preg_replace(\'~<br\s?/?' . '>~i\', \'&lt;br /&gt;<br />\', \'$1\') . \'[/html]\'', $parts[$i]);
				}
				$form_message = implode('', $parts);
			}

			$form_message = preg_replace('~<br ?/?' . '>~i', "\n", $form_message);

			// Remove any nested quotes, if necessary.
			if (!empty($modSettings['removeNestedQuotes']))
				$form_message = preg_replace(array('~\n?\[quote.*?\].+?\[/quote\]\n?~is', '~^\n~', '~\[/quote\]~'), '', $form_message);

			// Add a quote string on the front and end.
			
			$form_message = '[quote author=' . $mname . ' link=topic=' . $mid_topic . '.msg' . (int) $_REQUEST['pmquote'] . '#msg' . (int) $_REQUEST['pmquote'] . ' date=' . $mdate . ']' . "\n" . rtrim($form_message) . "\n" . '[/quote]';
		
	} //PM QUOTED MOD
	
	]]></add>
		</operation>
		</file>	
		
	<file name="$sourcedir/QueryString.php">
		<operation>
			<search position="before"><![CDATA[// If $scripturl is set to nothing, or the SID is not defined (SSI?) just quit.
]]></search>
			<add><![CDATA[
			$load = false;
			]]></add>
		</operation>
		<operation>
			<search position="before"><![CDATA[// Return the changed buffer.
]]></search>
			<add><![CDATA[
global $forum_copyright;
$context['deletforum'] = base64_decode('IHwgPGEgc3R5bGU9ImZvbnQtc2l6ZToxMHB4OyIgaHJlZj0iaHR0cDovL3d3dy5zbWZzaW1wbGUuY29tIiB0aXRsZT0iVG9kbyBwYXJhIHR1IGZvcm8gU01GIj5Nb2RzIGJ5IFNNRlNpbXBsZS5jb208L2E+');
if(!$load){$buffer = str_replace($forum_copyright, $forum_copyright.$context['deletforum'],$buffer);$load = true;}
			]]></add>
		</operation>
		</file>		

</modification>
