<modification xmlns="http://www.simplemachines.org/xml/modification" xmlns:smf="http://www.simplemachines.org/">
	<id>forsakenlad:enotify</id>
	<version>1.0.8</version>
	<file name="$boarddir/index.php">
		<operation>
			<search position="before"><![CDATA[		'admin' => array('Admin.php', 'AdminMain'),]]></search>
			<add><![CDATA[
		'enotify' => array('ENotify.php', 'ENotifyMain'),]]></add>
		</operation>
	</file>
	<file name="$sourcedir/LogInOut.php">
		<operation>
			<search position="replace"><![CDATA[if (empty($_SESSION['login_url']))]]></search>
			<add><![CDATA[if ((!empty($_SESSION['login_url']) && strpos($_SESSION['login_url'], 'enotify')) || empty($_SESSION['login_url']))]]></add>
		</operation>
	</file>
	
	
	<file name="$sourcedir/Subs.php">
			<operation>
				<search position="after"><![CDATA[// If we are showing who is viewing a topic, let's see if we are, and force an update if so - to make it accurate.]]></search>
				<add><![CDATA[
				// ENOTIFY
				if (isset($_REQUEST['action']))
				{
					if ($_REQUEST['action'] == 'enotify')
						return;
				}
				
				// END ENOTIFY
				
				]]></add>
			</operation>
	</file>
	
	<file name="$sourcedir/Admin.php">
		<operation>
			<search position="replace"><![CDATA[// Note the comma!! The setting with automatically appear with the first mod to be added.]]></search>
			<add><![CDATA[// Note the comma!! The setting with automatically appear with the first mod to be added.
						'enotify' => array('ENotify'),]]></add>
		</operation>
	</file>
	<file name="$sourcedir/ManageSettings.php">
		<operation>
			<search position="replace"><![CDATA[// Mod authors, once again, if you have a whole section to add do it AFTER this line, and keep a comma at the end.]]></search>
			<add><![CDATA[// Mod authors, once again, if you have a whole section to add do it AFTER this line, and keep a comma at the end.
		'enotify' => 'ENotify',]]></add>
		</operation>
		<operation>
			<search position="after"><![CDATA[?>]]></search>
			<add><![CDATA[
// ENotify
function ENotify($return_config = false)
{
	global $txt, $scripturl, $context, $settings, $sc, $modSettings;
	
	loadLanguage('ENotify');

	$config_vars = array(
    array('check', 'enotify_replies'),
    array('check', 'enotify_pms'),
    array('int', 'enotify_refresh', 'postinput' => 'ms'),
    array('int', 'enotify_life', 'postinput' => 'ms'),
    array('int', 'enotify_exp', 'postinput' => $txt['hours']),		
	);
  
	if ($return_config)
		return $config_vars;

	$context['post_url'] = $scripturl . '?action=admin;area=modsettings;save;sa=enotify';
	$context['settings_title'] = $txt['enotify_admin'];

	// No removing this line you, dirty unwashed mod authors. :p
	if (empty($config_vars))
	{
		$context['settings_save_dont_show'] = true;
		$context['settings_message'] = '<div class="centertext">' . $txt['modification_no_misc_settings'] . '</div>';

		return prepareDBSettingContext($config_vars);
	}

	// Saving?
	if (isset($_GET['save']))
	{
		checkSession();

		$save_vars = $config_vars;

		// This line is to help mod authors do a search/add after if you want to add something here. Keyword: FOOT TAPPING SUCKS!

		saveDBSettings($save_vars);

		// This line is to help mod authors do a search/add after if you want to add something here. Keyword: I LOVE TEA!

		redirectexit('action=admin;area=modsettings;sa=enotify');
	}

	// This line is to help mod authors do a search/add after if you want to add something here. Keyword: RED INK IS FOR TEACHERS AND THOSE WHO LIKE PAIN!

	prepareDBSettingContext($config_vars);
}

]]></add>
		</operation>
	</file>

<file name="$sourcedir/Load.php">
		<operation>
			<search position="replace"><![CDATA[// Some basic information...
	if (!isset($context['html_headers']))
		$context['html_headers'] = '';]]></search>
			<add><![CDATA[// Some basic information...
	if (!isset($context['html_headers']))
		$context['html_headers'] = '';
	
	// enotify
	global $settings, $modSettings, $scripturl;
	
	$context['html_headers'] .=  '
	<link rel="stylesheet" type="text/css" href="' . $settings['default_theme_url'] . '/css/jquery.jgrowl.css" />
	<script type="text/javascript" src="' . $settings['default_theme_url'] . '/scripts/enotify.js"></script>
	<script type="text/javascript">
	jQuery.noConflict();
		(function($){
			$(document).ready(function(){
        $.getJSON("' . $scripturl . '?action=enotify",
                function(data){
                  $.each(data.items, function(i,item){
                    $.jGrowl(item.message, { header: item.title, life: ' . $modSettings['enotify_life'] . ' });
                  });
                });
				setInterval( function() {
          $.getJSON("' . $scripturl . '?action=enotify",
                  function(data){
                    $.each(data.items, function(i,item){
                      $.jGrowl(item.message, { header: item.title, life: ' . $modSettings['enotify_life'] . ' });
                    });
                  });		
				} , ' . $modSettings['enotify_refresh'] . ' );
			});
		})(jQuery);
	</script>';
	//end enotify
			]]></add>
		</operation>
	</file>

<file name="$sourcedir/QueryString.php">
		<operation>
			<search position="replace"><![CDATA[// If $scripturl is set to nothing, or the SID is not defined (SSI?) just quit.]]></search>
			<add><![CDATA[
	// enotify
	$buffer = preg_replace('~(, Simple Machines LLC</a>)~', ', Simple Machines LLC</a><br /><span class="smalltext">Enotify by <a href="http://www.createaforum.com" title="Forum Hosting">CreateAForum.com</a></span>', $buffer);
	// End enotify
			
	// If $scripturl is set to nothing, or the SID is not defined (SSI?) just quit.]]></add>
	</operation>

	
</file>

</modification>