<?xml version="1.0"?>
<!DOCTYPE package-info SYSTEM "http://www.simplemachines.org/xml/package-info">

<package-info xmlns="http://www.simplemachines.org/xml/package-info" xmlns:smf="http://www.simplemachines.org/">
	<id>vbgamer45:maxchildboarddepth</id>
	<name>Count Child Child Boards Posts</name>
	<type>modification</type>
	<version>1.0</version>

	<install for="2.0-2.1.99, 2.0 RC3">
		<readme>ReadMe.txt</readme>
		<modification type="file">install.xml</modification>
		<code>install.php</code>
	</install>

	<uninstall for="2.0-2.1.99, 2.0 RC3">
		<modification type="file" reverse="true">install.xml</modification>
	</uninstall>
</package-info>