<?xml version="1.0"?>
<!DOCTYPE package-info SYSTEM "http://www.simplemachines.org/xml/package-info">
<package-info xmlns="http://www.simplemachines.org/xml/package-info" xmlns:smf="http://www.simplemachines.org/">
	<id>4kstore:Fixed_Social_Bookmarks</id>
	<name>Fixed Social Bookmarks</name>
	<version>3.0</version>
	<type>modification</type>		
	<install for="2.0 - 2.99.99">
		<redirect url="$scripturl?action=admin;area=modsettings;save;sa=fixedsocialbookmarks">redirect.txt</redirect>
		<require-file name="sources/FixedSocialBookmarks.php" destination="$sourcedir" />
		<require-file name="default/FixedSocialBookmarks.template.php" destination="$themedir" />
		<require-dir name="default/languages" destination="$themedir" />		
		<require-dir name="default/css" destination="$themedir" />		
		<require-dir name="default/images/fsb" destination="$imagesdir" />
		<code>hooks.php</code>
	</install>
	<uninstall for="2.0 - 2.99.99">
		<modification type="file" reverse="true">modifications.xml</modification>
		<remove-file name="$sourcedir/FixedSocialBookmarks.php" />
		<remove-file name="$themedir/FixedSocialBookmarks.template.php" />
		<remove-file name="$themedir/css/FixedSocialBookmarks.css" />
		<remove-dir name="$imagesdir/fsb" />
		<!--Language Files-->
		<remove-file name="$languagedir/FixedSocialBookmarks.english.php" />
		<remove-file name="$languagedir/FixedSocialBookmarks.spanish_latin.php" />
		<remove-file name="$languagedir/FixedSocialBookmarks.spanish_es.php" />
		<code>hooks.php</code>
	</uninstall>
</package-info>