<?xml version="1.0"?>
<!DOCTYPE package-info SYSTEM "http://www.simplemachines.org/xml/package-info">
<package-info xmlns="http://www.simplemachines.org/xml/package-info" xmlns:smf="http://www.simplemachines.org/">
	<id>vbgamer45:autoembedmediapro</id>
	<name>Simple Audio Video Embedder</name>
	<type>modification</type>
	<version>3.0.3</version>
	
	
	<upgrade from="all" for="1.1 - 1.1.99">
		<redirect url="?action=mediapro;sa=settings">redirect.txt</redirect>
		<readme>ReadMe.txt</readme>
		<require-file name="AutoEmbedMediaPro.php" destination="$sourcedir" />
		<require-file name="AutoEmbedMediaPro.template.php" destination="$themedir" />
		<require-dir name="cache" destination="$boarddir" />
		<require-file name="AutoEmbedMediaPro.english.php" destination="$themedir/languages" />
		<require-file name="AutoEmbedMediaPro.english-utf8.php" destination="$themedir/languages" />
		<require-dir name="videos" destination="$boarddir" />
		<code>AutoEmbedMediaProInstall.php</code>
		
	</upgrade>

	<install for="1.1 - 1.1.99">
		<redirect url="?action=mediapro;sa=settings">redirect.txt</redirect>
		<readme>ReadMe.txt</readme>
		<modification type="file">AutoEmbedMediaPro.xml</modification>
		<require-file name="AutoEmbedMediaPro.php" destination="$sourcedir" />
		<require-file name="AutoEmbedMediaPro.template.php" destination="$themedir" />
		<require-dir name="cache" destination="$boarddir" />
		<require-file name="AutoEmbedMediaPro.english.php" destination="$themedir/languages" />
		<require-file name="AutoEmbedMediaPro.english-utf8.php" destination="$themedir/languages" />
		<require-dir name="videos" destination="$boarddir" />
		<code>AutoEmbedMediaProInstall.php</code>
		
	</install>
	
	

	<uninstall for="1.1 - 1.1.99">
		<remove-file name="$sourcedir/AutoEmbedMediaPro.php" />
		<remove-file name="$themedir/AutoEmbedMediaPro.template.php" />
		<remove-file name="$themedir/languages/AutoEmbedMediaPro.english.php" />
		<remove-file name="$themedir/languages/AutoEmbedMediaPro.english-utf8.php" />
		<modification type="file" reverse="true">AutoEmbedMediaPro.xml</modification>
		<code>UnInstall.php</code>
		
	</uninstall>
	



	<upgrade from="all" for="2.0 - 2.0.99, 2.0 RC3, 2.0 RC4, 2.0 RC5">
		<redirect url="?action=admin;area=mediapro;sa=settings">redirect.txt</redirect>
		<readme>ReadMe.txt</readme>
		<require-file name="AutoEmbedMediaPro2.php" destination="$sourcedir" />
		<require-file name="AutoEmbedMediaPro2.template.php" destination="$themedir" />
		<require-dir name="cache" destination="$boarddir" />
		<require-file name="AutoEmbedMediaPro.english.php" destination="$themedir/languages" />
		<require-file name="AutoEmbedMediaPro.english-utf8.php" destination="$themedir/languages" />
		<require-dir name="videos" destination="$boarddir" />
		<code>AutoEmbedMediaProInstall2.php</code>
		
	</upgrade>

	<install for="2.0 - 2.0.99, 2.0 RC3, 2.0 RC4, 2.0 RC5">
		<redirect url="?action=admin;area=mediapro;sa=settings">redirect.txt</redirect>
		<readme>ReadMe.txt</readme>
		<modification type="file">AutoEmbedMediaPro2.xml</modification>
		<require-file name="AutoEmbedMediaPro2.php" destination="$sourcedir" />
		<require-file name="AutoEmbedMediaPro2.template.php" destination="$themedir" />
		<require-dir name="cache" destination="$boarddir" />
		<require-file name="AutoEmbedMediaPro.english.php" destination="$themedir/languages" />
		<require-file name="AutoEmbedMediaPro.english-utf8.php" destination="$themedir/languages" />
		<require-dir name="videos" destination="$boarddir" />
		
		<code>AutoEmbedMediaProInstall2.php</code>
		
	</install>
	
	

	<uninstall for="2.0 - 2.0.99, 2.0 RC3, 2.0 RC4, 2.0 RC5">
		<remove-file name="$sourcedir/AutoEmbedMediaPro2.php" />
		<remove-file name="$themedir/AutoEmbedMediaPro2.template.php" />
		<remove-file name="$themedir/languages/AutoEmbedMediaPro.english.php" />
		<remove-file name="$themedir/languages/AutoEmbedMediaPro.english-utf8.php" />
		<modification type="file" reverse="true">AutoEmbedMediaPro2.xml</modification>
		<code>UnInstall.php</code>
	</uninstall>
	

</package-info>