<?xml version="1.0"?>
<!DOCTYPE modification SYSTEM "http://www.simplemachines.org/xml/modification">

<modification xmlns="http://www.simplemachines.org/xml/modification" xmlns:smf="http://www.simplemachines.org/">
	<id>ccbtimewiz:skype</id>
	<version>2.1.2</version>
		<file name="$sourcedir/Load.php">
		<operation>
			<search position="before"><![CDATA[		'msn' => $profile['msn'] !='' && (empty($modSettings['guest_hideContacts']) || !$user_info['is_guest']) ? array(
			'name' => $profile['msn'],
			'href' => 'http://members.msn.com/' . $profile['msn'],
			'link' => '<a class="msn new_win" href="http://members.msn.com/' . $profile['msn'] . '" title="' . $txt['msn_title'] . ' - ' . $profile['msn'] . '"><img src="' . $settings['images_url'] . '/msntalk.gif" alt="' . $txt['msn_title'] . ' - ' . $profile['msn'] . '" border="0" /></a>',
			'link_text' => '<a class="msn new_win" href="http://members.msn.com/' . $profile['msn'] . '" title="' . $txt['msn_title'] . ' - ' . $profile['msn'] . '">' . $profile['msn'] . '</a>'
		) : array('name' => '', 'href' => '', 'link' => '', 'link_text' => ''),
]]></search>
			<add><![CDATA[		'skype' => $profile['skype'] !='' && (empty($modSettings['guest_hideContacts']) || !$user_info['is_guest']) ? array(
			'name' => &$profile['skype'],
			'href' => 'skype:'.$profile['skype'].'?userinfo',
			'link' => '<a href="skype:' . $profile['skype'] . '?userinfo" target="_blank"><img src="' . (empty($settings['skype_image']) ? 'http://mystatus.skype.com/smallicon/' . $profile['skype'] : $settings['images_url'] . '/skype.png') . '" alt="S" border="0" /></a>',
			'link_text' => '<a href="skype:' . $profile['skype'] . '?userinfo" target="_blank">' . $profile['skype'] . '</a>'
		) : array('name' => '', 'href' => '', 'link' => '', 'link_text' => ''),
]]></add>
		</operation>
		
		<operation>
			
			<search position="replace"><![CDATA[mem.birthdate, mem.member_ip, mem.member_ip2, mem.icq, mem.aim, mem.yim, mem.msn, mem.posts, mem.last_login,]]></search>
			<add><![CDATA[mem.birthdate, mem.member_ip, mem.member_ip2, mem.icq, mem.aim, mem.yim, mem.msn, mem.posts, mem.last_login, mem.skype,]]></add>
		</operation>
		
		<operation>
			
			<search position="replace"><![CDATA[mem.birthdate, mem.icq, mem.aim, mem.yim, mem.msn, mem.posts, mem.last_login, mem.karma_good,]]></search>
			<add><![CDATA[mem.birthdate, mem.icq, mem.aim, mem.yim, mem.msn, mem.posts, mem.last_login, mem.karma_good, mem.skype,]]></add>
		</operation>
		<operation>
			
			<search position="before"><![CDATA['icq', 'msn', 'aim', 'yim']]></search>
			<add><![CDATA[, 'skype']]></add>
		</operation>
		</file>
		
	
	<file name="$sourcedir/Memberlist.php">
		
		<operation>
			
		<search position="before"><![CDATA[		'msn' => array(
			'label' => $txt['msn'],
			'width' => '30'
		),
]]></search>
			<add><![CDATA[		'skype' => array(
			'label' => $txt['skype'],
			'width' => '25'
		),
]]></add>
		
		</operation>
		
		<operation>
			
			<search position="before"><![CDATA['msn' => array(
			'down' => 'LENGTH(mem.msn) > 0 ASC, IFNULL(mem.msn, 1=1) DESC, mem.msn DESC',
			'up' => 'LENGTH(mem.msn) > 0 DESC, IFNULL(mem.msn, 1=1) ASC, mem.msn ASC'
		),]]></search>
			
			<add><![CDATA['skype' => array(
			'down' => 'LENGTH(mem.skype) > 0 DESC, ISNULL(mem.skype) ASC, mem.skype ASC',
			'up' => 'LENGTH(mem.skype) > 0 ASC, ISNULL(mem.skype) DESC, mem.skype DESC'
		),]]></add>
			
		</operation>
		
		</file>
		
		<file name="$sourcedir/News.php">
		
		<operation>
			
			<search position="before"><![CDATA[if ($profile['yim']['name'] != '' && !(!empty($modSettings['guest_hideContacts']) && $user_info['is_guest']))
			$data['yim'] = $profile['yim']['name'];]]></search>
			
			<add>
		<![CDATA[if ($profile['skype']['name'] != '' && !(!empty($modSettings['guest_hideContacts']) && $user_info['is_guest']))
			$data['skype'] = $profile['skype']['name'];]]></add>
		
		</operation>
		
		</file>		
		<file name="$sourcedir/Subs-Members.php">
		
		<operation>
			
			<search position="before"><![CDATA['msn' => '',]]></search>
			
			<add>
			<![CDATA['skype' => '',]]></add>
		</operation>
		
		</file>
		
		<file name="$sourcedir/Profile-Modify.php">
		<operation>
			<search position="before"><![CDATA['msn' => array(
			'type' => 'text',
			'label' => $txt['msn'],
			'subtext' => $txt['msn_email_address'],
			'size' => 24,
			'permission' => 'profile_extra',
			'input_validate' => create_function('&$value', '
				global $cur_profile;
				// Make sure the msn one is an email address, not something like \'none\' :P.
				if ($value != \'\' && preg_match(\'~^[0-9A-Za-z=_+\-/][0-9A-Za-z=_\\\'+\-/\.]*@[\w\-]+(\.[\w\-]+)*(\.[\w]{2,6})$~\', $value) == 0)
				{
					$value = $cur_profile[\'msn\'];
					return false;
				}
				return true;
			'),
		),]]></search>
		<add><![CDATA['skype' => array(
			'type' => 'text',
			'label' => $txt['skype'],
			'subtext' => $txt['skype_in'],
			'size' => 24,
			'permission' => 'profile_extra',
			'input_validate' => create_function('&$value', '
				if (empty($value))
					$value = \'\';
				else
					$value = $value;
				return true;
			'),
		),]]></add>
		</operation>
		<operation>
			
		<search position="before"><![CDATA['icq', 'aim', 'msn', 'yim',]]></search> 
			
			<add><![CDATA[ 'skype',]]></add> 
		</operation>
		</file>
		<file name="$themedir/Display.template.php">
		
		<operation>
			
			<search position="before"><![CDATA[', !empty($message['member']['yim']['link']) ? '<li>' . $message['member']['yim']['link'] . '</li>' : '', ']]></search>
			
			<add>
		<![CDATA[								', !empty($message['member']['skype']['link']) ? '<li>' . $message['member']['skype']['link'] . '</li>' : '', ']]></add>
		</operation>

		</file>
		
		<file name="$themedir/PersonalMessage.template.php">
		
		<operation>
			
			<search position="before"><![CDATA[<li>' . $message['member']['aim']['link'] . '</li>' : '', ]]></search>
			<add><![CDATA[!isset($context['disabled_fields']['skype']) && !empty($message['member']['skype']['link']) ? '
						<li>' . $message['member']['skype']['link'] . '</li>' : '', ]]></add>			
		</operation>

		</file>
	
	<file name="$themedir/Profile.template.php">
		<operation>
			
			<search position="before"><![CDATA[', !isset($context['disabled_fields']['yim']) && !empty($context['member']['yim']['link']) ? '<li>' . $context['member']['yim']['link'] . '</li>' : '', ']]></search>
			
				<add><![CDATA[', !isset($context['disabled_fields']['skype']) && !empty($context['member']['skype']['link']) ? '<li>' . $context['member']['skype']['link'] . '</li>' : '', ']]></add>
				
		</operation> 
		
		<operation>
		
			<search position="before"><![CDATA[<th align="center">', $txt['msn'], '</th>]]></search>
			
			<add><![CDATA[<th align="center">', $txt['skype'], '</th>]]></add>
			
		</operation>
		
		<operation>
		
			<search position="before"><![CDATA[<td align="center">', $buddy['msn']['link'], '</td>]]></search>
			
			<add><![CDATA[<td align="center">', $buddy['skype']['link'], '</td>]]></add>
			
		</operation>
		
			<operation>
			
			<search position="replace"><![CDATA[if (empty($context['buddies']))
		echo '
			<tr class="windowbg2">
				<td colspan="8" align="center"><strong>', $txt['no_buddies'], '</strong></td>
			</tr>';]]></search>
			
			<add><![CDATA[if (empty($context['buddies']))
		echo '
			<tr class="windowbg2">
				<td colspan="9" align="center"><strong>', $txt['no_buddies'], '</strong></td>
			</tr>';]]></add>
			
		</operation>
	</file>
	
		
		
			<file name="$themedir/Memberlist.template.php">
		
		<operation>
			
			<search position="before"><![CDATA[<td class="windowbg2">', $member['msn']['link'], '</td>';]]></search>
			
			<add>
<![CDATA[		// Skype?
		if (!isset($context['disabled_fields']['skype']))
			echo '
			<td class="windowbg2">', $member['skype']['link'], '</td>';]]></add>
		</operation>						
		</file>
		
		<file name="$themedir/Settings.template.php">
		
		<operation>
			
			<search position="before"><![CDATA[array(
			'id' => 'number_recent_posts',
			'label' => $txt['number_recent_posts'],
			'description' => $txt['number_recent_posts_desc'],
			'type' => 'number',
		),]]></search>
			
			<add><![CDATA[array(
			'id' => 'skype_image',
			'label' => $txt['skype_image'],
		),]]></add>
		</operation>

		</file>
		
		<file name="$themedir/Who.template.php">
		
		<operation>
			
			<search position="replace"><![CDATA[', $member['icq']['link'], ' ', $member['msn']['link'], ' ', $member['yim']['link'], ' ', $member['aim']['link'], ']]></search>
			
			<add><![CDATA[', $member['icq']['link'], ' ', $member['msn']['link'], ' ', $member['yim']['link'], ' ', $member['aim']['link'], ' ',$member['skype']['link'], ']]></add>
		</operation>

		</file>
		
</modification>