﻿<?xml version="1.0"?>
<!DOCTYPE modification SYSTEM "http://www.simplemachines.org/xml/modification">

<modification xmlns="http://www.simplemachines.org/xml/modification" xmlns:smf="http://www.simplemachines.org/">
	<id>ccbtimewiz:skype</id>
	<version>2.1.2</version>
		<file name="$languagedir/Modifications.english.php">

<operation>

<search position="end" />

<add><![CDATA[$txt['skype'] = 'Skype';
$txt['skype_in'] = 'This is your Skype username.';
$txt['skype_image'] = 'Show static Skype image';
]]></add>
</operation>

</file>

<file name="$languagedir/Modifications.english-utf8.php" error="skip">

<operation>

<search position="end" />

<add><![CDATA[$txt['skype'] = 'Skype';
$txt['skype_in'] = 'This is your Skype username.';
$txt['skype_image'] = 'Show static Skype image';
]]></add>
</operation>

</file>

<file name="$languagedir/Modifications.spanish.php" error="skip">

<operation>

<search position="end" />

<add><![CDATA[$txt['skype'] = 'Skype';
$txt['skype_in'] = 'Este es su nombre de usuario para Skype.';
$txt['skype_image'] = 'Mostrar la imagen de Skype estática';
]]></add>
</operation>

</file>

<file name="$languagedir/Modifications.spanish-utf8.php" error="skip">

<operation>

<search position="end" />

<add><![CDATA[$txt['skype'] = 'Skype';
$txt['skype_in'] = 'Este es su nombre de usuario para Skype.';
$txt['skype_image'] = 'Mostrar la imagen de Skype est&#225;tica';
]]></add>
</operation>

</file>

<file name="$languagedir/Modifications.portuguese.php" error="skip">

<operation>

<search position="end" />

<add><![CDATA[$txt['skype'] = 'Skype';
$txt['skype_in'] = 'Este é o seu nome de usuário no Skype.';
$txt['skype_image'] = 'Mostrar imagem estática do Skype';
]]></add>
</operation>

</file>

<file name="$languagedir/Modifications.portuguese-utf8.php" error="skip">

<operation>

<search position="end" />

<add><![CDATA[$txt['skype'] = 'Skype';
$txt['skype_in'] = 'Este &#233; o seu nome de usu&#225;rio no Skype.';
$txt['skype_image'] = 'Mostrar imagem est&#225;tica do Skype';
]]></add>
</operation>

</file>

<file name="$languagedir/Modifications.portuguese_brazilian.php" error="skip">

<operation>

<search position="end" />

<add><![CDATA[$txt['skype'] = 'Skype';
$txt['skype_in'] = 'Este é o seu nome de usuário no Skype.';
$txt['skype_image'] = 'Mostrar imagem estática do Skype';
]]></add>
</operation>

</file>

<file name="$languagedir/Modifications.portuguese_brazilian-utf8.php" error="skip">

<operation>

<search position="end" />

<add><![CDATA[$txt['skype'] = 'Skype';
$txt['skype_in'] = 'Este &#233; o seu nome de usu&#225;rio no Skype.';
$txt['skype_image'] = 'Mostrar imagem est&#225;tica do Skype';
]]></add>
</operation>

</file>

<file name="$languagedir/Modifications.german.php" error="skip">

<operation>

<search position="end" />

<add><![CDATA[$txt['skype'] = 'Skype';
$txt['skype_in'] = 'Dies ist dein Skype username.';
$txt['skype_image'] = 'Show static Skype image';
]]></add>
</operation>

</file>

<file name="$languagedir/Modifications.german-utf8.php" error="skip">

<operation>

<search position="end" />

<add><![CDATA[$txt['skype'] = 'Skype';
$txt['skype_in'] = 'Dies ist dein Skype username.';
$txt['skype_image'] = 'Show static Skype image';
]]></add>
</operation>

</file>

<file name="$languagedir/Modifications.french.php" error="skip">

<operation>

<search position="end" />

<add><![CDATA[$txt['skype'] = 'Skype';
$txt['skype_in'] = 'Votre identifiant pour Skype.';
$txt['skype_image'] = 'Show static Skype image';
]]></add>
</operation>

</file>

<file name="$languagedir/Modifications.french-utf8.php" error="skip">

<operation>

<search position="end" />

<add><![CDATA[$txt['skype'] = 'Skype';
$txt['skype_in'] = 'Votre identifiant pour Skype.';
$txt['skype_image'] = 'Show static Skype image';
]]></add>
</operation>

</file>

<file name="$languagedir/Modifications.italian.php" error="skip">

<operation>

<search position="end" />

<add><![CDATA[$txt['skype'] = 'Skype';
$txt['skype_in'] = 'Questo è il nome utente di Skype.';
$txt['skype_image'] = 'Mostra la mia immagine';
]]></add>
</operation>

</file>

<file name="$languagedir/Modifications.italian-utf8.php" error="skip">

<operation>

<search position="end" />

<add><![CDATA[$txt['skype'] = 'Skype';
$txt['skype_in'] = 'Questo &#232; il nome utente di Skype.';
$txt['skype_image'] = 'Mostra la mia immagine';
]]></add>
</operation>

</file>

<file name="$languagedir/Modifications.russian.php" error="skip">

<operation>
	  
<search position="end" />

<add><![CDATA[$txt['skype'] = 'Skype';
$txt['skype_in'] = 'Это ваше имя пользователя в Skype.';
$txt['skype_image'] = 'Показывать статическую картинку Skype';
]]></add>
</operation>
	  
</file>

<file name="$languagedir/Modifications.russian-utf8.php" error="skip">

<operation>
	  
<search position="end" />

<add><![CDATA[$txt['skype'] = 'Skype';
$txt['skype_in'] = '&#1069;&#1090;&#1086; &#1074;&#1072;&#1096;&#1077; &#1080;&#1084;&#1103; &#1087;&#1086;&#1083;&#1100;&#1079;&#1086;&#1074;&#1072;&#1090;&#1077;&#1083;&#1103; &#1074; Skype.';
$txt['skype_image'] = '&#1055;&#1086;&#1082;&#1072;&#1079;&#1099;&#1074;&#1072;&#1090;&#1100; &#1089;&#1090;&#1072;&#1090;&#1080;&#1095;&#1077;&#1089;&#1082;&#1091;&#1102; &#1082;&#1072;&#1088;&#1090;&#1080;&#1085;&#1082;&#1091; Skype';
]]></add>
</operation>
	  
</file>

</modification>