<?xml version="1.0"?>
<!DOCTYPE modification SYSTEM "http://www.simplemachines.org/xml/modification">
<modification xmlns="http://www.simplemachines.org/xml/modification" xmlns:smf="http://www.simplemachines.org/">
<id>vbgamer45:DownloadAttachment</id>
<version>1.0</version>
<file name="$languagedir/ManagePermissions.english.php">
	<operation>
		<search position="after"><![CDATA[
?>]]></search>
		<add><![CDATA[
// Begin Download Attachment
$txt['permissionname_view_attachments'] = 'Download attachments';
$txt['permissionhelp_view_attachments'] = 'Attachments are files that are attached to posted messages. This feature can be enabled and configured in \'Attachments and avatars\'. Since attachments are not directly accessed, you can protect them from being downloaded by users that don\'t have this permission.';

$txt['permissionname_view_attachments2'] = 'View attachments';
$txt['permissionhelp_view_attachments2'] = 'Allows user to view attachments in posting display. They can only download. If they have the download attachment permission.';


// END Download Attachment		
]]></add>
	</operation>
</file>


<file name="$languagedir/ManagePermissions.polish-utf8.php" error="skip">
	<operation>
		<search position="after"><![CDATA[
?>]]></search>
		<add><![CDATA[
// Begin Download Attachment
$txt['permissionname_view_attachments'] = 'Pobierz załączniki';
$txt['permissionhelp_view_attachments'] = 'Załączniki to pliki dołączane do publikowanych wiadomości. Funkcja może być włączona i skonfigurowana w \'Załączniki i awatary\'. Ponieważ załączniki nie są bezpośrednio dostępne, możesz zabezpieczyć je przed pobraniem przez użytkowników, którzy nie mają do tego uprawnień.';

$txt['permissionname_view_attachments2'] = 'Zobacz załączniki';
$txt['permissionhelp_view_attachments2'] = 'Ta opcja umożliwia użytkownikowi przeglądanie załączników w tematach, ale nie zezwala na pobieranie załączników.';

// END Download Attachment		
]]></add>
	</operation>
</file>

<file name="$languagedir/ManagePermissions.spanish_latin-utf8.php" error="skip">
	<operation>
		<search position="after"><![CDATA[
?>]]></search>
		<add><![CDATA[
// Begin Download Attachment
$txt['permissionname_view_attachments'] = 'Descargar adjuntos';
$txt['permissionhelp_view_attachments'] = 'Los archivos adjuntos son archivos que se adjuntan en los mensajes publicados. Esta función se puede activar y configurar en \'Archivos Adjuntos y Avatares\'. Dado que no se puede acceder directamente a los archivos adjuntos, puede protegerlos de ser descargado por los usuarios que no disponen de este permiso.';

$txt['permissionname_view_attachments2'] = 'Ver archivos adjuntos';
$txt['permissionhelp_view_attachments2'] = 'Permite al usuario ver los archivos adjuntos en la publicación. Sólo pueden descargar, si tienen el permiso de descargar el archivo adjunto.';


// END Download Attachment			
]]></add>
	</operation>
</file>

<file name="$sourcedir/Display.php">
		<operation>
			<search position="replace"><![CDATA[if (!empty($modSettings['attachmentEnable']) && allowedTo('view_attachments'))]]></search>
			<add><![CDATA[if (!empty($modSettings['attachmentEnable']) && (allowedTo('view_attachments') || allowedTo('view_attachments2')))]]></add>
		</operation>
	</file>
	
<file name="$sourcedir/ManagePermissions.php">
	<operation>
		<search position="replace"><![CDATA['remove_own',
		'view_attachments',]]></search>
		<add><![CDATA[
		'remove_own',
		'view_attachments',
		'view_attachments2',]]></add>
	</operation>

	<operation>
		<search position="replace"><![CDATA['view_attachments' => array(false, 'attachment'),]]></search>
		<add><![CDATA['view_attachments' => array(false, 'attachment'),
		'view_attachments2' => array(false, 'attachment'),]]></add>
	</operation>
</file>


</modification>