<?xml version="1.0"?>
<!DOCTYPE package-info SYSTEM "http://www.simplemachines.org/xml/package-info">

<package-info xmlns="http://www.simplemachines.org/xml/package-info" xmlns:smf="http://www.simplemachines.org/">
	<id>vbgamer45:UserEmailSystem</id>
	<name>User Email System</name>
	<type>modification</type>
	<version>1.3</version>

	<install for="1.1 - 1.1.99,1.1 RC3,1.1 RC2">
		<readme>ReadMe.txt</readme>
		<modification type="file">useremail.xml</modification>
		<require-file name="user_email.gif" destination="$themedir/images" />
		<require-file name="User_Email.template.php" destination="$themedir" />
		<require-file name="User_Email.php" destination="$sourcedir" />
	</install>

	<uninstall for="1.1 - 1.1.99,1.1 RC3,1.1 RC2">
		<modification type="file" reverse="true">useremail.xml</modification>
	</uninstall>
	<install for="1.0 - 1.0.99">
		<readme>ReadMe.txt</readme>
		<modification type="file">useremail107.xml</modification>
		<require-file name="user_email.gif" destination="$themedir/images" />
		<require-file name="User_Email.template.php" destination="$themedir" />
		<require-file name="User_Email.php" destination="$sourcedir" />
	</install>

	<uninstall for="1.0 - 1.0.99">
		<modification type="file" reverse="true">useremail107.xml</modification>
	</uninstall>

</package-info>