<?xml version="1.0"?>
<!DOCTYPE modification SYSTEM "http://www.simplemachines.org/xml/modification">
<modification xmlns="http://www.simplemachines.org/xml/modification" xmlns:smf="http://www.simplemachines.org/">
<id>vbgamer45:DisableFLoCTracking</id>
<version>1.0</version>

<file name="$boarddir/index.php">
	<operation>
		<search position="before"><![CDATA[header('X-Content-Type-Options: nosniff');]]></search>
		<add><![CDATA[
	// Disable Google FloC Tracking
	header('Permissions-Policy: interest-cohort=()');
]]></add>
	</operation>
</file>


</modification>