<?xml version="1.0"?>
<!DOCTYPE modification SYSTEM "http://www.simplemachines.org/xml/modification">
<modification xmlns="http://www.simplemachines.org/xml/modification" xmlns:smf="http://www.simplemachines.org/">
<id>vbgamer45:RegBar</id>
<version>1.0</version>
<file name="$languagedir/Modifications.english.php">
	<operation>
		<search position="after"><![CDATA[
?>]]></search>
		<add><![CDATA[
//Begin Regbar Text Strings
$txt['regbar_text'] = 'It appears you have not registered with our community. To register please click here ...';
//END Regbar Text Strings			
]]></add>
	</operation>
</file>

<file name="$languagedir/Modifications.english-utf8.php" error="skip">
	<operation>
		<search position="after"><![CDATA[
?>]]></search>
		<add><![CDATA[
//Begin Regbar Text Strings
$txt['regbar_text'] = 'It appears you have not registered with our community. To register please click here ...';
//END Regbar Text Strings			
]]></add>
	</operation>
</file>

<file name="$themedir/index.template.php">
	<operation>
		<search position="before"><![CDATA[<body>';]]></search>
		<add><![CDATA[
		if($context['user']['is_guest'] && $context['current_action'] != 'register')
			echo '<table width="100%" border="0" cellspacing="0" cellpadding="0"><tr><td width="100%"><div id="infobar"><a href="' . $scripturl . '?action=register"><p>' . $txt['regbar_text'] . '</p></a></div></td></tr></table>';
]]></add>
	</operation>
	<operation>
		<search position="replace"><![CDATA[echo '
	<link rel="stylesheet" type="text/css" href="', $settings['theme_url'], '/style.css?fin11" />
	<link rel="stylesheet" type="text/css" href="', $settings['default_theme_url'], '/print.css?fin11" media="print" />';]]></search>
	<add><![CDATA[echo '
	<link rel="stylesheet" type="text/css" href="', $settings['theme_url'], '/style.css?fin11" />
	<link rel="stylesheet" type="text/css" href="', $settings['default_theme_url'], '/print.css?fin11" media="print" />
	<link rel="stylesheet" type="text/css" href="', $settings['theme_url'], '/regbar.css" />';]]></add>
	</operation>
</file>
</modification>