<?xml version="1.0"?>
<!DOCTYPE package-info SYSTEM "http://www.simplemachines.org/xml/package-info">

<package-info xmlns="http://www.simplemachines.org/xml/package-info" xmlns:smf="http://www.simplemachines.org/">
	<id>vbgamer45:FeedPoster</id>
	<name>RSS Feed Poster</name>
	<type>modification</type>
	<version>4.0.2</version>

	<install for="1.1 - 1.1.99">
		<redirect url="?action=feedsadmin">redirect.txt</redirect>
		<readme>ReadMe.txt</readme>
		<modification type="file">FeedPoster.xml</modification>
		<require-file name="FeedPoster.php" destination="$sourcedir" />
		<require-file name="Subs-RSS.php" destination="$sourcedir" />
		<require-file name="cronrss.php" destination="$boarddir" />
		<require-file name="FeedPoster.template.php" destination="$themedir" />
		<require-file name="FeedPoster.english.php" destination="$themedir/languages" />
		<require-file name="FeedPoster.english-utf8.php" destination="$themedir/languages" />
		<code>FeedPostersql.php</code>
	</install>

	<uninstall for="1.1 - 1.1.99">
		<modification type="file" reverse="true">FeedPoster.xml</modification>
		<remove-file name="$sourcedir/FeedPoster.php" />
		<remove-file name="$sourcedir/Subs-RSS.php" />
		<remove-file name="$boarddir/cronrss.php" />
		<remove-file name="$themedir/FeedPoster.template.php" />
		<remove-file name="$themedir/languages/FeedPoster.english.php" />
		<remove-file name="$themedir/languages/FeedPoster.english-utf8.php" />
		<code>UnInstall.php</code>
	</uninstall>
	
	<install for="2.0 - 2.0.99, 2.0 RC2, 2.0 RC3, 2.0 RC4, 2.0 RC5">
			<redirect url="?action=admin;area=feedsadmin">redirect.txt</redirect>
			<readme>ReadMe.txt</readme>
			<modification type="file">FeedPoster2.xml</modification>
			<require-file name="FeedPoster2.php" destination="$sourcedir" />
			<require-file name="Subs-RSS2.php" destination="$sourcedir" />
			<require-file name="cronrss.php" destination="$boarddir" />
			<require-file name="FeedPoster2.template.php" destination="$themedir" />
			<require-file name="FeedPoster.english.php" destination="$themedir/languages" />
			<require-file name="FeedPoster.english-utf8.php" destination="$themedir/languages" />
			<code>FeedPostersql2.php</code>
		</install>
	
		<uninstall for="2.0 - 2.0.99, 2.0 RC2, 2.0 RC3, 2.0 RC4, 2.0 RC5">
			<modification type="file" reverse="true">FeedPoster2.xml</modification>
			<remove-file name="$sourcedir/FeedPoster2.php" />
			<remove-file name="$sourcedir/Subs-RSS2.php" />
			<remove-file name="$boarddir/cronrss.php" />
			<remove-file name="$themedir/FeedPoster2.template.php" />
			<remove-file name="$themedir/languages/FeedPoster.english.php" />
			<remove-file name="$themedir/languages/FeedPoster.english-utf8.php" />	
			<code>UnInstall.php</code>
	</uninstall>

</package-info>