<?xml version="1.0"?>
<!DOCTYPE modification SYSTEM "http://www.simplemachines.org/xml/modification">
<modification xmlns="http://www.simplemachines.org/xml/modification" xmlns:smf="http://www.simplemachines.org/">
<id>vbgamer45:HideProfileDisplay</id>
<version>1.0</version>
<file name="$themedir/Profile.template.php">
	<operation>
	<search position="replace"><![CDATA[// Messenger type information.
	echo '
				<tr>
					<td colspan="2"><hr size="1" width="100%" class="hrcolor" /></td>
				</tr><tr>
					<td><b>', $txt[513], ':</b></td>
					<td>', $context['member']['icq']['link_text'], '</td>
				</tr><tr>
					<td><b>', $txt[603], ': </b></td>
					<td>', $context['member']['aim']['link_text'], '</td>
				</tr><tr>
					<td><b>', $txt['MSN'], ': </b></td>
					<td>', $context['member']['msn']['link_text'], '</td>
				</tr><tr>
					<td><b>', $txt[604], ': </b></td>
					<td>', $context['member']['yim']['link_text'], '</td>
				</tr><tr>]]>
	</search>
	<add><![CDATA[// Messenger type information.
	echo '
				<tr>
					<td colspan="2"><hr size="1" width="100%" class="hrcolor" /></td>
				</tr>';
				
				if (!empty($context['member']['icq']['link_text']))
					echo '
				<tr>
					<td><b>', $txt[513], ':</b></td>
					<td>', $context['member']['icq']['link_text'], '</td>
				</tr>';
				
				
				if (!empty($context['member']['aim']['link_text']))
				echo '
				<tr>
					<td><b>', $txt[603], ': </b></td>
					<td>', $context['member']['aim']['link_text'], '</td>
				</tr>';
				
				
				if (!empty($context['member']['msn']['link_text']))
				echo '
				<tr>
					<td><b>', $txt['MSN'], ': </b></td>
					<td>', $context['member']['msn']['link_text'], '</td>
				</tr>';
				
				
				if (!empty($context['member']['yim']['link_text']))
				echo '
				<tr>
					<td><b>', $txt[604], ': </b></td>
					<td>', $context['member']['yim']['link_text'], '</td>
				</tr>';
				
				echo '<tr>
				
				]]>
	</add>
	</operation>
	
</file>	
<file name="$themedir/Profile.template.php">	
	<operation>
		<search position="replace"><![CDATA[<tr>
					<td><b>', $txt[96], ': </b></td>
					<td><a href="', $context['member']['website']['url'], '" target="_blank">', $context['member']['website']['title'], '</a></td>
				</tr><tr>]]>
		</search>
		<add><![CDATA[';
		
		if (!empty($context['member']['website']['url']))
		echo '
				<tr>
					<td><b>', $txt[96], ': </b></td>
					<td><a href="', $context['member']['website']['url'], '" target="_blank">', $context['member']['website']['title'], '</a></td>
				</tr><tr>';
		echo '
				]]>
		</add>
	</operation>
</file>	
	

<file name="$themedir/Profile.template.php">	

	
	
	<operation>
			<search position="replace"><![CDATA[// Show the users signature.
	echo '
				<tr>
					<td colspan="2" height="25">
						<table width="100%" cellpadding="0" cellspacing="0" border="0" style="table-layout: fixed;">
							<tr>
								<td style="padding-bottom: 0.5ex;"><b>', $txt[85], ':</b></td>
							</tr><tr>
								<td colspan="2" width="100%" class="smalltext"><div class="signature">', $context['member']['signature'], '</div></td>
							</tr>
						</table>
					</td>
				</tr>]]>
			</search>
			<add><![CDATA[
			
			// Show the users signature.
	if (!empty($context['member']['signature']))
	echo '
				<tr>
					<td colspan="2" height="25">
						<table width="100%" cellpadding="0" cellspacing="0" border="0" style="table-layout: fixed;">
							<tr>
								<td style="padding-bottom: 0.5ex;"><b>', $txt[85], ':</b></td>
							</tr><tr>
								<td colspan="2" width="100%" class="smalltext"><div class="signature">', $context['member']['signature'], '</div></td>
							</tr>
						</table>
					</td>
				</tr>';
				
				echo '
				]]>
			</add>
	</operation>
	
	
	
	
</file>





<file name="$themedir/Profile.template.php">
	<operation>
		<search position="replace"><![CDATA[<tr>
					<td><b>', $txt[231], ': </b></td>
					<td>', $context['member']['gender']['name'], '</td>
				</tr><tr>
					<td><b>', $txt[420], ':</b></td>
					<td>', $context['member']['age'] . ($context['member']['today_is_birthday'] ? ' &nbsp; <img src="' . $settings['images_url'] . '/bdaycake.gif" width="40" alt="" />' : ''), '</td>
				</tr><tr>
					<td><b>', $txt[227], ':</b></td>
					<td>', $context['member']['location'], '</td>
				</tr><tr>
					<td><b>', $txt['local_time'], ':</b></td>
					<td>', $context['member']['local_time'], '</td>
				</tr><tr>';]]></search>
	<add><![CDATA[';
				
				if (!empty($context['member']['gender']['name'])) 
				echo '
				<tr>
					<td><b>', $txt[231], ': </b></td>
					<td>', $context['member']['gender']['name'], '</td>
				</tr>';
				
				if (!empty($context['member']['age']) &&  $context['member']['age'] != 'N/A') 
				echo '
				<tr>
					<td><b>', $txt[420], ':</b></td>
					<td>', $context['member']['age'] . ($context['member']['today_is_birthday'] ? ' &nbsp; <img src="' . $settings['images_url'] . '/bdaycake.gif" width="40" alt="" />' : ''), '</td>
				</tr>';
				
				if (!empty($context['member']['location'])) 
				echo '
				<tr>
					<td><b>', $txt[227], ':</b></td>
					<td>', $context['member']['location'], '</td>
				</tr>';
				
				if (!empty($context['member']['local_time'])) 
				echo '
				<tr>
					<td><b>', $txt['local_time'], ':</b></td>
					<td>', $context['member']['local_time'], '</td>
				</tr>';]]></add>
	</operation>
</file>

<file name="$themedir/Profile.template.php">	
	<operation>
			<search position="replace"><![CDATA[if (!empty($modSettings['userLanguage']))
		echo '
					<td><b>', $txt['smf225'], ':</b></td>
					<td>', $context['member']['language'], '</td>
				</tr><tr>';]]></search>
			<add><![CDATA[if (!empty($modSettings['userLanguage']) && !empty($context['member']['language']))
		echo '
					<td><b>', $txt['smf225'], ':</b></td>
					<td>', $context['member']['language'], '</td>
				</tr><tr>';]]></add>
	</operation>
</file>	


</modification>