<?xml version="1.0"?>
<!DOCTYPE modification SYSTEM "http://www.simplemachines.org/xml/modification">
<modification xmlns="http://www.simplemachines.org/xml/modification" xmlns:smf="http://www.simplemachines.org/">
	<id>vbgamer45:globalhf</id>
	<version>2.0.1</version>
	<homepage>http://www.smfhacks.com/</homepage>
	<file name="$sourcedir/Admin.php">
		<operation>
			<search position="before"><![CDATA[
	loadTemplate('Admin', 'admin');
]]></search>
			<add><![CDATA[
	//-- SMFHacks.com; Global Headers and Footers
	loadLanguage('smfhacks_languages/global-hf');
	// End SMFHacks.com; Global Headers and Footers --//
]]></add>
		</operation>
		<operation>
			<search position="after"><![CDATA[
				'current_theme' => array(
]]></search>
			<add><![CDATA[
				//-- SMFHacks.com; Global Headers and Footers
				'globalhf' => array(
					'label' => $txt['global_hf']['title'],
					'file' => 'smfhacks_source/global-hf.php',
					'function' => 'GlobalHF',
					'icon' => '../smfhacks_images/global-hf-table-select-row.png',
					'subsections' => array(
					)
				),
				// End SMFHacks.com; Global Headers and Footers --//
]]></add>
		</operation>
	</file>
	<file name="$sourcedir/Load.php">
		<operation>
			<search position="before"><![CDATA[
		$context['html_headers'] = '';
]]></search>
			<add><![CDATA[
	//-- SMFHacks.com; Global Headers and Footers
	if (empty($context['uninstalling']) && (!isset($_GET['package']) || !stripos($_GET['package'], 'Global-Headers-and-Footers')))
	{
		require_once($sourcedir . '/smfhacks_source/global-hf.php');
		retrieveGlobalHFContent('load');
	}
	// End SMFHacks.com; Global Headers and Footers --//
]]></add>
		</operation>
	</file>
	<file name="$sourcedir/Subs.php">
		<operation>
			<search position="before"><![CDATA[
		loadSubTemplate($layer . '_above', true);
]]></search>
			<add><![CDATA[
		//-- SMFHacks.com; Global Headers and Footers
		if ($layer == 'body' && (empty($context['uninstalling']) && (!isset($_GET['package']) || !stripos($_GET['package'], 'Global-Headers-and-Footers'))))
		{
			global $sourcedir;
			require_once($sourcedir . '/smfhacks_source/global-hf.php');
			retrieveGlobalHFContent('_above');
		}
		// End SMFHacks.com; Global Headers and Footers --//
]]></add>
		</operation>
		<operation>
			<search position="replace"><![CDATA[
	foreach (array_reverse($context['template_layers']) as $layer)
		loadSubTemplate($layer . '_below', true);
]]></search>
			<add><![CDATA[
	foreach (array_reverse($context['template_layers']) as $layer)
	{
		//-- SMFHacks.com; Global Headers and Footers
		if ($layer == 'body' && (empty($context['uninstalling']) && (!isset($_GET['package']) || !stripos($_GET['package'], 'Global-Headers-and-Footers'))))
		{
			global $sourcedir;
			require_once($sourcedir . '/smfhacks_source/global-hf.php');
			retrieveGlobalHFContent('_below');
		}
		// End SMFHacks.com; Global Headers and Footers --//
		loadSubTemplate($layer . '_below', true);
	}
]]></add>
		</operation>
	</file>
</modification>