<?xml version="1.0"?>
<!DOCTYPE package-info SYSTEM "http://www.simplemachines.org/xml/package-info">

<package-info xmlns="http://www.simplemachines.org/xml/package-info" xmlns:smf="http://www.simplemachines.org/">
	<id>vbgamer45:gpdrhelper</id>
	<name>GPDR Helper</name>
	<type>modification</type>
	<version>1.0.1</version>

	<install for="2.0 - 2.0.99, 2.0 RC2, 2.0 RC3, 2.0 RC4, 2.0 RC5">
		<redirect url="?action=admin;area=gpdr;sa=settings">redirect.txt</redirect>
		<readme>ReadMe.txt</readme>
		<modification type="file">gpdr2.xml</modification>
		<require-file name="gpdr2.php" destination="$sourcedir" />
		<require-file name="Profile-gpdr2.php" destination="$sourcedir" />
		<require-file name="gpdr2.template.php" destination="$themedir" />
		<require-file name="gpdr.english.php" destination="$themedir/languages" />
		<require-file name="gpdr.english-utf8.php" destination="$themedir/languages" />
		<require-file name="privacy_template.txt" destination="$boarddir" />
		<require-file name="privacypolicy.txt" destination="$boarddir" />
		<code>gpdrinstall2.php</code>
	</install>
	
	<upgrade for="2.0 - 2.0.99, 2.0 RC2, 2.0 RC3, 2.0 RC4, 2.0 RC5">
		<redirect url="?action=admin;area=gpdr;sa=settings">redirect.txt</redirect>
		<readme>ReadMe.txt</readme>
		<require-file name="gpdr2.php" destination="$sourcedir" />
		<require-file name="Profile-gpdr2.php" destination="$sourcedir" />
		<require-file name="gpdr2.template.php" destination="$themedir" />
		<require-file name="gpdr.english.php" destination="$themedir/languages" />
		<require-file name="gpdr.english-utf8.php" destination="$themedir/languages" />
		<code>gpdrinstall2.php</code>
	
	</upgrade>
	<uninstall for="2.0 - 2.0.99, 2.0 RC2, 2.0 RC3, 2.0 RC4, 2.0 RC5">
		<modification type="file" reverse="true">gpdr2.xml</modification>
		<remove-file name="$sourcedir/gpdr2.php" />
		<remove-file name="$sourcedir/Profile-gpdr2.php" />
		<remove-file name="$themedir/gpdr2.template.php" />
		<remove-file name="$themedir/languages/gpdr.english.php" />
		<remove-file name="$themedir/languages/gpdr.english-utf8.php" />
	</uninstall>
	
	
	
	

	
	
</package-info>