<?xml version="1.0"?>
<!DOCTYPE modification SYSTEM "http://www.simplemachines.org/xml/modification">
<modification xmlns="http://www.simplemachines.org/xml/modification" xmlns:smf="http://www.simplemachines.org/">
<id>vbgamer45:zapierforsmf</id>
<version>1.0</version>
<file name="$languagedir/Modifications.english.php">
	<operation>
		<search position="end" />
		<add><![CDATA[
// Begin Zapier Text Strings
$txt['zapier_admin'] = 'Zapier Settings';
// END Zapier Text Strings
]]></add>
	</operation>
</file>

<file name="$languagedir/Modifications.english-utf8.php" error="skip">
	<operation>
		<search position="end" />
		<add><![CDATA[
// Begin Zapier Text Strings
$txt['zapier_admin'] = 'Zapier Settings';
// END Zapier Text Strings
]]></add>
	</operation>
</file>





</modification>