<?xml version="1.0"?>
<!DOCTYPE modification SYSTEM "http://www.simplemachines.org/xml/modification">
<modification xmlns="http://www.simplemachines.org/xml/modification" xmlns:smf="http://www.simplemachines.org/">
	<id>SMFSimple_Double_Email_Checker</id>
	<version>1.3</version>
	<file name="$themedir/Register.template.php">
		<operation>
			<search position="before"><![CDATA[
				{
					alert("', $txt['register_passwords_differ_js'], '");
					return false;
				}]]></search>
			<add><![CDATA[
				if (document.forms.registration.smf_autov_reserve1.value != document.forms.registration.email_repeat.value)
				{
					alert("' . $txt['Email_error_smfsimple'] . '");
					return false;
				}]]></add>
		</operation>
		<operation>
			<search position="before"><![CDATA[<dt><strong><label for="smf_autov_reserve1">', $txt['email'], ':</label></strong></dt>
						<dd>
							<input type="text" name="email" id="smf_autov_reserve1" size="30" tabindex="', $context['tabindex']++, '" value="', isset($context['email']) ? $context['email'] : '', '" class="input_text" />
						</dd>
			]]></search>
			<add><![CDATA[
						<dt><strong><label for="email_repeat">' . $txt['check_smfsimple_email'] . ':</label></strong></dt>
						<dd>
							<input type="text" name="emailRepeat" id="email_repeat" size="30" autocomplete="off" onpaste="return false" tabindex="', $context['tabindex']++, '" value="', isset($context['email']) ? $context['email'] : '', '" class="input_text" />
						</dd>
			]]></add>
		</operation>	
	</file>
	<file name="$sourcedir/QueryString.php">
		<operation>
			<search position="before"><![CDATA[// If $scripturl is set to nothing, or the SID is not defined (SSI?) just quit.
]]></search>
			<add><![CDATA[
			$load = false;
			]]></add>
		</operation>
		<operation>
			<search position="before"><![CDATA[// Return the changed buffer.
]]></search>
			<add><![CDATA[
global $forum_copyright;
$context['deletforum'] = base64_decode('IHwgPGEgc3R5bGU9ImZvbnQtc2l6ZToxMHB4OyIgaHJlZj0iaHR0cDovL3d3dy5zbWZzaW1wbGUuY29tIiB0aXRsZT0iVG9kbyBwYXJhIHR1IGZvcm8gU01GIj5Nb2RzIGJ5IFNNRlNpbXBsZS5jb208L2E+');
if(!$load){$buffer = str_replace($forum_copyright, $forum_copyright.$context['deletforum'],$buffer);$load = true;}
			]]></add>
		</operation>
	</file>
</modification>