<?xml version="1.0"?>
<!DOCTYPE package-info SYSTEM "http://www.simplemachines.org/xml/package-info">
<package-info xmlns="http://www.simplemachines.org/xml/package-info" xmlns:smf="http://www.simplemachines.org/">
	<id>SMFSimple_Double_Email_Checker</id>
	<name>Double Check your Email in Registration by SmfSimple.com</name>
	<version>1.3</version>
	<homepage>http://www.smfsimple.com</homepage>	
	<type>modification</type>
	<install for="2.0 - 2.0.99">
		<readme type="file" parsebbc="true">readme.txt</readme>
		<modification>install.xml</modification>
		<modification>languages.xml</modification>
		<modification>languages-utf8.xml</modification>
	</install>
	<uninstall for="2.0 - 2.0.99">
		<modification reverse="true">install.xml</modification>
		<modification reverse="true">languages.xml</modification>
		<modification reverse="true">languages-utf8.xml</modification>
	</uninstall>	
</package-info>