<?xml version="1.0"?>
<!DOCTYPE package-info SYSTEM "http://www.simplemachines.org/xml/package-info">
<package-info xmlns="http://www.simplemachines.org/xml/package-info" xmlns:smf="http://www.simplemachines.org/">
        <name>Remember Position After Login/Logout v1.0.3</name>
        <id>distante:RememberPositionAfter</id>
        <type>modification</type>
		<homepage>http://www.smfsimple.com</homepage>
        <version>1.3</version>
		
	<!--// Install Uninstall for SMF 1.1.x//-->
	<install for="1.1 - 1.99.99">
		<readme parsebbc="true">readme.txt</readme>
		<modification type="file">install-RC.xml</modification>
	</install>
	
	<uninstall for="for="1.1 - 1.99.99"">
		<modification type="file" reverse="true">install-RC.xml</modification>
	</uninstall>


		<!--// Install Uninstall for SMF RC 2-3-4//-->
	<install for="2.0 RC2, 2.0 RC3, 2.0 RC4, 2.0 RC5">
		<readme parsebbc="true">readme.txt</readme>
		<modification type="file">install-RC.xml</modification>
	</install>
	
	<uninstall for="2.0 RC2, 2.0 RC3, 2.0 RC4, 2.0 RC5">
		<modification type="file" reverse="true">install-RC.xml</modification>
	</uninstall>
	
	
	
	<!--// Install Uninstall for SMF RC 2-3-4//-->
	<install for="2.0 - 2.0.99">
		<readme parsebbc="true">readme.txt</readme>
		<modification type="file">install.xml</modification>
	</install>
	
	<uninstall for="2.0 - 2.0.99">
		<modification type="file" reverse="true">install.xml</modification>
	</uninstall>
	
</package-info>