<?xml version="1.0"?>
<!DOCTYPE package-info SYSTEM "http://www.simplemachines.org/xml/package-info">
<package-info xmlns="http://www.simplemachines.org/xml/package-info" xmlns:smf="http://www.simplemachines.org/">
	<name>ENotify</name>
	<id>forsakenlad:enotify</id>
	<type>modification</type>
	<version>1.0.8</version>
	<install for="2.0-2.99.99, 2.0 RC2, 2.0 RC3">
		<code>install.php</code>
		<modification>install.xml</modification>
		<require-file name="ENotify.php" destination="$sourcedir" />
		<require-file name="ENotify.template.php" destination="$themedir" />
		<require-file name="enotify.js" destination="$themedir/scripts" />
		<require-file name="jquery.jgrowl.css" destination="$themedir/css" />
		<require-file name="ENotify.english.php" destination="$languagedir" />
		<require-file name="ENotify.english-utf8.php" destination="$languagedir" />
		<require-file name="ENotify.turkish.php" destination="$languagedir" />
		<require-file name="ENotify.turkish-utf8.php" destination="$languagedir" />
	</install>
	<uninstall for="2.0-2.99.99, 2.0 RC2, 2.0 RC3">
		<modification reverse="true">install.xml</modification>
		<remove-file name="$sourcedir/ENotify.php" />
		<remove-file name="$themedir/ENotify.template.php" />
		<remove-file name="$themedir/scripts/enotify.js" />
		<remove-file name="$themedir/css/jquery.jgrowl.css" />
		<remove-file name="$languagedir/ENotify.english.php" />
		<remove-file name="$languagedir/ENotify.english-utf8.php" />
		<remove-file name="$languagedir/ENotify.turkish.php" />
		<remove-file name="$languagedir/ENotify.turkish-utf8.php" />
	</uninstall>
</package-info>