<?xml version="1.0"?>
<!DOCTYPE modification SYSTEM "http://www.simplemachines.org/xml/modification">
<modification xmlns="http://www.simplemachines.org/xml/modification" xmlns:smf="http://www.simplemachines.org/">
<id>vbgamer45:phpbbc</id>
<version>1.0</version>
<file name="$themedir/Post.template.php">
	<operation>
	<search position="before"><![CDATA[			'code' => array('code' => 'code', 'before' => '[code]', 'after' => '[/code]', 'description' => $txt[259]),
]]></search>
	<add><![CDATA[			'php' => array('code' => 'code', 'before' => '[php]', 'after' => '[/php]', 'description' => 'php'),]]></add>
	</operation>
</file>
</modification>