<?xml version="1.0"?>
<!DOCTYPE modification SYSTEM "http://www.simplemachines.org/xml/modification">
<modification xmlns="http://www.simplemachines.org/xml/modification" xmlns:smf="http://www.simplemachines.org/">
<id>vbgamer45:phpbbc</id>
<version>1.0</version>
<file name="$sourcedir/Subs-Editor.php">
	<operation>
	<search position="replace"><![CDATA[array(
				'image' => 'code',
				'code' => 'code',
				'before' => '[code]',
				'after' => '[/code]',
				'description' => $txt['bbc_code']
			),]]></search>
	<add><![CDATA[array(
				'image' => 'code',
				'code' => 'code',
				'before' => '[code]',
				'after' => '[/code]',
				'description' => $txt['bbc_code']
			),
			array(
				'image' => 'php',
				'code' => 'php',
				'before' => '[php]',
				'after' => '[/php]',
				'description' => 'php'
			),]]></add>
	</operation>
</file>
</modification>