<?xml version="1.0"?>
<!DOCTYPE package-info SYSTEM "http://www.simplemachines.org/xml/package-info">
<package-info xmlns="http://www.simplemachines.org/xml/package-info" xmlns:smf="http://www.simplemachines.org/">
	<name>Profile Views</name>
	<id>4kstore:ProfileViews</id>
	<version>2.0</version>
	<type>modification</type>
	<install for="2.0 - 2.0.99">
		<redirect url="?action=admin;area=modsettings;sa=general">redirect.txt</redirect>
		<modification>install.xml</modification>
		<require-file name="sources/ProfileViewsMod.php" destination="$sourcedir" />
		<require-dir name="default/languages" destination="$themedir" />
		<require-dir name="default/css" destination="$themedir" />
		<require-dir name="default/images" destination="$themedir" />
		<code>install_db.php</code>
		<code>hooks.php</code>
	</install>
	<uninstall for="2.0 - 2.0.99">
		<modification type="file" reverse="true">install.xml</modification>
		<remove-file name="$sourcedir/ProfileViewsMod.php" />
		<remove-file name="$themedir/css/ProfileViewsMod.css" />
		<remove-file name="$themedir/images/noavatar.png" />
		<!--Language Files-->
		<remove-file name="$languagedir/ProfileViewsMod.english.php" />
		<remove-file name="$languagedir/ProfileViewsMod.spanish_latin.php" />
		<remove-file name="$languagedir/ProfileViewsMod.spanish_es.php" />
		<remove-file name="$languagedir/ProfileViewsMod.spanish_latin-utf8.php" />
		<remove-file name="$languagedir/ProfileViewsMod.spanish_es-utf8.php" />
		<code>hooks.php</code>
	</uninstall>
</package-info>

