<?xml version="1.0"?>
<!DOCTYPE package-info SYSTEM "http://www.simplemachines.org/xml/package-info">

<!-- - - - - - - - - - - - - - - - - - - - - - - - - - - - - - - - - - - - - - -
	ATTENTION: If you are trying to install this manually, you should try
	the package manager.  If it will not work for you, please take a look
	at the following for information on this format:
		http://mods.simplemachines.org/docs/manual-install.php
 - - - - - - - - - - - - - - - - - - - - - - - - - - - - - - - - - - - - - - -->

<package-info xmlns="http://www.simplemachines.org/xml/package-info">
	<id>el:prettyurls-reverter</id>
	<version>1.0</version>
	<name>Pretty URLs Reverter</name>
	<type>modification</type>

	<install for="1.1, 1.1.0-1.1.99">
		<readme parsebbc="true">readme-install.bbc</readme>
		<modification>Sources-SMF1-1.xml</modification>
	</install>
	<uninstall for="1.1, 1.1.0-1.1.99">
		<modification reverse="true">Sources-SMF1-1.xml</modification>
	</uninstall>

	<install for="2.0 Beta 3, 2.0 Beta 3 Public, 2.0 Beta 3.1 Public, 2.0 Beta 4, 2.0 Beta 4 Public, 2.0 RC1, 2.0 RC1-1, 2.0 RC2, 2.0 RC3">
		<readme parsebbc="true">readme-install.bbc</readme>
		<modification>Sources-SMF2-0.xml</modification>
	</install>
	<uninstall for="2.0 Beta 3, 2.0 Beta 3 Public, 2.0 Beta 3.1 Public, 2.0 Beta 4, 2.0 Beta 4 Public, 2.0 RC1, 2.0 RC1-1, 2.0 RC2, 2.0 RC3">
		<modification reverse="true">Sources-SMF2-0.xml</modification>
	</uninstall>

</package-info>
