<?xml version="1.0"?>
<!DOCTYPE package-info SYSTEM "http://www.simplemachines.org/xml/package-info">

<package-info xmlns="http://www.simplemachines.org/xml/package-info" xmlns:smf="http://www.simplemachines.org/">
	<id>vbgamer45:ProfileComments</id>
	<name>Profile Comments</name>
	<type>modification</type>
	<version>2.1</version>
	<install for="1.1 - 1.1.99,1.1 RC3,1.1 RC2">
		<readme>ReadMe.txt</readme>
		<modification type="file">comments.xml</modification>
		<require-file name="ProfileComments.php" destination="$sourcedir" />
		<require-file name="ProfileComments.template.php" destination="$themedir" />
		<require-file name="ProfileComments.english.php" destination="$themedir/languages" />
		<require-file name="ProfileComments.english-utf8.php" destination="$themedir/languages" />
		<code>ProfileCommentsinstall.php</code>
	
	</install>
	<uninstall for="1.1 - 1.1.99,1.1 RC3,1.1 RC2">
		<modification type="file" reverse="true">comments.xml</modification>
		<remove-file name="$sourcedir/ProfileComments.php" />
		<remove-file name="$themedir/ProfileComments.template.php" />
		<remove-file name="$themedir/languages/ProfileComments.english.php" />
		<remove-file name="$themedir/languages/ProfileComments.english-utf8.php" />
		<code>UnInstall.php</code>
	</uninstall>
	<install for="1.0 - 1.0.99">
		<readme>ReadMe.txt</readme>
		<modification type="file">comments8.xml</modification>
		<require-file name="ProfileComments.php" destination="$sourcedir" />
		<require-file name="ProfileComments.template.php" destination="$themedir" />
		<require-file name="ProfileComments.english.php" destination="$themedir/languages" />
		<code>ProfileCommentsinstall.php</code>
	
	</install>
	<uninstall for="1.0 - 1.0.99">
		<modification type="file" reverse="true">comments8.xml</modification>
		<remove-file name="$sourcedir/ProfileComments.php" />
		<remove-file name="$themedir/ProfileComments.template.php" />
		<remove-file name="$themedir/languages/ProfileComments.english.php" />
		<code>UnInstall.php</code>

	</uninstall>
	

	
	
	
	
		<install for="2.0 - 2.0.99,2.0 RC2, 2.0 RC3, 2.0 RC4, 2.0 RC5">
				<readme>ReadMe.txt</readme>
				<modification type="file">comments2rc2.xml</modification>
				<require-file name="ProfileComments2.php" destination="$sourcedir" />
				<require-file name="ProfileComments2.template.php" destination="$themedir" />
				<require-file name="ProfileComments.english.php" destination="$themedir/languages" />
				<require-file name="ProfileComments.english-utf8.php" destination="$themedir/languages" />
				<code>ProfileCommentsinstall2.php</code>
			
		</install>
		<uninstall for="2.0 - 2.0.99,2.0 RC2, 2.0 RC3, 2.0 RC4, 2.0 RC5">
			<modification type="file" reverse="true">comments2rc2.xml</modification>
			<code>UnInstall.php</code>
		</uninstall>
		<upgrade for="2.0 - 2.0.99,2.0 RC2, 2.0 RC3, 2.0 RC4, 2.0 RC5">
					<readme>ReadMe.txt</readme>
					<require-file name="ProfileComments2.php" destination="$sourcedir" />
					<require-file name="ProfileComments2.template.php" destination="$themedir" />
					<require-file name="ProfileComments.english.php" destination="$themedir/languages" />
					<require-file name="ProfileComments.english-utf8.php" destination="$themedir/languages" />
					<code>ProfileCommentsinstall2.php</code>
				
	</upgrade>
	
</package-info>