<?xml version="1.0"?>
<!DOCTYPE modification SYSTEM "http://www.simplemachines.org/xml/modification">
<modification xmlns="http://www.simplemachines.org/xml/modification" xmlns:smf="http://www.simplemachines.org/">
<id>vbgamer45:SMFRanks</id>
<version>1.0</version>
<file name="$sourcedir/Groups.php">
	<operation>
	<search position="replace"><![CDATA[function GroupList()
{]]></search>
	<add><![CDATA[function GroupList()
{
	
	global $boardurl;
	
	]]></add>
	</operation>
	<operation>
	<search position="replace"><![CDATA['stars' => !empty($row['stars'][0]) && !empty($row['stars'][1]) ? str_repeat('<img src="' . $settings['images_url'] . '/' . $row['stars'][1] . '" alt="*" border="0" />', $row['stars'][0]) : '',]]>
	</search>
	<add><![CDATA['stars' => !empty($row['stars'][0]) && !empty($row['stars'][1]) ? str_repeat('<img src="' . $boardurl . '/ranks/' . $row['stars'][1] . '" alt="*" border="0" />', $row['stars'][0]) : '',]]>
	</add>
	</operation>
	
	
	
	<operation>
	<search position="replace"><![CDATA[function list_getGroups($start, $items_per_page, $sort)
{]]></search>
	<add><![CDATA[function list_getGroups($start, $items_per_page, $sort)
{
	
	global $boardurl;
	
	]]></add>
	</operation>
	<operation>
	<search position="replace"><![CDATA['stars' => !empty($row['stars'][0]) && !empty($row['stars'][1]) ? str_repeat('<img src="' . $settings['images_url'] . '/' . $row['stars'][1] . '" alt="*" border="0" />', $row['stars'][0]) : '',]]>
	</search>
	<add><![CDATA['stars' => !empty($row['stars'][0]) && !empty($row['stars'][1]) ? str_repeat('<img src="' . $boardurl . '/ranks/' . $row['stars'][1] . '" alt="*" border="0" />', $row['stars'][0]) : '',]]>
	</add>
	</operation>
	
	
</file>
<file name="$themedir/ManageMembergroups.template.php">
	<operation>
	<search position="replace"><![CDATA[function template_edit_group()
{
	global $context, $settings, $options, $scripturl, $txt;]]></search>
	<add><![CDATA[
	function template_edit_group()
{
	global $context, $settings, $options, $scripturl, $txt, $boardurl;]]>
	</add>
	</operation>
	<operation>
	<search position="replace"><![CDATA[<dd>
							', $txt['membergroups_images_url'], '
							<input type="text" name="star_image" id="star_image_input" value="', $context['group']['star_image'], '" onchange="if (this.value &amp;&amp; this.form.star_count.value == 0) this.form.star_count.value = 1; else if (!this.value) this.form.star_count.value = 0; document.getElementById(\'star_preview\').src = smf_images_url + \'/\' + (this.value &amp;&amp; this.form.star_count.value > 0 ? this.value.replace(/\$language/g, \'', $context['user']['language'], '\') : \'blank.gif\');" size="20" class="input_text" />
							<img id="star_preview" src="', $settings['images_url'], '/', $context['group']['star_image'] == '' ? 'blank.gif' : $context['group']['star_image'], '" alt="*" />
						</dd>]]>
	</search>
	<add><![CDATA[<dd>
							{Board URL}/ranks/
						<input type="text" name="star_image" id="star_image_input" value="', $context['group']['star_image'], '" onchange="if (this.value &amp;&amp; this.form.star_count.value == 0) this.form.star_count.value = 1; else if (!this.value) this.form.star_count.value = 0; document.getElementById(\'star_preview\').src = ' . $boardurl . ' + \'/ranks/\' + (this.value &amp;&amp; this.form.star_count.value > 0 ? this.value.replace(/\$language/g, \'', $context['user']['language'], '\') : \'blank.gif\');" size="20" class="input_text" />
						<img id="star_preview" src="', $boardurl, '/ranks/', $context['group']['star_image'] == '' ? 'blank.gif' : $context['group']['star_image'], '" alt="*" />
						</dd>]]>
	</add>
	</operation>
</file>
<file name="$sourcedir/Load.php">
	<operation>
	<search position="after"><![CDATA[static $dataLoaded = array();]]></search>
	<add><![CDATA[
	global $boardurl;]]>
	</add>
	</operation>
	<operation>
	<search position="replace"><![CDATA['group_stars' => str_repeat('<img src="' . str_replace('$language', $context['user']['language'], isset($profile['stars'][1]) ? $settings['images_url'] . '/' . $profile['stars'][1] : '') . '" alt="*" border="0" />', empty($profile['stars'][0]) || empty($profile['stars'][1]) ? 0 : $profile['stars'][0]),]]>
	</search>
	<add><![CDATA['group_stars' => str_repeat('<img src="' . str_replace('$language', $context['user']['language'], isset($profile['stars'][1]) ? $boardurl . '/ranks/' . $profile['stars'][1] : '') . '" alt="*" border="0" />', empty($profile['stars'][0]) || empty($profile['stars'][1]) ? 0 : $profile['stars'][0]),]]>
	</add>
	</operation>
</file>

<file name="$sourcedir/ManageMembergroups.php">
	<operation>
	<search position="replace"><![CDATA[function MembergroupIndex()
{]]></search>
	<add><![CDATA[function MembergroupIndex()
{
	
	global $boardurl;
	
	]]></add>
	</operation>
	<operation>
	<search position="replace"><![CDATA[$image = sprintf(\'<img src="%1$s/%2$s" alt="*" border="0" />\', $settings[\'images_url\'], $stars[1]);]]>
	</search>
	<add><![CDATA[$image = sprintf(\'<img src="%1$s/%2$s" alt="*" border="0" />\', $boardurl . \'/ranks\', $stars[1]);]]>
	</add>
	</operation>
	
	
	
	
	<operation>
	<search position="replace"><![CDATA[$star_image = sprintf(\'<img src="%1$s/%2$s" alt="*" border="0" />\', $settings[\'images_url\'], $stars[1]);]]>
	</search>
	<add><![CDATA[$star_image = sprintf(\'<img src="%1$s/%2$s" alt="*" border="0" />\', $boardurl . \'/ranks\', $stars[1]);]]>
	</add>
	</operation>
	
	
</file>
</modification>

