<?xml version="1.0"?>
<!DOCTYPE package-info SYSTEM "http://www.simplemachines.org/xml/package-info">
<package-info xmlns="http://www.simplemachines.org/xml/package-info" xmlns:smf="http://www.simplemachines.org/">
	<id>jaybachatero:country_flags</id>
	<name>Country Flags</name>
	<version>1.1.1</version>
	<type>modification</type>

	<install for="1.1 - 1.1.9, 1.1.10">
		<readme>readme.txt</readme>
		<modification format="xml" type="file">install.xml</modification>
		<modification format="xml" type="file">languages.xml</modification>
		<require-dir name="flags" destination="$imagesdir" />
	</install>

	<uninstall for="1.1 - 1.1.9, 1.1.10">
		<modification reverse="true">install.xml</modification>
		<modification reverse="true">languages.xml</modification>
		<remove-dir name="$imagesdir/flags" />
		<code>UnInstall.php</code>
	</uninstall>
	
	<install for="2.0 RC1 - 2.0 RC3">
		<database>install.php</database>
		<modification type="file" format="xml">install-2.xml</modification>
		<modification type="file" format="xml">languages.xml</modification>
		<require-dir name="flags" destination="$imagesdir" />
	</install>
	
	<uninstall for="2.0 RC1 - 2.0 RC3">
		<database>install.php</database>
		<modification type="file" format="xml" reverse="true">install-2.xml</modification>
		<modification type="file" format="xml" reverse="true">languages.xml</modification>
		<remove-dir name="$imagesdir/flags" />
		<code>UnInstall.php</code>
	</uninstall>

</package-info>