<?xml version="1.0"?>
<!DOCTYPE modification SYSTEM "http://www.simplemachines.org/xml/modification">
<modification xmlns="http://www.simplemachines.org/xml/modification" xmlns:smf="http://www.simplemachines.org/">
<id>vbgamer45:ezportal</id>
<version>1.0</version>
<file name="$languagedir/Modifications.english.php">
	<operation>
		<search position="end" />
		<add><![CDATA[
// Begin EzPortal Text Strings
$txt['ezp_forum_tab'] = 'Forum';
$txt['ezportal_admin'] = 'EzPortal';
$txt['ezportal_settings'] = 'Settings';
$txt['ezportal_block_manager'] = 'ezBlock Manager';
$txt['ezportal_page_manager'] = 'Page Manager';
$txt['ezp_txt_ordercopyright'] = 'Order Copyright Removal';
$txt['ezp_txt_copyrightremoval'] = 'Copyright Removal';
$txt['ezp_credits'] = 'Credits';

// Permissions
$txt['permissiongroup_ezportal'] = 'EzPortal';

$txt['permissionname_ezportal_page'] = 'Manage Pages';
$txt['permissionhelp_ezportal_page'] = 'Allows adding,editing,and deleting of pages.';
$txt['cannot_ezportal_page'] = 'You are not allowed to manage EzPortal pages.';

$txt['permissionname_ezportal_blocks'] = 'Manage ezBlocks';
$txt['permissionhelp_ezportal_blocks'] = 'Allows adding,editing,and deleting of ezBlocks.';
$txt['cannot_ezportal_blocks'] = 'You are not allowed to manage ezBlocks.';


$txt['permissionname_ezportal_manage'] = 'Admin EzPortal';
$txt['permissionhelp_ezportal_manage'] = 'Allows full control of EzPortal';
$txt['cannot_ezportal_manage'] = 'You are not allowed to manage EzPortal.';

// END EzPortal Text Strings			
]]></add>
	</operation>
</file>

<file name="$languagedir/Modifications.english-utf8.php" error="skip">
	<operation>
		<search position="end" />
		<add><![CDATA[
// Begin EzPortal Text Strings
$txt['ezp_forum_tab'] = 'Forum';
$txt['ezportal_admin'] = 'EzPortal';
$txt['ezportal_settings'] = 'Settings';
$txt['ezportal_block_manager'] = 'ezBlock Manager';
$txt['ezportal_page_manager'] = 'Page Manager';
$txt['ezp_txt_ordercopyright'] = 'Order Copyright Removal';
$txt['ezp_txt_copyrightremoval'] = 'Copyright Removal';
$txt['ezp_credits'] = 'Credits';

// Permissions
$txt['permissiongroup_ezportal'] = 'EzPortal';

$txt['permissionname_ezportal_page'] = 'Manage Pages';
$txt['permissionhelp_ezportal_page'] = 'Allows adding,editing,and deleting of pages.';
$txt['cannot_ezportal_page'] = 'You are not allowed to manage EzPortal pages.';

$txt['permissionname_ezportal_blocks'] = 'Manage ezBlocks';
$txt['permissionhelp_ezportal_blocks'] = 'Allows adding,editing,and deleting of ezBlocks.';
$txt['cannot_ezportal_blocks'] = 'You are not allowed to manage ezBlocks.';


$txt['permissionname_ezportal_manage'] = 'Admin EzPortal';
$txt['permissionhelp_ezportal_manage'] = 'Allows full control of EzPortal';
$txt['cannot_ezportal_manage'] = 'You are not allowed to manage EzPortal.';

// END EzPortal Text Strings			
]]></add>
	</operation>
</file>

<file name="$languagedir/Who.english.php">
	<operation error="ignore">
		<search position="after"><![CDATA[?>]]></search>
		<add><![CDATA[
// Begin EzPortal
$txt['whoall_forum'] = 'Viewing the index of <a href="' . $scripturl . '">' . $context['forum_name'] . '</a>.';
// END EzPortal Strings			
]]></add>
	</operation>
</file>

<file name="$languagedir/Who.english-utf8.php" error="skip">
	<operation error="ignore">
		<search position="after"><![CDATA[?>]]></search>
		<add><![CDATA[
// Begin EzPortal
$txt['whoall_forum'] = 'Viewing the index of <a href="' . $scripturl . '">' . $context['forum_name'] . '</a>.';
// END EzPortal Strings			
]]></add>
	</operation>
</file>


<file name="$boarddir/index.php">
	<operation>
		<search position="before"><![CDATA[
		'editpoll2' => array('Poll.php', 'EditPoll2'),]]></search>
		<add><![CDATA[
		'ezportal' => array('EzPortal.php', 'EzPortalMain'),
		 'forum' => array('BoardIndex.php', 'BoardIndex'),
		]]></add>
	</operation>
	<operation>
		<search position="replace"><![CDATA[// Load the current user's permissions.
	loadPermissions();]]></search>
		<add><![CDATA[// Load the current user's permissions.
	loadPermissions();
	
	// Setup EzPortal
	require_once($sourcedir . '/EzPortal.php');
	SetupEzPortal();
	
	]]></add>
	</operation>	
<operation>
		<search position="replace"><![CDATA[// Action and board are both empty... BoardIndex!
		if (empty($board) && empty($topic))
		{
			require_once($sourcedir . '/BoardIndex.php');
			return 'BoardIndex';
		}
		// Topic is empty, and action is empty.... MessageIndex!]]></search>
		<add><![CDATA[
		// EzPortal
		global $ezpSettings;
		if ($ezpSettings['ezp_portal_enable'] == 1 && empty($board) && empty($topic))
		{
					require_once($sourcedir . '/EzPortal.php');
					return 'EzPortalForumHomePage';
		}
		
		
		// Action and board are both empty... BoardIndex!
		if (empty($board) && empty($topic))
		{
			require_once($sourcedir . '/BoardIndex.php');
			return 'BoardIndex';
		}
		// Topic is empty, and action is empty.... MessageIndex!
		

	
	]]></add>
	</operation>
	
	
</file>
<file name="$sourcedir/Subs.php">
	<operation>
		<search position="before"><![CDATA[// Admin area 'Forum'.]]></search>
	<add><![CDATA[
	// EzPortal Admin
	if (allowedTo(array('ezportal_page', 'ezportal_blocks', 'ezportal_manage')))
	{
		$context['admin_areas']['ezportal'] = array(
			'title' => $txt['ezportal_admin'],
			'areas' => array()
		);

		if (allowedTo('ezportal_manage'))
			$context['admin_areas']['ezportal']['areas']['ezportal_admin'] =  '<a href="' . $scripturl . '?action=ezportal;sa=settings;sesc=' . $sc . '">' . $txt['ezportal_settings'] . '</a>';

		if (allowedTo('ezportal_blocks') || allowedTo('ezportal_manage'))
			$context['admin_areas']['ezportal']['areas']['ezportal_blocks'] = '<a href="' . $scripturl . '?action=ezportal;sa=blocks;sesc=' . $sc . '">' . $txt['ezportal_block_manager'] . '</a>';

		if (allowedTo('ezportal_page') || allowedTo('ezportal_manage'))
			$context['admin_areas']['ezportal']['areas']['ezportal_pages'] = '<a href="' . $scripturl . '?action=ezportal;sa=pagemanager;sesc=' . $sc . '">' . $txt['ezportal_page_manager'] . '</a>';
	}

	// End EzPortal Admin
	
]]></add>
	</operation>
	
	<operation>
		<search position="replace"><![CDATA[$context['allow_admin'] = allowedTo(array(]]></search>
	<add><![CDATA[$context['allow_admin'] = allowedTo(array('ezportal_manage','ezportal_blocks','ezportal_page', ]]></add>
	</operation>
	
</file>
<file name="$sourcedir/ManagePermissions.php">
	<operation>
		<search position="before"><![CDATA['pm' => array(
				'pm_read' => false,
				'pm_send' => false,
			),]]></search>
		<add><![CDATA[
'ezportal' => array(
				'ezportal_page' => false,
				'ezportal_blocks' => false,
				'ezportal_manage' => false,
			),]]></add>
	</operation>
</file>

<file name="$themedir/index.template.php">
	<operation>
		<search position="before"><![CDATA[$current_action = 'admin';
	if (in_array($context['current_action'], array(]]></search>
		<add><![CDATA['forum',]]></add>
	</operation>
	<operation>
		<search position="after"><![CDATA[// Are we using right-to-left orientation?]]></search>
		<add><![CDATA[
		
	// EzPortal
	if (isset($context['current_action2']))
		$current_action = $context['current_action2'];
		
		]]></add>
	</operation>
	<operation>
		<search position="after"><![CDATA[// Show the [help] button.]]></search>
		<add><![CDATA[
		
	// EzPortal Forum Button
	global $ezpSettings;
		
	if ($ezpSettings['ezp_portal_enable'] == 1)
		echo ($current_action == 'forum' || $context['browser']['is_ie4']) ? '<td class="maintab_active_' . $first . '">&nbsp;</td>' : '' , '
			<td valign="top" class="maintab_' , $current_action == 'forum' ? 'active_back' : 'back' , '">
				<a href="', $scripturl, '?action=forum">' , $txt['ezp_forum_tab'] , '</a>
			</td>' , $current_action == 'forum' ? '<td class="maintab_active_' . $last . '">&nbsp;</td>' : '';
		]]></add>
	</operation>
</file>

<file name="$sourcedir/Load.php">
	<operation  error="ignore">
		<search position="replace"><![CDATA[// Set the top level linktree up.
	array_unshift($context['linktree'], array(
		'url' => &$scripturl,
		'name' => &$context['forum_name']
	));]]></search>
		<add><![CDATA[// Removed old link tree Part EzPortal]]></add>
	</operation>

	
	
	<operation>
		<search position="replace"><![CDATA[// Compatibility.
	if (!isset($settings['theme_version']))
		$modSettings['memberCount'] = $modSettings['totalMembers'];]]></search>
		<add><![CDATA[
// Compatibility.
	if (!isset($settings['theme_version']))
		$modSettings['memberCount'] = $modSettings['totalMembers'];
		
	 global $ezpSettings;
				
// Set the top level linktree up.
   array_unshift($context['linktree'], array(
      'url' => &$scripturl,
      'name' => &$context['forum_name']
   ), array('url' => $scripturl . '?action=forum', 'name' => $txt['ezp_forum_tab']));]]></add>
	</operation>
</file>


<file name="$sourcedir/Admin.php">
	<operation>
		<search position="before"><![CDATA[// You have to be able to do at least one of the below to see this page.
	isAllowedTo(array(]]></search>
		<add><![CDATA['ezportal_page', 'ezportal_blocks', 'ezportal_manage',]]></add>
	</operation>
</file>

</modification>