<?xml version="1.0"?>
<!DOCTYPE package-info SYSTEM "http://www.simplemachines.org/xml/package-info">

<package-info xmlns="http://www.simplemachines.org/xml/package-info" xmlns:smf="http://www.simplemachines.org/">
	<id>vbgamer45:ThumbnailTopic</id>
	<name>Thumbnail Topic Mod</name>
	<type>modification</type>
	<version>4.0</version>

	<install for="1.1 - 1.1.99">
		<readme>ReadMe.txt</readme>
		<modification type="file">ThumbnailTopic.xml</modification>
	</install>

	<uninstall for="1.1 - 1.1.99">
		<modification type="file" reverse="true">ThumbnailTopic.xml</modification>
		<code>UnInstall.php</code>
	</uninstall>

	
	<install for="2.0 RC2,2.0 RC3">
			<readme>ReadMe.txt</readme>
			<modification type="file">ThumbnailTopic2rc2.xml</modification>
			<code>db2.php</code>
	</install>
	
	<uninstall for="2.0 RC2,2.0 RC3">
			<modification type="file" reverse="true">ThumbnailTopic2rc2.xml</modification>
			<code>UnInstall.php</code>
	</uninstall>


	<install for="2.0 - 2.0.99,2.0 RC4,2.0 RC5">
			<readme>ReadMe.txt</readme>
			<modification type="file">ThumbnailTopic2rc4.xml</modification>
			<code>db2.php</code>
	</install>
	
	<uninstall for="2.0 - 2.0.99,2.0 RC4,2.0 RC5">
			<modification type="file" reverse="true">ThumbnailTopic2rc4.xml</modification>
			<code>UnInstall.php</code>
	</uninstall>

</package-info>