<?xml version="1.0"?>
<!DOCTYPE modification SYSTEM "http://www.simplemachines.org/xml/modification">
<modification xmlns="http://www.simplemachines.org/xml/modification" xmlns:smf="http://www.simplemachines.org/">
<id>vbgamer45:ThumbnailTopic</id>
<version>2.0</version>

<file name="$sourcedir/MessageIndex.php">
	<operation>
		<search position="before"><![CDATA[$message_index_parameters = array(
		'current_board' => $board,
		'current_member' => $user_info['id'],
		'topic_list' => $topic_ids,
		'is_approved' => 1,
		'find_set_topics' => implode(',', $topic_ids),
		'start' => $start,
		'maxindex' => $context['maxindex'],
	);]]></search>
	<add><![CDATA[
	
	// Thumbnail Topic Mod
	if (isset($modSettings['photo_boards']))
		$modSettings['photo_boards'] = explode(',', $modSettings['photo_boards']);
	else
		$modSettings['photo_boards'] = array($board);
	
	// Used to decide if we thumbnails are shown on this topic listing page
	$context['show_thumbnails'] = false;
	
	// End Thumbnail Topic Mod

]]></add>
	</operation>
	<operation>
		<search position="replace"><![CDATA[$result = $smcFunc['db_query']('substring', '
		SELECT
			t.id_topic, t.num_replies, t.locked, t.num_views, t.is_sticky, t.id_poll, t.id_previous_board,
			' . ($user_info['is_guest'] ? '0' : 'COALESCE(lt.id_msg, COALESCE(lmr.id_msg, -1)) + 1') . ' AS new_from,
			' . ($enableParticipation ? ' COALESCE(( SELECT 1 FROM {db_prefix}messages AS parti WHERE t.id_topic = parti.id_topic and parti.id_member = {int:current_member} LIMIT 1) , 0) as is_posted_in,
			' : '') . '
			t.id_last_msg, t.approved, t.unapproved_posts, ml.poster_time AS last_poster_time, t.id_redirect_topic,
			ml.id_msg_modified, ml.subject AS last_subject, ml.icon AS last_icon,
			ml.poster_name AS last_member_name, ml.id_member AS last_id_member,' . (!empty($settings['avatars_on_indexes']) ? ' meml.avatar, meml.email_address, memf.avatar AS first_member_avatar, memf.email_address AS first_member_mail, COALESCE(af.id_attach, 0) AS first_member_id_attach, af.filename AS first_member_filename, af.attachment_type AS first_member_attach_type, COALESCE(al.id_attach, 0) AS last_member_id_attach, al.filename AS last_member_filename, al.attachment_type AS last_member_attach_type,' : '') . '
			COALESCE(meml.real_name, ml.poster_name) AS last_display_name, t.id_first_msg,
			mf.poster_time AS first_poster_time, mf.subject AS first_subject, mf.icon AS first_icon,
			mf.poster_name AS first_member_name, mf.id_member AS first_id_member,
			COALESCE(memf.real_name, mf.poster_name) AS first_display_name, ' . (!empty($modSettings['preview_characters']) ? '
			SUBSTRING(ml.body, 1, ' . ($modSettings['preview_characters'] + 256) . ') AS last_body,
			SUBSTRING(mf.body, 1, ' . ($modSettings['preview_characters'] + 256) . ') AS first_body,' : '') . 'ml.smileys_enabled AS last_smileys, mf.smileys_enabled AS first_smileys
			' . (!empty($message_index_selects) ? (', ' . implode(', ', $message_index_selects)) : '') . '
		FROM (' . $sort_table . ') as st
			JOIN {db_prefix}topics AS t ON (st.id_topic = t.id_topic)
			JOIN {db_prefix}messages AS ml ON (ml.id_msg = st.id_last_msg)
			JOIN {db_prefix}messages AS mf ON (mf.id_msg = st.id_first_msg)
			LEFT JOIN {db_prefix}members AS meml ON (meml.id_member = ml.id_member)
			LEFT JOIN {db_prefix}members AS memf ON (memf.id_member = mf.id_member)' . (!empty($settings['avatars_on_indexes']) ? '
			LEFT JOIN {db_prefix}attachments AS af ON (af.id_member = memf.id_member)
			LEFT JOIN {db_prefix}attachments AS al ON (al.id_member = meml.id_member)' : '') . '' . ($user_info['is_guest'] ? '' : '
			LEFT JOIN {db_prefix}log_topics AS lt ON (lt.id_topic = t.id_topic AND lt.id_member = {int:current_member})
			LEFT JOIN {db_prefix}log_mark_read AS lmr ON (lmr.id_board = {int:current_board} AND lmr.id_member = {int:current_member})') . '
			' . (!empty($message_index_tables) ? implode("\n\t\t\t\t", $message_index_tables) : '') . '
			' . (!empty($message_index_wheres) ? ' WHERE ' . implode("\n\t\t\t\tAND ", $message_index_wheres) : '') . '
		ORDER BY is_sticky' . ($fake_ascending ? '' : ' DESC') . ', ' . $_REQUEST['sort'] . ($ascending ? '' : ' DESC'),
		$message_index_parameters
	);]]></search>
	<add><![CDATA[$result = $smcFunc['db_query']('substring', '
		SELECT
			t.id_topic, t.num_replies, t.locked, t.num_views, t.is_sticky, t.id_poll, t.id_previous_board,
			' . ($user_info['is_guest'] ? '0' : 'COALESCE(lt.id_msg, COALESCE(lmr.id_msg, -1)) + 1') . ' AS new_from,
			' . ($enableParticipation ? ' COALESCE(( SELECT 1 FROM {db_prefix}messages AS parti WHERE t.id_topic = parti.id_topic and parti.id_member = {int:current_member} LIMIT 1) , 0) as is_posted_in,
			' : '') . '
			t.id_last_msg, t.approved, t.unapproved_posts, ml.poster_time AS last_poster_time, t.id_redirect_topic,
			ml.id_msg_modified, ml.subject AS last_subject, ml.icon AS last_icon,
			ml.poster_name AS last_member_name, ml.id_member AS last_id_member,' . (!empty($settings['avatars_on_indexes']) ? ' meml.avatar, meml.email_address, memf.avatar AS first_member_avatar, memf.email_address AS first_member_mail, COALESCE(af.id_attach, 0) AS first_member_id_attach, af.filename AS first_member_filename, af.attachment_type AS first_member_attach_type, COALESCE(al.id_attach, 0) AS last_member_id_attach, al.filename AS last_member_filename, al.attachment_type AS last_member_attach_type,' : '') . '
			COALESCE(meml.real_name, ml.poster_name) AS last_display_name, t.id_first_msg,
			mf.poster_time AS first_poster_time, mf.subject AS first_subject, mf.icon AS first_icon,
			mf.poster_name AS first_member_name, mf.id_member AS first_id_member,
			COALESCE(memf.real_name, mf.poster_name) AS first_display_name, ' . (!empty($modSettings['preview_characters']) ? '
			SUBSTRING(ml.body, 1, ' . ($modSettings['preview_characters'] + 256) . ') AS last_body,
			SUBSTRING(mf.body, 1, ' . ($modSettings['preview_characters'] + 256) . ') AS first_body,' : '') . 'ml.smileys_enabled AS last_smileys, mf.smileys_enabled AS first_smileys, IFNULL(big.id_attach, 0) AS big_id, big.filename AS big_filename, big.width AS big_width, big.height AS big_height,
				IFNULL(thn.id_attach, 0) AS thn_id, thn.filename AS thn_filename, thn.width AS thn_width, thn.height AS thn_height, IFNULL(thn.id_attach, mf.body) AS mainpost, t.id_board
			' . (!empty($message_index_selects) ? (', ' . implode(', ', $message_index_selects)) : '') . '
		FROM (' . $sort_table . ') as st
			JOIN {db_prefix}topics AS t ON (st.id_topic = t.id_topic)
			JOIN {db_prefix}messages AS ml ON (ml.id_msg = st.id_last_msg)
			JOIN {db_prefix}messages AS mf ON (mf.id_msg = st.id_first_msg)

			LEFT JOIN {db_prefix}attachments AS big ON (big.id_msg = mf.id_msg AND big.attachment_type = 0)
			LEFT JOIN {db_prefix}attachments AS thn ON (thn.id_attach = big.id_thumb)
		    LEFT JOIN {db_prefix}members AS meml ON (meml.id_member = ml.id_member)
			LEFT JOIN {db_prefix}members AS memf ON (memf.id_member = mf.id_member)' . (!empty($settings['avatars_on_indexes']) ? '
			LEFT JOIN {db_prefix}attachments AS af ON (af.id_member = memf.id_member)
			LEFT JOIN {db_prefix}attachments AS al ON (al.id_member = meml.id_member)' : '') . '' . ($user_info['is_guest'] ? '' : '
			LEFT JOIN {db_prefix}log_topics AS lt ON (lt.id_topic = t.id_topic AND lt.id_member = {int:current_member})
			LEFT JOIN {db_prefix}log_mark_read AS lmr ON (lmr.id_board = {int:current_board} AND lmr.id_member = {int:current_member})') . '
			' . (!empty($message_index_tables) ? implode("\n\t\t\t\t", $message_index_tables) : '') . '
			' . (!empty($message_index_wheres) ? ' WHERE ' . implode("\n\t\t\t\tAND ", $message_index_wheres) : '') . '
		GROUP BY t.id_topic, big.id_attach, thn.id_attach, t.num_replies, t.locked, t.num_views, t.is_sticky, t.id_poll, t.id_previous_board, ' . ($user_info['is_guest'] ? '' : ' lt.id_msg,lmr.id_msg, ' ) . '  t.id_last_msg, t.approved, t.unapproved_posts, ml.poster_time,
		t.id_redirect_topic, ml.id_msg_modified, ml.subject, ml.icon, ml.body, ml.poster_name, ml.id_member, meml.real_name, t.id_first_msg, mf.poster_time, mf.subject, mf.icon, mf.poster_name, mf.id_member, memf.real_name, ml.smileys_enabled,
		mf.smileys_enabled, big.filename, big.width, big.height, thn.filename, thn.width, thn.height, mf.body, t.id_board
' . (!empty($settings['avatars_on_indexes']) ? ',meml.avatar, meml.email_address, memf.avatar, af.id_attach, al.id_attach, af.attachment_type, al.attachment_type, al.filename, af.filename' : '') . '
			ORDER BY is_sticky' . ($fake_ascending ? '' : ' DESC') . ', ' . $_REQUEST['sort'] . ($ascending ? '' : ' DESC'),
		$message_index_parameters
	);]]></add>
	</operation>
	

	<operation>
		<search position="before"><![CDATA[// Begin 'printing' the message index for current board.
	while ($row = $smcFunc['db_fetch_assoc']($result))
	{
		if ($row['id_poll'] > 0 && $modSettings['pollMode'] == '0')
			continue;]]></search>
	<add><![CDATA[
			// Thumbnail Topic


						if ($row['thn_id'] != 0)
						{
							$image = array(
								'id' => $row['thn_id'],
								'url' => $scripturl . '?action=dlattach;topic=' . $row['id_topic'] . '.0;attach=' . $row['thn_id'] . ';image',
								'link' => $scripturl . '?action=dlattach;topic=' . $row['id_topic'] . '.0;attach=' . $row['big_id'] . ';image',
								'filename' => $row['thn_filename'],
								'width' => $row['thn_width'],
								'height' => $row['thn_height'],
								'bbcimg' => false,
							);
			
							$context['show_thumbnails'] = true;
						}
						elseif ($row['big_id'] != 0 && $row['big_width'] > 0 && $row['big_height'] > 0)
						{
							$image = array(
								'id' => $row['big_id'],
								'url' => $scripturl . '?action=dlattach;topic=' . $row['id_topic'] . '.0;attach=' . $row['big_id'] . ';image',
								'link' => $scripturl . '?action=dlattach;topic=' . $row['id_topic'] . '.0;attach=' . $row['big_id'] . ';image',
								'filename' => $row['big_filename'],
								'width' => $row['big_width'],
								'height' => $row['big_height'],
								'bbcimg' => false,
							);
			
							$context['show_thumbnails'] = true;
						}
						else
						{
							// Scan the main post and get the first image tag
							$image = array();
							
							$row['mainpost'] = parse_bbc($row['mainpost'], false,'', array('img'));
								preg_match_all('/<img[^>]+>/i',$row['mainpost'], $result2);
			
								$imgTags = array();
								foreach($result2 as $img_tag)
								{
									if (is_array($img_tag))
										foreach( $img_tag as $r)
											$imgTags[] = $r;
								}
			
								$imageTagsToFix = array();
								foreach($imgTags as $img_tag)
								{
									preg_match('/(src)=("[^"]*")/i', $img_tag, $matches);
			
									$matches[2] = str_replace('"',"",$matches[2]);
									$matches[2] = str_replace("'","",$matches[2]);
			
									 $imageTagsToFix[] = $matches[2];
			
								}
								
								if (!empty($imageTagsToFix))
								{				
									$image = array(
													'id' => 1,
													'url' => $imageTagsToFix[0],
													'bbcimg' => true,
									);
									
									$context['show_thumbnails'] = true;
								}
						}
						
						if (!in_array($row['id_board'],$modSettings['photo_boards']))
						{
							$context['show_thumbnails'] = false;	
						}

					
			
						if (isset($context['topics'][$row['id_topic']]))
						{
							$context['topics'][$row['id_topic']]['image'][] = $image;
							//continue;
						}
						
			// End Thumbnail Topic Mod
]]></add>
	</operation>
	<operation>
		<search position="before"><![CDATA[$context['topics'][$row['id_topic']] = array_merge($row, array(
			'id' => $row['id_topic'],]]></search>
	<add><![CDATA[
				'image' => array($image),]]></add>
	</operation>
</file>

<file name="$themedir/MessageIndex.template.php">
	<operation>
		<search position="replace"><![CDATA[// Are there actually any topics to show?]]></search>
	<add><![CDATA[
	// thumbnail topic mod
	if (!allowedTo('view_attachments'))
		$context['show_thumbnails'] = false;
	//end thumbnail topic

	// Are there actually any topics to show?]]></add>
	</operation>
	<operation>
		<search position="replace"><![CDATA[<div class="board_icon"></div>]]></search>
	<add><![CDATA[<div class="board_icon"></div>', $context['show_thumbnails'] ? '<div class="lastpost"></div>' : '', ']]></add>
	</operation>
	<operation>
		<search position="replace"><![CDATA[<div class="board_icon">
						<img src="', $topic['first_post']['icon_url'], '" alt="">
						', $topic['is_posted_in'] ? '<span class="main_icons profile_sm"></span>' : '', '
					</div>]]></search>
	<add><![CDATA[<div class="board_icon">
						<img src="', $topic['first_post']['icon_url'], '" alt="">
						', $topic['is_posted_in'] ? '<span class="main_icons profile_sm"></span>' : '', '
					</div>';

				// Thumbnail Topic Mod
				if ($context['show_thumbnails'])
				{
					global $modSettings;
					echo '<div style="margin-right:5px;">';

						$imagefound = false;

						foreach ($topic['image'] as $image)
						{
							if ($imagefound == true)
								break;

							if (isset($image['id']))
							{
								if (empty($modSettings['topic_thumb_width']) && empty($modSettings['topic_thumb_height']))
								{
										echo '<a href="', $topic['first_post']['href'], '"><img src="', $image['url'], '" alt="" /></a>';
								}
								if (empty($modSettings['topic_thumb_width']) && !empty($modSettings['topic_thumb_height']))
								{
										echo '<a href="', $topic['first_post']['href'], '"><img src="', $image['url'], '" height="', $modSettings['topic_thumb_height'], '" alt="" /></a>';
								}
								if (!empty($modSettings['topic_thumb_width']) && empty($modSettings['topic_thumb_height']))
								{
										echo '<a href="', $topic['first_post']['href'], '"><img src="', $image['url'], '" width="', $modSettings['topic_thumb_width'], '" alt="" /></a>';
								}
								else
								{
									echo '<a href="', $topic['first_post']['href'], '"><img src="', $image['url'], '" width="', $modSettings['topic_thumb_width'], '" height="', $modSettings['topic_thumb_height'], '" alt="" /></a>';
								}

								$imagefound = true;
							}

						}

					echo '</div>';
				}

				// End Thumbnail Topic Mod

				
echo '
]]></add>
	</operation>

</file>
<file name="$boarddir/index.php">
	<operation>
		<search position="replace"><![CDATA[reloadSettings();]]></search>
		<add><![CDATA[reloadSettings();
$context['photo_boards'] = isset($modSettings['photo_boards']) ? explode(',', $modSettings['photo_boards']) : array();]]></add>
	</operation>
</file>
<file name="$themedir/ManageBoards.template.php">
	<operation>
		<search position="replace"><![CDATA[<div id="count_posts_div">]]></search>
		<add><![CDATA[<div id="thumbnails_div">
						<dl class="settings">
							<dt>
								<strong>', $txt['mboards_thumbnails'], ':</strong><br />
								<span class="smalltext">', $txt['mboards_thumbnails_desc'], '</span><br />
							</dt>
							<dd>
								<input type="checkbox" name="thumbnail" ', $context['board']['thumbnail'] ? ' checked="checked"' : '', ' class="input_check" />
							</dd>
						</dl>
					</div>';

	echo '
					<div id="count_posts_div">]]></add>
	</operation>
</file>
<file name="$languagedir/ManageBoards.english.php">
	<operation>
		<search position="replace"><![CDATA[$txt['mboards_no_cats'] = 'There are currently no categories or boards configured.';]]></search>
		<add><![CDATA[$txt['mboards_no_cats'] = 'There are currently no categories or boards configured.';
		
// Thumbnail Topic Mod
$txt['mboards_thumbnails'] = 'Thumbnails';
$txt['mboards_thumbnails_desc'] = 'Display an thumbnail attachment that is attached to the first post of a topic';

// END Thumbnail Topic Mod]]></add>
	</operation>
</file>


	<file name="$languagedir/Modifications.english.php">
		<operation>
			<search position="end" />
			<add><![CDATA[
// Thumbnail Topic Mod
$txt['topic_thumb_width'] = 'Thumbnail Topic Width';
$txt['topic_thumb_height'] = 'Thumbnail Topic Height';
]]></add>
		</operation>
	</file>

	<file name="$languagedir/Modifications.english-utf8.php" error="skip">
		<operation>
			<search position="end" />
			<add><![CDATA[
// Thumbnail Topic Mod
$txt['topic_thumb_width'] = 'Thumbnail Topic Width';
$txt['topic_thumb_height'] = 'Thumbnail Topic Height';

]]></add>
		</operation>
	</file>



<file name="$sourcedir/ManageBoards.php">
	<operation>
		<search position="replace"><![CDATA['no_children' => true,]]></search>
		<add><![CDATA['no_children' => true,
			'thumbnail' => false,]]></add>
	</operation>
	<operation>
		<search position="replace"><![CDATA[$context['board']['is_recycle'] = !empty($modSettings['recycle_enable']) && !empty($modSettings['recycle_board']) && $modSettings['recycle_board'] == $context['board']['id'];]]></search>
		<add><![CDATA[$context['board']['is_recycle'] = !empty($modSettings['recycle_enable']) && !empty($modSettings['recycle_board']) && $modSettings['recycle_board'] == $context['board']['id'];
		$context['board']['thumbnail'] = in_array($context['board']['id'], $context['photo_boards']);]]></add>
	</operation>
	<operation>
		<search position="replace"><![CDATA[// Create a new board...]]></search>
		<add><![CDATA[// Thumbnail Topic Mod: Update the database setting for "photo_boards"
		$photo_board = isset($_POST['thumbnail']);
		if ($photo_board && !in_array($_POST['boardid'], $context['photo_boards']))
			$context['photo_boards'][] = $_POST['boardid'];
		else if (!$photo_board && in_array($_POST['boardid'], $context['photo_boards']))
		{
			foreach ($context['photo_boards'] as $id => $board)
			{
				if ($_POST['boardid'] == $board)
					unset($context['photo_boards'][$id]);
			}
		}
		updateSettings( array( 'photo_boards' => implode(',', $context['photo_boards']) ) );

		// Create a new board...]]></add>
	</operation>
	<operation>
		<search position="replace"><![CDATA[createBoard($boardOptions);]]></search>
		<add><![CDATA[
		// Thumbnail topic
		$newBoardID = createBoard($boardOptions);
			if ($photo_board && !in_array($newBoardID, $context['photo_boards']))
			$context['photo_boards'][] = $newBoardID;
		updateSettings( array( 'photo_boards' => implode(',', $context['photo_boards']) ) );
		
		]]></add>
	</operation>
	
	
</file>
<file name="$sourcedir/ManageSettings.php">
	<operation>
			<search position="before"><![CDATA[// Mod authors, add any settings UNDER this line. Include a comma at the end of the line and don't remove this statement!!]]></search>
			<add><![CDATA[
	'',
		// Thumbnail Topic Settings
		array('int', 'topic_thumb_height'),
		array('int', 'topic_thumb_width'),	
]]></add>
		</operation>
	</file>
</modification>