<?xml version="1.0"?>
<!DOCTYPE modification SYSTEM "http://www.simplemachines.org/xml/modification">
<modification xmlns="http://www.simplemachines.org/xml/modification" xmlns:smf="http://www.simplemachines.org/">
<id>vbgamer45:ThumbnailTopic</id>
<version>2.0</version>

<file name="$sourcedir/MessageIndex.php">
	<operation>
		<search position="before"><![CDATA[// Grab the appropriate topic information...
	if (!$pre_query || !empty($topic_ids))]]></search>
	<add><![CDATA[
	
	// Thumbnail Topic Mod
	if (isset($modSettings['photo_boards']))
		$modSettings['photo_boards'] = explode(',', $modSettings['photo_boards']);
	else
		$modSettings['photo_boards'] = array($board);
	
	// Used to decide if we thumbnails are shown on this topic listing page
	$context['show_thumbnails'] = false;
	
	// End Thumbnail Topic Mod

]]></add>
	</operation>
	
	
	<operation>
		<search position="replace"><![CDATA[ORDER BY " . ($pre_query ? "FIND_IN_SET(t.ID_TOPIC, '" . implode(',', $topic_ids) . "')" : (!empty($modSettings['enableStickyTopics']) ? 'isSticky' . ($fake_ascending ? '' : ' DESC') . ', ' : '') . $_REQUEST['sort'] . ($ascending ? '' : ' DESC')) . "]]></search>
	<add><![CDATA[GROUP BY t.ID_TOPIC
			ORDER BY " . ($pre_query ? "FIND_IN_SET(t.ID_TOPIC, '" . implode(',', $topic_ids) . "')" : (!empty($modSettings['enableStickyTopics']) ? 'isSticky' . ($fake_ascending ? '' : ' DESC') . ', ' : '') . $_REQUEST['sort'] . ($ascending ? '' : ' DESC')) . "
			 ]]></add>
	</operation>

	
	<operation>
		<search position="before"><![CDATA[LEFT(ml.body, 384) AS lastBody, LEFT(mf.body, 384) AS firstBody, ml.smileysEnabled AS lastSmileys,
				mf.smileysEnabled AS firstSmileys]]></search>
	<add><![CDATA[, IFNULL(big.ID_ATTACH, 0) AS bigId, big.filename AS bigFilename, big.width AS bigWidth, big.height AS bigHeight,
				IFNULL(thn.ID_ATTACH, 0) AS thnId, thn.filename AS thnFilename, thn.width AS thnWidth, thn.height AS thnHeight,t.id_board]]></add>
	</operation>
	<operation>
		<search position="before"><![CDATA[FROM ({$db_prefix}topics AS t, {$db_prefix}messages AS ml, {$db_prefix}messages AS mf)]]></search>
	<add><![CDATA[
				LEFT JOIN {$db_prefix}attachments AS big ON (big.ID_MSG = mf.ID_MSG AND big.attachmentType = 0)
				LEFT JOIN {$db_prefix}attachments AS thn ON (thn.ID_ATTACH = big.ID_THUMB)]]></add>
	</operation>
	<operation>
		<search position="before"><![CDATA[// Begin 'printing' the message index for current board.
		while ($row = mysql_fetch_assoc($result))
		{
			if ($row['ID_POLL'] > 0 && $modSettings['pollMode'] == '0')
				continue;]]></search>
	<add><![CDATA[
			// Thumbnail Topic 
			if ($row['thnId'] != 0)
			{
				$image = array(
					'id' => $row['thnId'],
					'url' => $scripturl . '?action=dlattach;topic=' . $row['ID_TOPIC'] . '.0;attach=' . $row['thnId'] . ';image',
					'link' => $scripturl . '?action=dlattach;topic=' . $row['ID_TOPIC'] . '.0;attach=' . $row['bigId'] . ';image',
					'filename' => $row['thnFilename'],
					'width' => $row['thnWidth'],
					'height' => $row['thnHeight'],
					'bbcimg' => false
				);

				$context['show_thumbnails'] = true;
			}
			elseif ($row['bigId'] != 0 && $row['bigWidth'] > 0 && $row['bigHeight'] > 0)
			{
				$image = array(
					'id' => $row['bigId'],
					'url' => $scripturl . '?action=dlattach;topic=' . $row['ID_TOPIC'] . '.0;attach=' . $row['bigId'] . ';image',
					'link' => $scripturl . '?action=dlattach;topic=' . $row['ID_TOPIC'] . '.0;attach=' . $row['bigId'] . ';image',
					'filename' => $row['bigFilename'],
					'width' => $row['bigWidth'],
					'height' => $row['bigHeight'],
					'bbcimg' => false
				);

				$context['show_thumbnails'] = true;
			}
			else
			{
							// Scan the main post and get the first image tag
							$image = array();
							
							$row['mainpost'] = parse_bbc($row['mainpost'], false,'', array('img'));
								preg_match_all('/<img[^>]+>/i',$row['mainpost'], $result2);
			
								$imgTags = array();
								foreach($result2 as $img_tag)
								{
									if (is_array($img_tag))
										foreach( $img_tag as $r)
											$imgTags[] = $r;
								}
			
								$imageTagsToFix = array();
								foreach($imgTags as $img_tag)
								{
									preg_match('/(src)=("[^"]*")/i', $img_tag, $matches);
			
									$matches[2] = str_replace('"',"",$matches[2]);
									$matches[2] = str_replace("'","",$matches[2]);
			
									 $imageTagsToFix[] = $matches[2];
			
								}
								
								if (!empty($imageTagsToFix))
								{				
									$image = array(
													'id' => 1,
													'url' => $imageTagsToFix[0],
													'bbcimg' => true,
									);
									
									$context['show_thumbnails'] = true;
								}
						}
				
				
			if (!in_array($row['id_board'],$modSettings['photo_boards']))
			{
				$context['show_thumbnails'] = false;	
			}

			if (isset($context['topics'][$row['ID_TOPIC']]))
			{
				$context['topics'][$row['ID_TOPIC']]['image'][] = $image;
				continue;
			}
			
			// End Thumbnail Topic Mod
]]></add>
	</operation>
	<operation>
		<search position="before"><![CDATA[// 'Print' the topic info.
			$context['topics'][$row['ID_TOPIC']] = array(
				'id' => $row['ID_TOPIC'],]]></search>
	<add><![CDATA[
				'image' => array($image),]]></add>
	</operation>
</file>



<file name="$themedir/MessageIndex.template.php">
	<operation>
		<search position="replace"><![CDATA[<td width="9%" colspan="2" class="catbg3"></td>]]></search>
	<add><![CDATA[<td width="9%" colspan="', $context['show_thumbnails'] ? 3 : 2, '" class="catbg3"></td>]]></add>
	</operation>
	<operation>
		<search position="replace"><![CDATA[echo '
					<tr>
						<td class="windowbg2" valign="middle" align="center" width="5%">
							<img src="', $settings['images_url'], '/topic/', $topic['class'], '.gif" alt="" />
						</td>
						<td class="windowbg2" valign="middle" align="center" width="4%">
							<img src="', $topic['first_post']['icon_url'], '" alt="" />
						</td>]]></search>
	<add><![CDATA[
echo '
					<tr>
						<td class="windowbg2" valign="middle" align="center" width="5%">
							<img src="', $settings['images_url'], '/topic/', $topic['class'], '.gif" alt="" />
						</td>
						<td class="windowbg2" valign="middle" align="center" width="4%">
							<img src="', $topic['first_post']['icon_url'], '" alt="" />
						</td>';
				// Thumbnail Topic Mod
				if ($context['show_thumbnails'])
				{
					echo '<td class="windowbg2" valign="middle" align="center">';

						$imagefound = false;

						foreach ($topic['image'] as $image)
						{
							if ($imagefound == true)
								break;

							if (isset($image['id']))
							{

								echo '<a href="', $topic['first_post']['href'], '"><img src="', $image['url'], '" width="', $image['width'], '" height="', $image['height'], '" alt="" /></a>';
								$imagefound = true;
							}
						}

					echo '</td>';
				}
				
				// End Thumbnail Topic Mod
				
echo '
]]></add>
	</operation>

</file>

<file name="$boarddir/index.php">
	<operation>
		<search position="replace"><![CDATA[$context = array();]]></search>
		<add><![CDATA[$context = array();
$context['photo_boards'] = isset($modSettings['photo_boards']) ? explode(',', $modSettings['photo_boards']) : array();]]></add>
	</operation>
</file>
<file name="$themedir/ManageBoards.template.php">
	<operation>
		<search position="replace"><![CDATA[<b>', $txt['mboards_override_theme'], '</b><br />]]></search>
		<add><![CDATA[									<b>', $txt['mboards_thumbnails'], '</b><br />
									', $txt['mboards_thumbnails_desc'], '<br /><br />
								</td>
								<td valign="top" align="right">
									<input type="checkbox" name="thumbnail"', $context['board']['thumbnail'] ? ' checked="checked"' : '', ' class="check" />
								</td>
							</tr>
							</tr><tr>
								<td>
									<b>', $txt['mboards_override_theme'], '</b><br />]]></add>
	</operation>
</file>
<file name="$languagedir/ManageBoards.english.php">
	<operation>
		<search position="replace"><![CDATA[// Version: 1.1; ManageBoards]]></search>
		<add><![CDATA[// Version: 1.1; ManageBoards
		
// Thumbnail Topic Mod
$txt['mboards_thumbnails'] = 'Thumbnails';
$txt['mboards_thumbnails_desc'] = 'Display an thumbnail attachment that is attached to the first post of a topic';
// END Thumbnail Topic Mod]]></add>
	</operation>
</file>
<file name="$sourcedir/ManageBoards.php">
	<operation>
		<search position="replace"><![CDATA['no_children' => true,]]></search>
		<add><![CDATA['no_children' => true,
			'thumbnail' => false,]]></add>
	</operation>
	<operation>
		<search position="replace"><![CDATA[$context['board']['no_children'] = empty($boards[$_REQUEST['boardid']]['tree']['children']);]]></search>
		<add><![CDATA[$context['board']['no_children'] = empty($boards[$_REQUEST['boardid']]['tree']['children']);
		$context['board']['thumbnail'] = in_array($context['board']['id'], $context['photo_boards']);]]></add>
	</operation>
	<operation>
		<search position="replace"><![CDATA[// Create a new board...]]></search>
		<add><![CDATA[// Thumbnail Topic Mod: Update the database setting for "photo_boards"
		$photo_board = isset($_POST['thumbnail']);
		if ($photo_board && !in_array($_POST['boardid'], $context['photo_boards']))
			$context['photo_boards'][] = $_POST['boardid'];
		else if (!$photo_board && in_array($_POST['boardid'], $context['photo_boards']))
		{
			foreach ($context['photo_boards'] as $id => $board)
			{
				if ($_POST['boardid'] == $board)
					unset($context['photo_boards'][$id]);
			}
		}
		updateSettings( array( 'photo_boards' => implode(',', $context['photo_boards']) ) );

		// Create a new board...]]></add>
	</operation>
</file>

</modification>