<?xml version="1.0"?>
<!DOCTYPE package-info SYSTEM "http://www.simplemachines.org/xml/package-info">
<package-info xmlns="http://www.simplemachines.org/xml/package-info" xmlns:smf="http://www.simplemachines.org/">
	<id>manix:Tiny_Comment_System</id>
	<name>Tiny Comment System</name>
	<version>1.0</version>
	<type>modification</type>	
	<install for="2.0 - 2.0.99">
		<redirect url="?action=admin;area=comments">redirect.txt</redirect>		
		<modification>modifications.xml</modification>
		<require-file name="sources/Comment.php" destination="$sourcedir" />
		<require-file name="default/Comment.template.php" destination="$themedir" />
		<require-dir name="default/scripts" destination="$themedir" />
		<require-dir name="default/languages" destination="$themedir" />		
		<require-dir name="default/css" destination="$themedir" />		
		<code>install_db.php</code>
		<code>hooks.php</code>
	</install>
	<uninstall for="2.0 - 2.0.99">
		<modification type="file" reverse="true">modifications.xml</modification>
		<remove-file name="$sourcedir/Comment.php" />
		<remove-file name="$themedir/Comment.template.php" />		
		<remove-file name="$themedir/scripts/comments.js" />
		<remove-file name="$themedir/css/comments.css" />
		<!--Language Files-->
		<remove-file name="$languagedir/Comment.english.php" />
		<remove-file name="$languagedir/Comment.spanish_latin.php" />
		<remove-file name="$languagedir/Comment.spanish_es.php" />
		<remove-file name="$languagedir/Comment.spanish_latin-utf8.php" />
		<remove-file name="$languagedir/Comment.spanish_es-utf8.php" />
		<code>hooks.php</code>
	</uninstall>
</package-info>

