<?xml version="1.0"?>
<!DOCTYPE modification SYSTEM "http://www.simplemachines.org/xml/modification">
<modification xmlns="http://www.simplemachines.org/xml/modification" xmlns:smf="http://www.simplemachines.org/">
<id>vbgamer45:downloadsystem</id>
<version>1.0</version>
<file name="$languagedir/Modifications.english.php">
	<operation>
		<search position="after"><![CDATA[
?>]]></search>
		<add><![CDATA[
// Begin Download System Text Strings
$txt['downloads_menu'] = 'Downloads';
$txt['downloads_admin'] = 'Downloads Configuration';
$txt['downloads_text_settings'] = 'Settings';

$txt['downloads_form_approvedownloads'] = 'Approve Downloads';
$txt['downloads_form_reportdownloads'] = 'Reported Downloads';
$txt['downloads_form_approvecomments'] = 'Approve Comments';
$txt['downloads_filespace'] = 'File Space Manager';
$txt['downloads_text_catpermlist2'] = 'Category Permissions';
$txt['downloads_txt_import'] = 'Import';

// Permissions
$txt['permissiongroup_downloads'] = 'Downloads System';
$txt['permissiongroup_simple_downloads'] = 'Downloads System';

$txt['permissionname_downloads_view'] = 'View Downloads';
$txt['permissionhelp_downloads_view'] = 'Allows the user to view the Downloads';
$txt['cannot_downloads_view'] = 'You are not allowed to view the Downloads';

$txt['permissionname_downloads_add'] = 'Add Download';
$txt['permissionhelp_downloads_add'] = 'Allows the user to add a download.';
$txt['cannot_downloads_add'] = 'You are not allowed to add a download.';

$txt['permissionname_downloads_edit'] = 'Edit own Download';
$txt['permissionhelp_downloads_edit'] = 'Allows the user to edit their own download.';
$txt['cannot_downloads_edit'] = 'You are not allowed to edit that download';

$txt['permissionname_downloads_delete'] = 'Delete own Download';
$txt['permissionhelp_downloads_delete'] = 'Allows the user to delete their own download.';
$txt['cannot_downloads_delete'] = 'You are not allowed to delete that download.';

$txt['permissionname_downloads_ratefile'] = 'Rate Downloads';
$txt['permissionhelp_downloads_ratefile'] = 'Allows the user to rate a file.';
$txt['cannot_downloads_ratefile'] = 'You are not allowed to rate that file.';

$txt['permissionname_downloads_editcomment'] = 'Edit own Comment';
$txt['permissionhelp_downloads_editcomment'] = 'Allows the user to edit their own comments.';
$txt['cannot_downloads_editcomment'] = 'You are not allowed to edit that comment.';

$txt['permissionname_downloads_comment'] = 'Leave Comments';
$txt['permissionhelp_downloads_comment'] = 'Allows the user to leave comments on a download.';
$txt['cannot_downloads_comment'] = 'You are not allowed to leave comments.';

$txt['permissionname_downloads_report'] = 'Report Pictures/Comments';
$txt['permissionhelp_downloads_report'] = 'Allows the user to report downloads and comments.';
$txt['cannot_downloads_report'] = 'You are not allowed to report content.';

$txt['permissionname_downloads_autocomment'] = 'Auto Approve Comments';
$txt['permissionhelp_downloads_autocomment'] = 'Comments do not need to wait for approval.';

$txt['permissionname_downloads_autoapprove'] = 'Auto Approve Downloads';
$txt['permissionhelp_downloads_autoapprove'] = 'Downloads do not need to wait for approval.';


$txt['permissionname_downloads_manage'] = 'Admin Download System';
$txt['permissionhelp_downloads_manage'] = 'Allows the user to add/delete/edit all categories. Delete Comments, Delete Downloads, Approve Downloads';
$txt['cannot_downloads_manage'] = 'You are not allowed to manage the downloads.';

// END Download System Text Strings			
]]></add>
	</operation>
</file>
<file name="$languagedir/Who.english.php">
	<operation error="ignore">
		<search position="after"><![CDATA[
?>]]></search>
		<add><![CDATA[
// Begin Download System
$txt['whoall_downloads'] = 'In the <a href="' . $scripturl . '?action=downloads">Downloads</a>';
// END Download System Strings			
]]></add>
	</operation>
</file>
<file name="$languagedir/Modifications.english-utf8.php" error="skip">
	<operation>
		<search position="after"><![CDATA[
?>]]></search>
		<add><![CDATA[
// Begin Download System Text Strings
$txt['downloads_menu'] = 'Downloads';
$txt['downloads_admin'] = 'Downloads Configuration';
$txt['downloads_text_settings'] = 'Settings';

$txt['downloads_form_approvedownloads'] = 'Approve Downloads';
$txt['downloads_form_reportdownloads'] = 'Reported Downloads';
$txt['downloads_form_approvecomments'] = 'Approve Comments';
$txt['downloads_filespace'] = 'File Space Manager';
$txt['downloads_text_catpermlist2'] = 'Category Permissions';
$txt['downloads_txt_import'] = 'Import';

// Permissions
$txt['permissiongroup_downloads'] = 'Downloads System';
$txt['permissiongroup_simple_downloads'] = 'Downloads System';

$txt['permissionname_downloads_view'] = 'View Downloads';
$txt['permissionhelp_downloads_view'] = 'Allows the user to view the Downloads';
$txt['cannot_downloads_view'] = 'You are not allowed to view the Downloads';

$txt['permissionname_downloads_add'] = 'Add Download';
$txt['permissionhelp_downloads_add'] = 'Allows the user to add a download.';
$txt['cannot_downloads_add'] = 'You are not allowed to add a download.';

$txt['permissionname_downloads_edit'] = 'Edit own Download';
$txt['permissionhelp_downloads_edit'] = 'Allows the user to edit their own download.';
$txt['cannot_downloads_edit'] = 'You are not allowed to edit that download';

$txt['permissionname_downloads_delete'] = 'Delete own Download';
$txt['permissionhelp_downloads_delete'] = 'Allows the user to delete their own download.';
$txt['cannot_downloads_delete'] = 'You are not allowed to delete that download.';

$txt['permissionname_downloads_ratefile'] = 'Rate Downloads';
$txt['permissionhelp_downloads_ratefile'] = 'Allows the user to rate a file.';
$txt['cannot_downloads_ratefile'] = 'You are not allowed to rate that file.';

$txt['permissionname_downloads_editcomment'] = 'Edit own Comment';
$txt['permissionhelp_downloads_editcomment'] = 'Allows the user to edit their own comments.';
$txt['cannot_downloads_editcomment'] = 'You are not allowed to edit that comment.';

$txt['permissionname_downloads_comment'] = 'Leave Comments';
$txt['permissionhelp_downloads_comment'] = 'Allows the user to leave comments on a download.';
$txt['cannot_downloads_comment'] = 'You are not allowed to leave comments.';

$txt['permissionname_downloads_report'] = 'Report Pictures/Comments';
$txt['permissionhelp_downloads_report'] = 'Allows the user to report downloads and comments.';
$txt['cannot_downloads_report'] = 'You are not allowed to report content.';

$txt['permissionname_downloads_autocomment'] = 'Auto Approve Comments';
$txt['permissionhelp_downloads_autocomment'] = 'Comments do not need to wait for approval.';

$txt['permissionname_downloads_autoapprove'] = 'Auto Approve Downloads';
$txt['permissionhelp_downloads_autoapprove'] = 'Downloads do not need to wait for approval.';


$txt['permissionname_downloads_manage'] = 'Admin Download System';
$txt['permissionhelp_downloads_manage'] = 'Allows the user to add/delete/edit all catagories. Delete Comments, Delete Downloads, Approve Downloads';
$txt['cannot_downloads_manage'] = 'You are not allowed to manage the downloads.';

// END Download System Text Strings			
]]></add>
	</operation>
</file>

<file name="$boarddir/index.php">
	<operation>
		<search position="before"><![CDATA[
		'help' => array('Help.php', 'ShowHelp'),]]></search>
		<add><![CDATA[
		'downloads' => array('Downloads2.php', 'DownloadsMain'),
		]]></add>
	</operation>
</file>


<file name="$sourcedir/Admin.php">

	<operation>
		<search position="replace"><![CDATA['layout' => array(
			'title' => $txt['layout_controls'],]]></search>
		<add><![CDATA[
		'downloads' => array(
			'title' => $txt['downloads_admin'],
			'permission' => array('downloads_manage'),
			'areas' => array(
				'downloads' => array(
									'label' => $txt['downloads_admin'],
									'file' => 'Downloads2.php',
									'function' => 'DownloadsMain',
									'custom_url' => $scripturl . '?action=admin;area=downloads;sa=adminset;sesc=' . $sc,
									'icon' => 'server.gif',
									'subsections' => array(
										'adminset' => array($txt['downloads_text_settings']),
										'approvelist' => array($txt['downloads_form_approvedownloads']),
										'reportlist' => array($txt['downloads_form_reportdownloads']),
										'commentlist' => array($txt['downloads_form_approvecomments']),
										'filespace' => array($txt['downloads_filespace']),
										'catpermlist' => array($txt['downloads_text_catpermlist2']),
										'import' => array($txt['downloads_txt_import']),
									),
				),),
		),

		'layout' => array(
			'title' => $txt['layout_controls'],		
]]></add>
	</operation>
</file>

<file name="$sourcedir/Subs.php">
	<operation>
		<search position="before"><![CDATA[$context['allow_calendar'] = allowedTo('calendar_view') && !empty($modSettings['cal_enabled']);]]></search>
		<add><![CDATA[
		$context['allow_downloads_view'] = allowedTo('downloads_view');
		]]></add>
	</operation>
	<operation>
		<search position="after"><![CDATA['mlist' => array(]]></search>
		<add><![CDATA[			
		// [Downloads] button
			'downloads' => array(
				'title' => $txt['downloads_menu'],
				'href' => $scripturl . '?action=downloads',
				'show' => $context['allow_downloads_view'],
				'icon' => '',
			),
]]></add>
	</operation>
</file>
<file name="$sourcedir/ManagePermissions.php">
	<operation>
		<search position="before"><![CDATA[	$groupLevels['global']['standard'] = array_merge($groupLevels['global']['restrict'], array(]]></search>
		<add><![CDATA[
		'downloads_view',
		'downloads_add',
		'downloads_edit',
		'downloads_delete',
		'downloads_ratefile',
		'downloads_comment',
		'downloads_editcomment',
		'downloads_report',
		'downloads_autocomment',
		'downloads_autoapprove',
		'downloads_manage',]]></add>
	</operation>

	<operation>
		<search position="before"><![CDATA[	$permissionList = array(
		'membergroup' => array(]]></search>
		<add><![CDATA[
			'downloads_view' => array(false, 'downloads', 'downloads'),
			'downloads_add' => array(false, 'downloads', 'downloads'),
			'downloads_edit' => array(false, 'downloads', 'downloads'),
			'downloads_delete' => array(false, 'downloads', 'downloads'),
			'downloads_ratefile' => array(false, 'downloads', 'downloads'),
			'downloads_comment' => array(false, 'downloads', 'downloads'),
			'downloads_editcomment' => array(false, 'downloads', 'downloads'),
			'downloads_report' => array(false, 'downloads', 'downloads'),
			'downloads_autocomment' => array(false, 'downloads', 'downloads'),
			'downloads_autoapprove' => array(false, 'downloads', 'downloads'),
			'downloads_manage' => array(false, 'downloads', 'downloads'),]]></add>
	</operation>
</file>
</modification>