<?xml version="1.0"?>
<!DOCTYPE package-info SYSTEM "http://www.simplemachines.org/xml/package-info">
<package-info xmlns="http://www.simplemachines.org/xml/package-info" xmlns:smf="http://www.simplemachines.org/">
	<id>Smfsimple:RegisterBarMod</id>
	<name>Register Bar Mod By SMFSimple.com</name>
	<version>V3</version>
	<type>modification</type>
	
	<install for="2.0 - 2.99.99">
		<redirect url="?action=admin;area=modsettings;sa=general">redirect.txt</redirect>
		<readme parsebbc="true">readme.txt</readme>
		<modification>install.xml</modification>
		<modification>languages.xml</modification>
		<require-dir name="Themes" destination="$boarddir" />
	</install>

	<uninstall for="2.0 - 2.99.99">
		<modification type="file" reverse="true">install.xml</modification>
		<modification type="file" reverse="true">languages.xml</modification>
		<remove-file name="$imagesdir/x.png" />
	</uninstall>
	
</package-info>
