<?xml version="1.0"?>
<!DOCTYPE package-info SYSTEM "http://www.simplemachines.org/xml/package-info">
<package-info xmlns="http://www.simplemachines.org/xml/package-info" xmlns:smf="http://www.simplemachines.org/">
	<id>4kstore:Broken_Links_List</id>
	<name>Broken Links List</name>
	<version>1.1</version>
	<type>modification</type>	
	<install for="2.0 - 2.0.99">
		<redirect url="?action=admin;area=brokenlinkslist" timeout="3000">redirect.txt</redirect>
		<modification>modifications.xml</modification>
		<require-file name="BrokenLinksList.php" destination="$sourcedir" />
		<require-file name="BrokenLinksList-Hooks.php" destination="$sourcedir" />
		<require-file name="BrokenLinksList.template.php" destination="$themedir" />
		<require-dir name="languages" destination="$themedir" />
		<database>install_db.php</database>
		<code>hooks.php</code>	
	</install>
	<uninstall for="2.0 - 2.0.99">
		<modification type="file" reverse="true">modifications.xml</modification>
		<remove-file name="$sourcedir/BrokenLinksList.php" />
		<remove-file name="$sourcedir/BrokenLinksList-Hooks.php" />
		<remove-file name="$themedir/BrokenLinksList.template.php" />
		<remove-file name="$languagedir/ShareThis.english.php" />
		<remove-file name="$languagedir/ShareThis.spanish_es.php" />
		<remove-file name="$languagedir/ShareThis.spanish_latin.php" />
		<code>uninstall.php</code>
		<code>hooks.php</code>
	</uninstall>
</package-info>

