<?xml version="1.0"?>
<!DOCTYPE package-info SYSTEM "http://www.simplemachines.org/xml/package-info">
<package-info xmlns="http://www.simplemachines.org/xml/package-info" xmlns:smf="http://www.simplemachines.org/">
	<id>.LORD.:PMReaded</id>
	<name>PM Readed</name>
	<version>1.1</version>
	<type>modification</type>

	<install for="1.1.1 - 1.99.99">
		<readme type="file" parsebbc="true">readme.txt</readme>
		<modification format="xml" type="file">install1.xml</modification>
		<modification format="xml" type="file">languages.xml</modification>
		<require-file name="pm_readed.gif" destination="$imagesdir/icons" />
		<require-file name="pm_noread.gif" destination="$imagesdir/icons" />
		<require-file name="pm_replied2.gif" destination="$imagesdir/icons" />
		<require-file name="pm_received.gif" destination="$imagesdir/icons" />
	</install>

	<uninstall for="1.1.1 - 1.99.99">
		<modification format="xml" type="file" reverse="true">install1.xml</modification>
		<modification format="xml" type="file" reverse="true">languages.xml</modification>
		<remove-file name="$imagesdir/icons/pm_readed.gif" />
		<remove-file name="$imagesdir/icons/pm_noread.gif" />
		<remove-file name="$imagesdir/icons/pm_replied2.gif" />
		<remove-file name="$imagesdir/icons/pm_received.gif" />
	</uninstall>

	<install for="2.0 - 2.99.99">
		<readme type="file" parsebbc="true">readme.txt</readme>
		<modification format="xml" type="file">install2.xml</modification>
		<modification format="xml" type="file">languages.xml</modification>
		<require-file name="pm_readed.gif" destination="$imagesdir/icons" />
		<require-file name="pm_noread.gif" destination="$imagesdir/icons" />
		<require-file name="pm_replied2.gif" destination="$imagesdir/icons" />
		<require-file name="pm_received.gif" destination="$imagesdir/icons" />
	</install>

	<uninstall for="2.0 - 2.99.99">
		<modification format="xml" type="file" reverse="true">install2.xml</modification>
		<modification format="xml" type="file" reverse="true">languages.xml</modification>
		<remove-file name="$imagesdir/icons/pm_readed.gif" />
		<remove-file name="$imagesdir/icons/pm_noread.gif" />
		<remove-file name="$imagesdir/icons/pm_replied2.gif" />
		<remove-file name="$imagesdir/icons/pm_received.gif" />
	</uninstall>

</package-info>