<?xml version="1.0"?>
<!DOCTYPE modification SYSTEM "http://www.simplemachines.org/xml/modification">

<modification xmlns="http://www.simplemachines.org/xml/modification" xmlns:smf="http://www.simplemachines.org/">

	<id>JBlaze:PSNGamerCardBBC</id>
	<version>1.5</version>

	<file name="$sourcedir/Subs.php">
		<operation>
			<search position="before"><![CDATA[			array(
				'tag' => 'white',
				'before' => '<span style="color: white;" class="bbc_color">',
				'after' => '</span>',
			),]]></search>

			<add><![CDATA[
			array(
				'tag' => 'psn',
				'before' => '<img src="http://pid.us.playstation.com/user/',
				'after' => '.jpg" width="235" height="149" border="0" />',
			),]]></add>
		</operation>
	</file>

	<file name="$sourcedir/Subs-Editor.php">
		<operation>
			<search position="before"><![CDATA[			array(
				'image' => 'img',
				'code' => 'img',
				'before' => '[img]',
				'after' => '[/img]',
				'description' => $txt['image']
			),]]></search>

			<add><![CDATA[
			array(
				'image' => 'psn',
				'code' => 'psn',
				'before' => '[psn]',
				'after' => '[/psn]',
				'description' => $txt['psn_bbc']
			),
]]></add>
		</operation>
	</file>

	<file name="$languagedir/Modifications.english.php">
		<operation>
			<search position="end" />
			<add><![CDATA[
// PSN GamerCard BBC mod by JBlaze and iKorp
$txt['psn_bbc'] = 'Insert PSN GamerCard';
// End PSN GamerCard BBC
]]></add>
		</operation>
	</file>

	<file name="$languagedir/Modifications.english-utf8.php" error="skip">
		<operation>
			<search position="end" />
			<add><![CDATA[
// PSN GamerCard BBC mod by JBlaze and iKorp
$txt['psn_bbc'] = 'Insert PSN GamerCard';
// End PSN GamerCard BBC
]]></add>
		</operation>
	</file>
	
	<file name="$languagedir/Modifications.spanish_latin.php" error="skip">
		<operation>
			<search position="end" />
			<add><![CDATA[
// PSN GamerCard BBC mod by JBlaze and iKorp
$txt['psn_bbc'] = 'Insertar PSN GamerCard';
// End PSN GamerCard BBC
]]></add>
		</operation>
	</file>
	
	<file name="$languagedir/Modifications.spanish_es.php" error="skip">
		<operation>
			<search position="end" />
			<add><![CDATA[
// PSN GamerCard BBC mod by JBlaze and iKorp
$txt['psn_bbc'] = 'Insertar PSN GamerCard';
// End PSN GamerCard BBC
]]></add>
		</operation>
	</file>
                
</modification>
