<?xml version="1.0"?>
<!DOCTYPE package-info SYSTEM "http://www.simplemachines.org/xml/package-info">

<package-info xmlns="http://www.simplemachines.org/xml/package-info" xmlns:smf="http://www.simplemachines.org/">
	<id>vbgamer45:SMFTags</id>
	<name>Tagging System</name>
	<type>modification</type>
	<version>2.4.2</version>

	<install for="1.1 - 1.1.99">
		<redirect url="?action=tags;sa=admin">redirect.txt</redirect>
		<readme>ReadMe.txt</readme>
		<modification type="file">tags.xml</modification>
		<require-file name="Tags.php" destination="$sourcedir" />
		<require-file name="Tags.template.php" destination="$themedir" />
		<require-file name="Tags.english.php" destination="$themedir/languages" />
		<require-file name="Tags.english-utf8.php" destination="$themedir/languages" />
		<code>tagsql.php</code>
	</install>

	<uninstall for="1.1 - 1.1.99">
		<modification type="file" reverse="true">tags.xml</modification>
		<code>UnInstall.php</code>
	</uninstall>

	
	
	<install for="2.0 - 2.0.99,2.0 RC2,2.0 RC3,2.0 RC4,2.0 RC5">
				<redirect url="?action=admin;area=tags;sa=admin">redirect.txt</redirect>
				<readme>ReadMe.txt</readme>
				<modification type="file">tags2rc2.xml</modification>
				<require-file name="Tags2.php" destination="$sourcedir" />
				<require-file name="Tags2.template.php" destination="$themedir" />
				<require-file name="Tags.english.php" destination="$themedir/languages" />
				<require-file name="Tags.english-utf8.php" destination="$themedir/languages" />
				<code>tagsql2.php</code>
		</install>
		
		
	<uninstall for="2.0 - 2.0.99,2.0 RC2,2.0 RC3,2.0 RC4,2.0 RC5">
				<modification type="file" reverse="true">tags2rc2.xml</modification>
				<code>UnInstall.php</code>
	</uninstall>

</package-info>