<?xml version="1.0"?>
<!DOCTYPE modification SYSTEM "http://www.simplemachines.org/xml/modification">
<modification xmlns="http://www.simplemachines.org/xml/modification" xmlns:smf="http://www.simplemachines.org/">
<id>vbgamer45:smfgalleryprovideo</id>
<version>1.0</version>
<file name="$languagedir/Modifications.english.php">
	<operation>
		<search position="after"><![CDATA[
?>]]></search>
		<add><![CDATA[
//Begin SMF Gallery Video Text Strings

//Permissions
$txt['permissiongroup_smfgalleryvideo'] = 'SMF Gallery Pro Video';

$txt['permissionname_smfgalleryvideo_add'] = 'Add Video';
$txt['permissionhelp_smfgalleryvideo_add'] = 'Allows the user to add a video.';
$txt['cannot_smfgalleryvideo_add'] = 'You are not allowed to add a video.';


//END SMF Gallery Video Text Strings			
]]></add>
	</operation>
</file>
<file name="$languagedir/Gallery.english.php">
	<operation error="ignore">
		<search position="after"><![CDATA[
?>]]></search>
		<add><![CDATA[
//Begin SMF Gallery Video
$txt['gallery_form_addvideo'] = 'Add Video';
$txt['gallery_form_editvideo'] = 'Edit Video';
$txt['gallery_form_delvideo'] = 'Delete Video';
$txt['gallery_form_previewpic'] = 'Preview Picture';
$txt['gallery_form_videofile'] = 'Video File';
$txt['gallery_form_videourl'] = 'Linked Video Url (YouTube,Google Video)';
$txt['gallery_form_videourl2'] = 'Examples:<br />http://www.youtube.com/watch?v=EDIP71Lviys<br />http://video.google.com/videoplay?docid=-3755578433803905218';
$txt['gallery_video_playerheight'] = 'Video Player Height';
$txt['gallery_video_playerwidth'] = 'Video Player Width';
$txt['gallery_video_showdowloadlink'] = 'Show video download link';
$txt['gallery_video_showbbclinks'] = 'Show html linking codes';
$txt['gallery_err_videosize'] = 'Video exceeds max size of ';

$txt['gallery_text_videosettings'] = 'Video Settings';
$txt['gallery_video_write_error'] = 'Video save path is not writable';

$txt['gallery_video_maxfilesize'] = 'Video Max Filesize: ';
$txt['gallery_video_allowlinked'] = 'Allowed linked videos such as youtube.com';
$txt['gallery_video_filetypes'] = 'Filetypes allowed: ';
$txt['gallery_err_extension'] = 'File extension not allowed: ';
$txt['gallery_video_dowloadlink'] = 'Download Video';
$txt['gallery_video_htmllink'] = 'HTML Linking Code:';
$txt['gallery_txt_video_linking'] = 'Video Linking Codes';
$txt['gallery_video_oldvideo'] = 'Old Video';
//END SMF Gallery Video Strings			
]]></add>
	</operation>
</file>



<file name="$sourcedir/Gallery.php">
	<operation>
<search position="replace"><![CDATA[// Process the user gallery functions]]></search>
		<add><![CDATA[

require_once($sourcedir . '/Subs-Video.php');

// Process the user gallery functions
]]></add>
	</operation>
</file>




<file name="$sourcedir/ManagePermissions.php">
	<operation>
		<search position="after"><![CDATA['pm' => array(
				'pm_read' => false,
				'pm_send' => false,
			),]]></search>
		<add><![CDATA[
'smfgalleryvideo' => array(
				'smfgalleryvideo_add' => false,

			),]]></add>
	</operation>
</file>


</modification>