<?xml version="1.0"?>
<!DOCTYPE modification SYSTEM "http://www.simplemachines.org/xml/modification">
<modification xmlns="http://www.simplemachines.org/xml/modification" xmlns:smf="http://www.simplemachines.org/">
<id>vbgamer45:mudim</id>
<version>1.0</version>
<file name="$sourcedir/Load.php">
		<operation>
			<search position="replace"><![CDATA[// Some basic information...
	if (!isset($context['html_headers']))
		$context['html_headers'] = '';]]></search>
			<add><![CDATA[// Some basic information...
	if (!isset($context['html_headers']))
		$context['html_headers'] = '';
	
	// Start Mudim Mod SMFHacks.com
	$context['html_headers'] .= '<script type="text/javascript" src="' . $settings['default_theme_url'] . '/scripts/mudim-0.9-r162.js"></script>';

	// End Mudim Mod SMFHacks.com
			]]></add>
		</operation>
</file>

</modification>