<?xml version="1.0"?>
<!DOCTYPE package-info SYSTEM "http://www.simplemachines.org/xml/package-info">

<package-info xmlns="http://www.simplemachines.org/xml/package-info" xmlns:smf="http://www.simplemachines.org/">
	<id>vbgamer45:LoginMenuButton</id>
	<name>Login Menu Button</name>
	<type>modification</type>
	<version>2.0</version>
	
	
		
	<install for="2.1 - 2.1.99,2.1 Beta 1, 2.1 RC1,2.1 RC2, 2.1 RC3, 2.1 RC4">
		<readme>ReadMe.txt</readme>
		<hook hook="integrate_menu_buttons" function="login_menu_buttons" file="$sourcedir/LoginMenuHooks.php" />
		<hook hook="login_menu_integrate_load_theme" function="login_menu_integrate_load_theme" file="$sourcedir/LoginMenuHooks.php" />
		<require-file name="LoginMenuHooks.php" destination="$sourcedir" />
		<require-file name="key_go.png" destination="$imagesdir" />
	</install>
	<upgrade for="2.1 - 2.1.99,2.1 Beta 1, 2.1 RC1,2.1 RC2, 2.1 RC3, 2.1 RC4">
		
		<readme>ReadMe.txt</readme>
		<hook hook="integrate_menu_buttons" function="login_menu_buttons" file="$sourcedir/LoginMenuHooks.php" />
		<require-file name="LoginMenuHooks.php" destination="$sourcedir" />
	
	</upgrade>
	<uninstall for="2.1 - 2.1.99,2.1 Beta 1, 2.1 RC1,2.1 RC2, 2.1 RC3, 2.1 RC4">
		<hook hook="integrate_menu_buttons" function="login_menu_buttons" file="$sourcedir/LoginMenuHooks.php" reverse="true" />
		<hook hook="login_menu_integrate_load_theme" function="login_menu_integrate_load_theme" file="$sourcedir/LoginMenuHooks.php" reverse="true" />	
		<remove-file name="$sourcedir/LoginMenuHooks.php" />
		<remove-file name="$imagesdir/key_go.png" />
	</uninstall>
	

</package-info>