<?xml version="1.0"?>
<!DOCTYPE modification SYSTEM "http://www.simplemachines.org/xml/modification">
<modification xmlns="http://www.simplemachines.org/xml/modification" xmlns:smf="http://www.simplemachines.org/">
	<id>.LORD.:InfoBanExpireTime</id>
	<name>InfoBan - Expire Time</name>
	<version>1.0</version>

	<file name="$sourcedir/Security.php">
		<operation>
			<search position="replace"><![CDATA[
					bg.cannot_post, bg.cannot_login, bg.reason
				FROM ({$db_prefix}ban_groups AS bg, {$db_prefix}ban_items AS bi)
				WHERE bg.ID_BAN_GROUP = bi.ID_BAN_GROUP
					AND (bg.expire_time IS NULL OR bg.expire_time > " . time() . ")
					AND (" . implode(' OR ', $ban_query) . ')', __FILE__, __LINE__);]]></search>
			<add><![CDATA[
					bg.cannot_post, bg.cannot_login, bg.reason, IFNULL(bg.expire_time, 0) AS expire_time
				FROM {$db_prefix}ban_items AS bi
					INNER JOIN {$db_prefix}ban_groups AS bg ON (bg.ID_BAN_GROUP = bi.ID_BAN_GROUP AND (bg.expire_time IS NULL OR bg.expire_time > " . time() . "))
				WHERE
					(" . implode(' OR ', $ban_query) . ')', __FILE__, __LINE__);]]></add>
		</operation>

		<operation>
			<search position="before"><![CDATA[
						$_SESSION['ban'][$restriction]['ids'][] = $row['ID_BAN'];]]></search>
			<add><![CDATA[
						if (!isset($_SESSION['ban']['expire_time']) || ($_SESSION['ban']['expire_time'] != 0 && ($row['expire_time'] == 0 || $row['expire_time'] > $_SESSION['ban']['expire_time'])))
							$_SESSION['ban']['expire_time'] = $row['expire_time'];]]></add>
		</operation>

		<operation>
			<search position="replace"><![CDATA[
		// You banned, sucka!
		fatal_error(sprintf($txt[430], $old_name) . (empty($_SESSION['ban']['cannot_access']['reason']) ? '' : '<br />' . $_SESSION['ban']['cannot_access']['reason']));]]></search>
			<add><![CDATA[
		// You banned, sucka!
		fatal_error(sprintf($txt[430], $old_name) . (empty($_SESSION['ban']['cannot_access']['reason']) ? '' : '<br /><br />' . $txt['your_ban_reason'] . ' ' . $_SESSION['ban']['cannot_access']['reason']) . '<br /><br />' . (!empty($_SESSION['ban']['expire_time']) ? sprintf($txt['your_ban_expires'], timeformat($_SESSION['ban']['expire_time'], false)) : $txt['your_ban_expires_never']), 'user');]]></add>
		</operation>
	</file>

</modification>