<?xml version="1.0"?>
<!DOCTYPE package-info SYSTEM "http://www.simplemachines.org/xml/package-info">
<package-info xmlns="http://www.simplemachines.org/xml/package-info" xmlns:smf="http://www.simplemachines.org/">
	<id>.LORD.:InfoBanExpireTime</id>
	<name>InfoBan - Expire Time</name>
	<version>1.0</version>
	<type>modification</type>

	<install for="1.1.1 - 1.99.99">
		<readme type="file" parsebbc="true">readme.txt</readme>
		<modification format="xml" type="file">install1.xml</modification>
		<modification format="xml" type="file">languages.xml</modification>
	</install>

	<uninstall for="1.1.1 - 1.99.99">
		<modification format="xml" type="file" reverse="true">install1.xml</modification>
		<modification format="xml" type="file" reverse="true">languages.xml</modification>
	</uninstall>

</package-info>