<?xml version="1.0"?>
<!DOCTYPE modification SYSTEM "http://www.simplemachines.org/xml/modification">
<modification xmlns="http://www.simplemachines.org/xml/modification" xmlns:smf="http://www.simplemachines.org/">
<id>vbgamer45:FeedIcon</id>
<version>1.1</version>


<file name="$themedir/BoardIndex.template.php">
	<operation>
		<search position="replace"><![CDATA[function template_bi_board_info($board)
{
	global $context, $scripturl, $txt;]]></search>
		<add><![CDATA[function template_bi_board_info($board)
{
	global $context, $scripturl, $txt, $settings;]]></add>

	</operation>
	<operation>
		<search position="before"><![CDATA[', $board['name'], ']]></search>
		<add><![CDATA[&nbsp;<a href="' . $scripturl . '?action=.xml;board=' . $board['id'] . ';type=rss"><img src="' . $settings['images_url'] . '/rss.png" alt="rss" /></a>]]></add>

	</operation>
</file>
<file name="$themedir/MessageIndex.template.php">
	<operation>
		<search position="replace"><![CDATA[global $context, $scripturl, $txt;

	echo '
		<a class="subject mobile_subject" href="', $board['href'], '" id="b', $board['id'], '">
			', $board['name'], '
		</a>]]></search>
		<add><![CDATA[global $context, $scripturl, $txt, $settings;

	echo '
		<a class="subject mobile_subject" href="', $board['href'], '" id="b', $board['id'], '">
			', $board['name'], '
		</a>
		<a href="' . $scripturl . '?action=.xml;board=' . $board['id'] . ';type=rss"><img src="' . $settings['images_url'] . '/rss.png" alt="rss" /></a>]]></add>

	</operation>
</file>

</modification>