<?xml version="1.0"?>
<!DOCTYPE package-info SYSTEM "http://www.simplemachines.org/xml/package-info">

<package-info xmlns="http://www.simplemachines.org/xml/package-info" xmlns:smf="http://www.simplemachines.org/">
	<id>vbgamer45:FeedIcon</id>
	<name>RSS Feed Icon</name>
	<type>modification</type>
	<version>2.0.1</version>

	<install for="1.1 - 1.1.99,1.1 RC3,1.1 RC2">
		<readme>ReadMe.txt</readme>
		<modification type="file">feed.xml</modification>
		<require-file name="rss.png" destination="$themedir/images" />
	</install>

	<uninstall for="1.1 - 1.1.99,1.1 RC3,1.1 RC2">
		<modification type="file" reverse="true">feed.xml</modification>
		<code>UnInstall.php</code>
	</uninstall>


	<install for="2.0 - 2.0.99, 2.0 RC2, 2.0 RC3, 2.0 RC4, 2.0 RC5">
		<readme>ReadMe.txt</readme>
		<modification type="file">feed2.xml</modification>
		<require-file name="rss.png" destination="$themedir/images" />
	</install>

	<uninstall for="2.0 - 2.0.99, 2.0 RC2, 2.0 RC3, 2.0 RC4, 2.0 RC5">
		<modification type="file" reverse="true">feed2.xml</modification>
		<code>UnInstall.php</code>
	</uninstall>


	<install for="2.1 - 2.1.99,2.1 RC2, 2.1 RC3, 2.1 RC4, 2.1 Beta 3, 2.1 RC1">
		<readme>ReadMe.txt</readme>
		<modification type="file">feed2.1.xml</modification>
		<require-file name="rss.png" destination="$themedir/images" />
	</install>

	<uninstall for="2.1 - 2.1.99,2.1 RC2, 2.1 RC3, 2.1 RC4, 2.1 Beta 3, 2.1 RC1">
		<modification type="file" reverse="true">feed2.1.xml</modification>
		<code>UnInstall.php</code>
	</uninstall>
</package-info>