<?xml version="1.0"?>
<!DOCTYPE modification SYSTEM "http://www.simplemachines.org/xml/modification">
<modification xmlns="http://www.simplemachines.org/xml/modification" xmlns:smf="http://www.simplemachines.org/">
<id>vbgamer45:autotwitterembed</id>
<version>1.0</version>
<file name="$languagedir/Modifications.english.php">
	<operation>
		<search position="end" />
		<add><![CDATA[
// Begin Auto Embed Twitter Strings
$txt['autotwitter_tweeterror'] = 'Tweet error (does not exist)';
$txt['autotwitter_blankid'] = 'Tweet error (blank ID)';
// END Auto Embed Twitter Strings			
]]></add>
	</operation>
</file>

<file name="$languagedir/Modifications.english-utf8.php" error="skip">
	<operation>
		<search position="end" />
		<add><![CDATA[
// Begin Auto Embed Twitter Strings
$txt['autotwitter_tweeterror'] = 'Tweet error (does not exist)';
$txt['autotwitter_blankid'] = 'Tweet error (blank ID)';
// END Auto Embed Twitter Strings			
]]></add>
	</operation>
</file>
<file name="$sourcedir/Load.php">
		<operation>
			<search position="replace"><![CDATA[// Some basic information...
	if (!isset($context['html_headers']))
		$context['html_headers'] = '';]]></search>
			<add><![CDATA[// Some basic information...
	if (!isset($context['html_headers']))
		$context['html_headers'] = '';
	
	// Auto Embed Twitter
	global $boardurl;
	$context['html_headers'] .=  '
	<script type="text/javascript" src="https://cdnjs.cloudflare.com/ajax/libs/jquery/2.1.1/jquery.min.js"></script>
	<script type="text/javascript">
		$(document).ready(function() {

		var oTwitter = $(\'a[href*="twitter.com"][href*="/status"]\');
		if (oTwitter.length > 0) {
			oTwitter.each(function() {
				var oHolder = $(this);
				var sStr = $(this).attr(\'href\');
				sStr = sStr.replace(/\/+$/, "");
				sStr = sStr.substr(sStr.lastIndexOf(\'/\') + 1);
				$.getJSON("' . $boardurl .'/tweet-cache.php?id=" + sStr, function(data) {
					oHolder.before(data.html);
				});
			});
		}

		});
	</script>';
	//end Auto Embed Twitter
			]]></add>
		</operation>
	</file>

</modification>