<?xml version="1.0"?>
<!DOCTYPE package-info SYSTEM "http://www.simplemachines.org/xml/package-info">

<package-info xmlns="http://www.simplemachines.org/xml/package-info" xmlns:smf="http://www.simplemachines.org/">
	<id>runic:join_reason</id>
	<name>Join Reason</name>
	<type>modification</type>
	<version>1.5</version>

	<install for="2.0 - 2.99.99">
		<modification type="file">install.xml</modification>
		<modification type="file">english.xml</modification>
		<database>install.php</database>
	</install>

	<uninstall for="2.0 - 2.99.99">
		<modification type="file" reverse="true">install.xml</modification>
		<modification type="file" reverse="true">english.xml</modification>
		<code>UnInstall.php</code>
	</uninstall>
</package-info>