<?xml version="1.0"?>
<!DOCTYPE modification SYSTEM "http://www.simplemachines.org/xml/modification">
<!-- - - - - - - - - - - - - - - - - - - - - - - - - - - - - - - - - - - - - - -
	This is an example modification file for SMF packages.

	ATTENTION: If you are trying to install this manually, you should try
	the package manager.  If it will not work for you, please take a look
	at the following for information on this format:
		http://mods.simplemachines.org/docs/manual-install.php

================================================================================

	Modification files can be used to modify files so that they do what
	your package needs them to do to work properly.

 - - - - - - - - - - - - - - - - - - - - - - - - - - - - - - - - - - - - - - -->

<modification xmlns="http://www.simplemachines.org/xml/modification" xmlns:smf="http://www.simplemachines.org/">
	<!-- This information needs to be the same as that in the package-info.xml. -->
	<id>vicram10:AutoRefreshWhoIndex</id>
	<name>Auto Refresh Who Index</name>
	<version>1.1</version>
<file name="$sourcedir/ManageSettings.php">
    <operation>
		<search position="after"><![CDATA[// Big Options... polls, sticky, bbc....]]></search>
			<add><![CDATA[			array('int', 'autorefresh_timeout'),
		'',			
			]]></add>
	</operation>
</file>	
<file name="$sourcedir/Who.php">
    <operation>
		<search position="after"><![CDATA[	// Some people can't send personal messages...]]></search>
			<add><![CDATA[
	//Auto Refresh
	global $modSettings;
	$auto_refresh = !empty($modSettings['autorefresh_timeout']) ? $modSettings['autorefresh_timeout'] : 10;
	$context['html_headers'] .= '<meta http-equiv="refresh" content="'. $auto_refresh .'" />';
	
]]></add>
	</operation>
</file>	
</modification>
