<?xml version="1.0"?>
<!DOCTYPE modification SYSTEM "http://www.simplemachines.org/xml/modification">
<modification xmlns="http://www.simplemachines.org/xml/modification" xmlns:smf="http://www.simplemachines.org/">
	<id>Guest Post No Email Field</id>
	<version>1.0</version>
	<file name="$sourcedir/ManagePosts.php">
		<operation>
			<search position="replace"><![CDATA[array('check', 'disable_wysiwyg'),]]></search>
			<add><![CDATA[array('check', 'disable_wysiwyg'),
			array('check', 'guest_post_no_email'),]]></add>
		</operation>
	</file>
	<file name="$languagedir/Modifications.english.php">
		<operation>
			<search position="end" />
			<add><![CDATA[
// Start Guest Post No Email Field
$txt['guest_post_no_email'] = 'Remove the email field for guests posts';
// End Guest Post No Email Field

]]></add>
		</operation>
	</file>
	<file name="$languagedir/Modifications.english-utf8.php" error="skip">
		<operation>
			<search position="end" />
			<add><![CDATA[
// Start Guest Post No Email Field
$txt['guest_post_no_email'] = 'Remove the email field for guests posts';
// End Guest Post No Email Field

]]></add>
		</operation>
	</file>

</modification>