<?xml version="1.0"?>
<!DOCTYPE package-info SYSTEM "http://www.simplemachines.org/xml/package-info">
<!-- This package was generated by SleePys Package Maker at http://sleepycode.com -->
<package-info xmlns="http://www.simplemachines.org/xml/package-info" xmlns:smf="http://www.simplemachines.org/">
	<id>vbgamer45:GuestPostNoEmail</id>
	<name>Guest Post No Email Field</name>
	<version>1.0</version>
	<type>modification</type>
	<install for="2.0-2.99.99">
		<modification>install.xml</modification>
		<readme parsebbc="true">readme.txt</readme>
	</install>
	<uninstall for="2.0-2.99.99">
		<modification reverse="true">install2.0.xml</modification>
		<readme type="inline">This will uninstall the Guest Post No Email Field mod. Thanks for using this mod.</readme>
	</uninstall>
</package-info>