<?xml version="1.0"?>
<!DOCTYPE modification SYSTEM "http://www.simplemachines.org/xml/modification">
<modification xmlns="http://www.simplemachines.org/xml/modification" xmlns:smf="http://www.simplemachines.org/">
<id>vbgamer45:ContactPage</id>
<version>1.1</version>
<file name="$languagedir/Modifications.english.php">
	<operation>
		<search position="after"><![CDATA[
?>]]></search>
		<add><![CDATA[
// Begin Contact Page Text Strings
$txt['smfcontact_contact'] = 'Contact';
$txt['permissionname_view_contact'] = 'View Contact Page';
$txt['permissionhelp_view_contact'] = 'Allows members to view contact page and send email.';
$txt['cannot_view_contact'] = 'You can not view the contact page.';
$txt['smfcontact_name'] = 'Your Name:';
$txt['smfcontact_subject'] = 'Subject';
$txt['smfcontact_body'] = 'Message';
$txt['smfcontact_emailaddress'] = 'Email Address';
$txt['smfcontact_sendemail'] = 'Send e-mail';
$txt['smfcontact_messagesent'] = 'Your message has been sent!';
$txt['smfcontact_messagesent_click'] = 'Your message has been sent! Click ';
$txt['smfcontact_messagesent_return'] = 'here</a> to return to the board.';
$txt['smfcontact_errname'] = 'You need to enter your name.';
$txt['smfcontact_errsubject'] = 'You need to enter a subject.';
$txt['smfcontact_errmessage'] = 'You need to enter a message.';
$txt['smfcontact_erremail'] = 'You need to enter your email address.';
$txt['smfcontact_titlesent'] = ' - Message sent.';
$txt['smfcontact_form'] = 'Contact Page Form for ';
$txt['smfcontact_formname'] = "Name: ";
$txt['smfcontact_formemail'] = "Email: ";
$txt['smfcontact_ip'] = "IP: ";
$txt['smfcontact_formmessage'] =  "Message: \n";
$txt['smfcontactpage_email'] = 'Contact Page - Email: ';
$txt['smfcontactpage_board'] = 'Contact Page - Board to Post to (Optional): ';
// END Contact Page Text Strings			
]]></add>
	</operation>
</file>


<file name="$languagedir/Modifications.english-utf8.php" error="skip">
	<operation>
		<search position="after"><![CDATA[
?>]]></search>
		<add><![CDATA[
// Begin Contact Page Text Strings
$txt['smfcontact_contact'] = 'Contact';
$txt['permissionname_view_contact'] = 'View Contact Page';
$txt['permissionhelp_view_contact'] = 'Allows members to view contact page and send email.';
$txt['cannot_view_contact'] = 'You can not view the contact page.';
$txt['smfcontact_name'] = 'Your Name:';
$txt['smfcontact_subject'] = 'Subject';
$txt['smfcontact_body'] = 'Message';
$txt['smfcontact_emailaddress'] = 'Email Address';
$txt['smfcontact_sendemail'] = 'Send e-mail';
$txt['smfcontact_messagesent'] = 'Your message has been sent!';
$txt['smfcontact_messagesent_click'] = 'Your message has been sent! Click ';
$txt['smfcontact_messagesent_return'] = 'here</a> to return to the board.';
$txt['smfcontact_errname'] = 'You need to enter your name.';
$txt['smfcontact_errsubject'] = 'You need to enter a subject.';
$txt['smfcontact_errmessage'] = 'You need to enter a message.';
$txt['smfcontact_erremail'] = 'You need to enter your email address.';
$txt['smfcontact_titlesent'] = ' - Message sent.';
$txt['smfcontact_form'] = 'Contact Page Form for ';
$txt['smfcontact_formname'] = "Name: ";
$txt['smfcontact_formemail'] = "Email: ";
$txt['smfcontact_ip'] = "IP: ";
$txt['smfcontact_formmessage'] =  "Message: \n";
$txt['smfcontactpage_email'] = 'Contact Page - Email: ';
$txt['smfcontactpage_board'] = 'Contact Page - Board to Post to (Optional): ';
// END Contact Page Text Strings			
]]></add>
	</operation>
</file>



<file name="$languagedir/Modifications.german.php" error="skip">
	<operation>
		<search position="end"><![CDATA[
?>]]></search>
		<add><![CDATA[
// Begin Contact Page Text Strings
$txt['smfcontact_contact'] = 'Contact';
$txt['permissionname_view_contact'] = 'View Contact Page';
$txt['permissionhelp_view_contact'] = 'Allows members to view contact page and send email.';
$txt['cannot_view_contact'] = 'You can not view the contact page.';
$txt['smfcontact_name'] = 'Your Name:';
$txt['smfcontact_subject'] = 'Subject';
$txt['smfcontact_body'] = 'Message';
$txt['smfcontact_emailaddress'] = 'Email Address';
$txt['smfcontact_sendemail'] = 'Send e-mail';
$txt['smfcontact_messagesent'] = 'Your message has been sent!';
$txt['smfcontact_messagesent_click'] = 'Your message has been sent! Click ';
$txt['smfcontact_messagesent_return'] = 'here</a> to return to the board.';
$txt['smfcontact_errname'] = 'You need to enter your name.';
$txt['smfcontact_errsubject'] = 'You need to enter a subject.';
$txt['smfcontact_errmessage'] = 'You need to enter a message.';
$txt['smfcontact_erremail'] = 'You need to enter your email address.';
$txt['smfcontact_titlesent'] = ' - Message sent.';
$txt['smfcontact_form'] = 'Contact Page Form for ';
$txt['smfcontact_formname'] = "Name: ";
$txt['smfcontact_formemail'] = "Email: ";
$txt['smfcontact_ip'] = "IP: ";
$txt['smfcontact_formmessage'] =  "Message: \n";
$txt['smfcontactpage_email'] = 'Contact Page - Email: ';
$txt['smfcontactpage_board'] = 'Contact Page - Board to Post to (Optional): ';
// END Contact Page Text Strings
]]></add>
	</operation>
</file>

<file name="$languagedir/Modifications.german_informal.php" error="skip">
	<operation>
		<search position="end" />
		<add><![CDATA[
// Begin Contact Page Text Strings
$txt['smfcontact_contact'] = 'Contact';
$txt['permissionname_view_contact'] = 'View Contact Page';
$txt['permissionhelp_view_contact'] = 'Allows members to view contact page and send email.';
$txt['cannot_view_contact'] = 'You can not view the contact page.';
$txt['smfcontact_name'] = 'Your Name:';
$txt['smfcontact_subject'] = 'Subject';
$txt['smfcontact_body'] = 'Message';
$txt['smfcontact_emailaddress'] = 'Email Address';
$txt['smfcontact_sendemail'] = 'Send e-mail';
$txt['smfcontact_messagesent'] = 'Your message has been sent!';
$txt['smfcontact_messagesent_click'] = 'Your message has been sent! Click ';
$txt['smfcontact_messagesent_return'] = 'here</a> to return to the board.';
$txt['smfcontact_errname'] = 'You need to enter your name.';
$txt['smfcontact_errsubject'] = 'You need to enter a subject.';
$txt['smfcontact_errmessage'] = 'You need to enter a message.';
$txt['smfcontact_erremail'] = 'You need to enter your email address.';
$txt['smfcontact_titlesent'] = ' - Message sent.';
$txt['smfcontact_form'] = 'Contact Page Form for ';
$txt['smfcontact_formname'] = "Name: ";
$txt['smfcontact_formemail'] = "Email: ";
$txt['smfcontact_ip'] = "IP: ";
$txt['smfcontact_formmessage'] =  "Message: \n";
$txt['smfcontactpage_email'] = 'Contact Page - Email: ';
$txt['smfcontactpage_board'] = 'Contact Page - Board to Post to (Optional): ';
// END Contact Page Text Strings
]]></add>
	</operation>
</file>

	<file name="$languagedir/Modifications.german_dutch.php" error="skip">
	<operation>
		<search position="end" />
		<add><![CDATA[
$txt['smfcontact_contact'] = 'Contact';
$txt['permissionname_view_contact'] = 'View Contact Page';
$txt['permissionhelp_view_contact'] = 'Allows members to view contact page and send email.';
$txt['cannot_view_contact'] = 'You can not view the contact page.';
$txt['smfcontact_name'] = 'Uw Naam:';
$txt['smfcontact_subject'] = 'Onderwerp';
$txt['smfcontact_body'] = 'Type Uw bericht';
$txt['smfcontact_emailaddress'] = 'Email Adres';
$txt['smfcontact_sendemail'] = 'Verzend Uw bericht';
$txt['smfcontact_messagesent'] = 'Uw Bericht is verzonden!';
$txt['smfcontact_messagesent_click'] = 'Dank voor Uw Bericht<br>Deze is verzonden!<b> Klik ';
$txt['smfcontact_messagesent_return'] = 'hier</a></b> om terug te gaan naat het Forum<br>Zo gauw dit bericht is gelezen krijgt U zo spoedig mogelijk een reactie<br>Met vriendelijke groet<br>Beheer  .';
$txt['smfcontact_errname'] = 'U vergeet Uw naam in te tikken.';
$txt['smfcontact_errsubject'] = 'U bent vergeten een onderwerp in te tikken.';
$txt['smfcontact_errmessage'] = 'U heeft niets ingevuld in de berichtenbox.';
$txt['smfcontact_erremail'] = 'U bent vergeten Uw e-mail adres in te vullen.';
$txt['smfcontact_titlesent'] = ' - Bericht verzonden.';
$txt['smfcontact_form'] = 'Contact Pagina voor ';
$txt['smfcontact_formname'] = "Name: ";
$txt['smfcontact_formemail'] = "Email: ";
$txt['smfcontact_ip'] = "IP: ";
$txt['smfcontact_formmessage'] =  "Bericht: \n";
$txt['smfcontactpage_email'] = 'Contact Pagina - Email: ';
$txt['smfcontactpage_board'] = 'Contact Pagina - Board to Post to (Optional): ';
// END Contact Page Text Strings
]]></add>
	</operation>
</file>

<file name="$languagedir/Modifications.french.php"  error="skip">
    <operation>
        <search position="after"><![CDATA[
?>]]></search>
        <add><![CDATA[
// Begin Contact Page Text Strings
$txt['smfcontact_contact'] = 'Contact';
$txt['permissionname_view_contact'] = 'Afficher la page de contact';
$txt['permissionhelp_view_contact'] = 'Permet aux membres d\'afficher la page de contact et d\'envoyer des e-mails.';
$txt['cannot_view_contact'] = 'Vous ne pouvez pas voir la page de contact.';
$txt['smfcontact_name'] = 'Votre nom :';
$txt['smfcontact_subject'] = 'Sujet';
$txt['smfcontact_body'] = 'Message';
$txt['smfcontact_emailaddress'] = 'Adresse e-mail';
$txt['smfcontact_sendemail'] = 'Envoyer un e-mail';
$txt['smfcontact_messagesent'] = 'Votre message a été envoyé !';
$txt['smfcontact_messagesent_click'] = 'Votre message a été envoyé ! Cliquez sur ';
$txt['smfcontact_messagesent_return'] = 'ici</a> pour retourner au forum.';
$txt['smfcontact_errname'] = 'Vous devez saisir votre nom.';
$txt['smfcontact_errsubject'] = 'Vous devez saisir un sujet.';
$txt['smfcontact_errmessage'] = 'Vous devez saisir un message.';
$txt['smfcontact_erremail'] = 'Vous devez saisir votre adresse e-mail.';
$txt['smfcontact_titlesent'] = ' - Message envoyé.';
$txt['smfcontact_form'] = 'Formulaire de page de contact pour ';
$txt['smfcontact_formname'] = "Nom : ";
$txt['smfcontact_formemail'] = "Courriel : ";
$txt['smfcontact_ip'] = "IP : ";
$txt['smfcontact_formmessage'] = "Message : \n";
$txt['smfcontactpage_email'] = 'Page de contact - E-mail : ';
$txt['smfcontactpage_board'] = 'Page de contact - Tableau sur lequel publier (facultatif) : ';
// END Contact Page Text Strings
]]></add>
    </operation>
</file>


<file name="$languagedir/Modifications.french-utf8.php" error="skip">
    <operation>
        <search position="after"><![CDATA[
?>]]></search>
        <add><![CDATA[
// Begin Contact Page Text Strings
$txt['smfcontact_contact'] = 'Contact';
$txt['permissionname_view_contact'] = 'Afficher la page de contact';
$txt['permissionhelp_view_contact'] = 'Permet aux membres d\'afficher la page de contact et d\'envoyer des e-mails.';
$txt['cannot_view_contact'] = 'Vous ne pouvez pas voir la page de contact.';
$txt['smfcontact_name'] = 'Votre nom :';
$txt['smfcontact_subject'] = 'Sujet';
$txt['smfcontact_body'] = 'Message';
$txt['smfcontact_emailaddress'] = 'Adresse e-mail';
$txt['smfcontact_sendemail'] = 'Envoyer un e-mail';
$txt['smfcontact_messagesent'] = 'Votre message a été envoyé !';
$txt['smfcontact_messagesent_click'] = 'Votre message a été envoyé ! Cliquez sur ';
$txt['smfcontact_messagesent_return'] = 'ici</a> pour retourner au forum.';
$txt['smfcontact_errname'] = 'Vous devez saisir votre nom.';
$txt['smfcontact_errsubject'] = 'Vous devez saisir un sujet.';
$txt['smfcontact_errmessage'] = 'Vous devez saisir un message.';
$txt['smfcontact_erremail'] = 'Vous devez saisir votre adresse e-mail.';
$txt['smfcontact_titlesent'] = ' - Message envoyé.';
$txt['smfcontact_form'] = 'Formulaire de page de contact pour ';
$txt['smfcontact_formname'] = "Nom : ";
$txt['smfcontact_formemail'] = "Courriel : ";
$txt['smfcontact_ip'] = "IP : ";
$txt['smfcontact_formmessage'] = "Message : \n";
$txt['smfcontactpage_email'] = 'Page de contact - E-mail : ';
$txt['smfcontactpage_board'] = 'Page de contact - Tableau sur lequel publier (facultatif) : ';
// END Contact Page Text Strings
]]></add>
    </operation>
</file>


<file name="$languagedir/Modifications.italian.php" error="skip">
    <operation>
        <search position="after"><![CDATA[
?>]]></search>
        <add><![CDATA[
// Begin Contact Page Text Strings
$txt['smfcontact_contact'] = 'Contatti';
$txt['permissionname_view_contact'] = 'Visualizza la pagina Contatti';
$txt['permissionhelp_view_contact'] = 'Consente agli utenti di visualizzare la pagina Contatti e di inviare email.';
$txt['cannot_view_contact'] = 'Non puoi visualizzare la pagina Contatti.';
$txt['smfcontact_name'] = 'Nome';
$txt['smfcontact_subject'] = 'Oggetto';
$txt['smfcontact_body'] = 'Messaggio';
$txt['smfcontact_emailaddress'] = 'Indirizzo Email';
$txt['smfcontact_sendemail'] = 'Invia e-mail';
$txt['smfcontact_messagesent'] = 'Il tuo messaggio è stato inviato!';
$txt['smfcontact_messagesent_click'] = 'Il tuo messaggio è stato inviato! Clicca ';
$txt['smfcontact_messagesent_return'] = 'qui</a> per ritornare al forum.';
$txt['smfcontact_errname'] = 'Devi inserire il tuo nome.';
$txt['smfcontact_errsubject'] = 'Devi inserire un oggetto.';
$txt['smfcontact_errmessage'] = 'Devi inserire un messaggio.';
$txt['smfcontact_erremail'] = 'Devi inserire un indirizzo email.';
$txt['smfcontact_titlesent'] = ' - Messaggio inviato.';
$txt['smfcontact_form'] = 'Inviato dal modulo contatti di ';
$txt['smfcontact_formname'] = "Nome: ";
$txt['smfcontact_formemail'] = "Email: ";
$txt['smfcontact_ip'] = "IP: ";
$txt['smfcontact_formmessage'] =  "Messaggio: \n";
$txt['smfcontactpage_email'] = 'Email pagina Contatti:';
$txt['smfcontactpage_board'] = 'Pagina Contatti - Sezione in cui pubblicare i messaggi (opzionale): ';
// END Contact Page Text Strings
]]></add>
    </operation>
</file>


<file name="$languagedir/Modifications.italian-utf8.php" error="skip">
    <operation>
        <search position="after"><![CDATA[
?>]]></search>
        <add><![CDATA[
// Begin Contact Page Text Strings
$txt['smfcontact_contact'] = 'Contatti';
$txt['permissionname_view_contact'] = 'Visualizza la pagina Contatti';
$txt['permissionhelp_view_contact'] = 'Consente agli utenti di visualizzare la pagina Contatti e di inviare email.';
$txt['cannot_view_contact'] = 'Non puoi visualizzare la pagina Contatti.';
$txt['smfcontact_name'] = 'Nome';
$txt['smfcontact_subject'] = 'Oggetto';
$txt['smfcontact_body'] = 'Messaggio';
$txt['smfcontact_emailaddress'] = 'Indirizzo Email';
$txt['smfcontact_sendemail'] = 'Invia e-mail';
$txt['smfcontact_messagesent'] = 'Il tuo messaggio è stato inviato!';
$txt['smfcontact_messagesent_click'] = 'Il tuo messaggio è stato inviato! Clicca ';
$txt['smfcontact_messagesent_return'] = 'qui</a> per ritornare al forum.';
$txt['smfcontact_errname'] = 'Devi inserire il tuo nome.';
$txt['smfcontact_errsubject'] = 'Devi inserire un oggetto.';
$txt['smfcontact_errmessage'] = 'Devi inserire un messaggio.';
$txt['smfcontact_erremail'] = 'Devi inserire un indirizzo email.';
$txt['smfcontact_titlesent'] = ' - Messaggio inviato.';
$txt['smfcontact_form'] = 'Inviato dal modulo contatti di ';
$txt['smfcontact_formname'] = "Nome: ";
$txt['smfcontact_formemail'] = "Email: ";
$txt['smfcontact_ip'] = "IP: ";
$txt['smfcontact_formmessage'] =  "Messaggio: \n";
$txt['smfcontactpage_email'] = 'Email pagina Contatti:';
$txt['smfcontactpage_board'] = 'Pagina Contatti - Sezione in cui pubblicare i messaggi (opzionale): ';
// END Contact Page Text Strings
]]></add>
    </operation>
</file>
</modification>