<?xml version="1.0"?>
<!DOCTYPE package-info SYSTEM "http://www.simplemachines.org/xml/package-info">
<package-info xmlns="http://www.simplemachines.org/xml/package-info" xmlns:smf="http://www.simplemachines.org/">
	<id>4kstore:My_Mood</id>
	<name>My Mood</name>
	<version>1.0</version>
	<type>modification</type>
	<install for="2.0 - 2.0.99">
		<redirect url="?action=admin;area=modsettings;sa=mymood">redirect.txt</redirect>
		<modification>modifications.xml</modification>
		<require-file name="sources/MyMood.php" destination="$sourcedir" />
		<require-file name="default/MyMood.template.php" destination="$themedir" />
		<require-dir name="default/scripts" destination="$themedir" />
		<require-dir name="default/languages" destination="$themedir" />
		<require-dir name="default/css" destination="$themedir" />
		<require-dir name="default/images" destination="$themedir" />
		<code>install_db.php</code>
		<code>hooks.php</code>
	</install>
	<uninstall for="2.0 - 2.0.99">
		<modification type="file" reverse="true">modifications.xml</modification>
		<remove-file name="$sourcedir/MyMood.php" />
		<remove-file name="$themedir/MyMood.template.php" />
		<remove-file name="$themedir/scripts/jquery.vticker.js" />
		<remove-file name="$themedir/css/mymood.css" />
		<remove-file name="$themedir/images/noavatar.png" />
		<!--Language Files-->
		<remove-file name="$languagedir/Mymood.english.php" />
		<remove-file name="$languagedir/Mymood.spanish_latin.php" />
		<remove-file name="$languagedir/Mymood.spanish_es.php" />
		<remove-file name="$languagedir/Mymood.spanish_latin-utf8.php" />
		<remove-file name="$languagedir/Mymood.spanish_es-utf8.php" />
		<code>unistall_db.php</code>
		<code>hooks.php</code>
	</uninstall>
</package-info>

