<?xml version="1.0"?>
<!DOCTYPE modification SYSTEM "http://www.simplemachines.org/xml/modification">
<modification xmlns="http://www.simplemachines.org/xml/modification" xmlns:smf="http://www.simplemachines.org/">
<id>vbgamer45:MemberNotepad</id>
<version>1.0</version>
<file name="$languagedir/Modifications.english.php">
	<operation error="ignore">
		<search position="after"><![CDATA[
?>]]></search>
		<add><![CDATA[
//Begin Member Notepad Text Strings
$txt['mempad_title'] = 'Personal Notes';
$txt['mempad_save'] = 'Save Notes';
$txt['mempad_error'] = 'You are not allowed to edit this user\'s notepad.';

//END Member Notepad Text Strings			
]]></add>
	</operation>
</file>

<file name="$boarddir/index.php">
	<operation>
		<search position="before"><![CDATA['news' => array('ManageNews.php', 'ManageNews'),]]></search>
		<add><![CDATA[
		'savepad' => array('PersonalPad.php', 'SavePad'),]]></add>
	</operation>
</file>


<file name="$themedir/Profile.template.php">
	<operation>
		<search position="before"><![CDATA[<tr>
					<td colspan="2" height="25">
						<table width="100%" cellpadding="0" cellspacing="0" border="0" style="table-layout: fixed;">
							<tr>
								<td style="padding-bottom: 0.5ex;"><b>', $txt[85], ':</b></td>
							</tr><tr>
								<td colspan="2" width="100%" class="smalltext"><div class="signature">', $context['member']['signature'], '</div></td>
							</tr>
						</table>
					</td>
				</tr>]]></search>
	<add><![CDATA[
	';
	
	// Member Notepad
	global $scripturl;
	
	if ($context['show_pad'])
	echo '
	<tr>
	<td colspan="2"><hr size="1" width="100%" class="hrcolor" /></td>
				</tr>
	<tr>
					<td colspan="2" >
						<h3>' . $txt['mempad_title'] . '</h3>
						
						<form method="post" action="', $scripturl, '?action=savepad">
						  <textarea rows="5" name="txtnotes" cols="80">', $context['pad_notes'], '</textarea><br />
						  <input type="hidden" name="id" value="', $context['member']['id'], '" />
						  <input type="submit" value="', $txt['mempad_save'], '" name="cmdnotes" />
						</form>
						<br />
						</div>
					</td>
			</tr>';
			
	// End Member Notepad
	
	echo '
]]></add>
	</operation>

</file>
<file name="$sourcedir/Profile.php">
	<operation>
		<search position="before"><![CDATA[$context['member'] = &$memberContext[$memID];]]></search>
	<add><![CDATA[
	// Member Notepad
	global $db_prefix, $ID_MEMBER;
	if (allowedTo('admin_forum') || $memID == $ID_MEMBER)
	{
		$pad_notes = '';
		
		$result = db_query("SELECT value FROM {$db_prefix}themes
		 WHERE variable = 'notes' AND ID_MEMBER = $memID LIMIT 1", __FILE__, __LINE__);
		if (mysql_num_rows($result) != 0)
		{
			$row =  mysql_fetch_assoc($result);
			$pad_notes = $row['value'];
		}
		
		mysql_free_result($result);
		
		$context['pad_notes'] = $pad_notes;
		$context['show_pad'] = true;
	}
	else 
	{
		$context['show_pad'] = false;
	}
	
	// End Member NotePad
]]></add>
	</operation>

</file>
</modification>