<?xml version="1.0"?>
<!DOCTYPE modification SYSTEM "http://www.simplemachines.org/xml/modification">
<modification xmlns="http://www.simplemachines.org/xml/modification" xmlns:smf="http://www.simplemachines.org/">
<id>vbgamer45:modversionchecker</id>
<version>1.0</version>
<file name="$languagedir/Modifications.english.php">
	<operation>
		<search position="end" />
		<add><![CDATA[
// Mod Version Checker
$txt['modvc_checkforupdates'] = 'Check For Modifications Updates';
$txt['modvc_modificationsupdates'] = 'Modifications Updates';
$txt['modvc_downloadupdate'] = '[Download Update]';
$txt['modvc_oldversion'] = 'Installed Version';
$txt['modvc_latestversion'] = 'Latest Version';
$txt['modvc_modsitelink'] = 'Mod Site Link';
$txt['modvc_visitmod'] = '[Visit Mod]';
$txt['modvc_noupdatesfound'] = 'You are up to date! No modifications updates found!';
$txt['scheduled_task_scheduled_modvercheck'] = 'Check for Modifications Updates';
$txt['scheduled_task_desc_scheduled_modvercheck'] = 'Compares installed modifications versions with the latest versions of the modifications found on simplemachines.org';
// END Mod Version Checker
]]></add>
	</operation>
</file>

<file name="$languagedir/Modifications.dutch.php"  error="skip">
	<operation>
		<search position="end" />
		<add><![CDATA[
// Mod Version Checker
$txt['modvc_checkforupdates'] = 'Check op Modificatie updates';
$txt['modvc_modificationsupdates'] = 'Modificatie updates';
$txt['modvc_downloadupdate'] = '[Download update]';
$txt['modvc_oldversion'] = 'GeÃ¯nstalleerde versie';
$txt['modvc_latestversion'] = 'Nieuwste versie';
$txt['modvc_modsitelink'] = 'Mod Site link';
$txt['modvc_visitmod'] = '[Bekijk Mod]';
$txt['modvc_noupdatesfound'] = 'Alles is up to date! Er zijn geen modificatie updates gevonden!';
$txt['scheduled_task_scheduled_modvercheck'] = 'Controleer modificaties op updates';
$txt['scheduled_task_desc_scheduled_modvercheck'] = 'Vergelijkt de geÃ¯nstalleerde modificatie versies met de nieuwste versies van de modificaties beschikbaar op simplemachines.org';
// END Mod Version Checker
]]></add>
	</operation>
</file>

<file name="$languagedir/Modifications.russian.php"  error="skip">
	<operation>
		<search position="end" />
		<add><![CDATA[
// Mod Version Checker
$txt['modvc_checkforupdates'] = 'Проверить обновления модов';
$txt['modvc_modificationsupdates'] = 'Обновления модов';
$txt['modvc_downloadupdate'] = '[Загрузить обновление]';
$txt['modvc_oldversion'] = 'Установленная версия';
$txt['modvc_latestversion'] = 'Последняя версия';
$txt['modvc_modsitelink'] = 'Ссылка';
$txt['modvc_visitmod'] = '[Перейти]';
$txt['modvc_noupdatesfound'] = 'Все моды актуальных версий! Обновлений не найдено!';
$txt['scheduled_task_scheduled_modvercheck'] = 'Проверка обновлений модов';
$txt['scheduled_task_desc_scheduled_modvercheck'] = 'Сравнение версий установленных модов с версиями указанными на simplemachines.org';
// END Mod Version Checker
]]></add>
	</operation>
</file>

<file name="$languagedir/Modifications.polish.php"  error="skip">
	<operation>
		<search position="end" />
		<add><![CDATA[
// Mod Version Checker
$txt['modvc_checkforupdates'] = 'Sprawdź aktualizacje modyfikacji';
$txt['modvc_modificationsupdates'] = 'Aktualizacje modyfikacji';
$txt['modvc_downloadupdate'] = '[Pobierz aktualizację]';
$txt['modvc_oldversion'] = 'Zainstalowana wersja';
$txt['modvc_latestversion'] = 'Najnowsza wersja';
$txt['modvc_modsitelink'] = 'Link do strony modyfikacji';
$txt['modvc_visitmod'] = '[Przejdź do modyfikacji]';
$txt['modvc_noupdatesfound'] = 'Wszystkie modyfikacje są aktualne! Nie znaleziono aktualizacji modyfikacji!';
$txt['scheduled_task_scheduled_modvercheck'] = 'Sprawdź aktualizacje modyfikacji';
$txt['scheduled_task_desc_scheduled_modvercheck'] = 'Porównuje zainstalowane wersje modyfikacji z najnowszymi wersjami modyfikacji znalezionymi na simplemachines.org';
// END Mod Version Checker
]]></add>
	</operation>
</file>

<file name="$sourcedir/ScheduledTasks.php">
		<operation>
			<search position="end" />
			<add><![CDATA[

function scheduled_modvercheck()
{
	global $sourcedir;

	require_once($sourcedir . '/Subs-ModVersionCheck.php');
	CheckModsForUpdate();

	return true;
}

			]]></add>
		</operation>
</file>


<file name="$sourcedir/Packages.php">
		<operation>
			<search position="replace"><![CDATA[$context['page_title'] .= ' - ' . $txt['browse_packages'];]]></search>
			<add><![CDATA[
			global $sourcedir;
			require_once($sourcedir . '/Subs-ModVersionCheck.php');

			if (isset($_REQUEST['checkupdate']))
			{
				CheckModsForUpdate();
			}

			LoadModCheckDisplay();

	$context['page_title'] .= ' - ' . $txt['browse_packages'];
			]]></add>
		</operation>
	</file>

<file name="$sourcedir/Admin.php">
		<operation>
			<search position="replace"><![CDATA[// Find all of this forum's administrators...]]></search>
			<add><![CDATA[
			global $sourcedir;
			loadLanguage('Packages');
			require_once($sourcedir . '/Subs-ModVersionCheck.php');
			LoadModCheckDisplay();

	// Find all of this forum's administrators...
			]]></add>
		</operation>
	</file>

	<file name="$themedir/Packages.template.php">
		<operation>
			<search position="replace"><![CDATA[echo '
		<br />
		<div class="cat_bar">
			<h3 class="catbg">', $txt['browse_packages'], '</h3>
		</div>';]]></search>
			<add><![CDATA[
	// END Start Version Checker

	echo '<br><form action="', $scripturl, '?action=admin;area=packages;sa=browse;checkupdate=1" method="post">
	<input type="submit" value="', $txt['modvc_checkforupdates'], '" name="go" class="button">
	</form><br>';

	if (!empty($context['modvc_modupates']))
	{

	echo '
		<div class="title_bar">
			<h3 class="titlebg">
				',$txt['modvc_modificationsupdates'],'
			</h3>
		</div>
		<table class="table_grid">
			<thead>
				<tr class="catbg">
					<th scope="col" class="mod_namemodification" style="width: 25%;">
					',$txt['mod_name'],'
					</th>
					<th scope="col"  class="versionmodification">
					',$txt['modvc_latestversion'],'
					</th>
					<th scope="col" class="time_installedmodification">
					',$txt['modvc_oldversion'],'
					</th>
					<th scope="col"  class="operationsmodification">
					</th>
				</tr>
			</thead>
			<tbody>';

		foreach($context['modvc_modupates'] as $mod)
		{
			echo '
				<tr class="windowbg">
					<td class="mod_namemodification">
						',$mod['name'],'
					</td>
					<td class="mod_namemodification">
						',$mod['version'],'
					</td>
					<td class="versionmodification">
						',$mod['oldversion'],'
					</td>
					<td class="versionmodification">
						<a href="', $scripturl, '?action=admin;area=packages;get;sa=download;server=1;package=',$mod['category'],'/',$mod['filename'],';', $context['session_var'], '=', $context['session_id'], '">',$txt['modvc_downloadupdate'],'</a> <a href="https://custom.simplemachines.org/index.php?',$mod['filename'],'" target="_blank">',$txt['modvc_visitmod'],'</a>
					</td>
				</tr>';

		}

		echo '</table>';

	}
	else
	{
			if (isset($_REQUEST['checkupdate']))
			{
				echo '<div class="infobox">',$txt['modvc_noupdatesfound'],'</div>';
			}
	}

	// END Mod Version Checker

		echo '
		<br />
		<div class="cat_bar">
			<h3 class="catbg">', $txt['browse_packages'], '</h3>
		</div>';]]></add>
		</operation>
	</file>

	<file name="$themedir/Admin.template.php">
		<operation>
			<search position="replace"><![CDATA[// Is there an update available?]]></search>
			<add><![CDATA[
	// END Start Version Checker

	if (!empty($context['modvc_modupates']))
	{

	echo '
		<div class="title_bar">
			<h3 class="titlebg">
				',$txt['modvc_modificationsupdates'],'
			</h3>
		</div>
		<table class="table_grid" width="100%">
			<thead>
				<tr class="catbg">
					<th scope="col" class="mod_namemodification" style="width: 25%;">
					',$txt['mod_name'],'
					</th>
					<th scope="col"  class="versionmodification">
					',$txt['modvc_latestversion'],'
					</th>
					<th scope="col" class="time_installedmodification">
					',$txt['modvc_oldversion'],'
					</th>
					<th scope="col"  class="operationsmodification">
					</th>
				</tr>
			</thead>
			<tbody>';

		foreach($context['modvc_modupates'] as $mod)
		{
			echo '
				<tr class="windowbg">
					<td class="mod_namemodification">
						',$mod['name'],'
					</td>
					<td class="mod_namemodification">
						',$mod['version'],'
					</td>
					<td class="versionmodification">
						',$mod['oldversion'],'
					</td>
					<td class="versionmodification">
						<a href="', $scripturl, '?action=admin;area=packages;get;sa=download;server=1;package=',$mod['category'],'/',$mod['filename'],';', $context['session_var'], '=', $context['session_id'], '">',$txt['modvc_downloadupdate'],'</a> <a href="https://custom.simplemachines.org/index.php?',$mod['filename'],'" target="_blank">',$txt['modvc_visitmod'],'</a>
					</td>
				</tr>';


		}

		echo '</table>';

	}
	// END Mod Version Checker
	// Is there an update available?
]]></add>
		</operation>
	</file>
</modification>