<?xml version="1.0"?>
<!DOCTYPE modification SYSTEM "http://www.simplemachines.org/xml/modification">
<modification xmlns="http://www.simplemachines.org/xml/modification" xmlns:smf="http://www.simplemachines.org/">
	<id>vbgamer45:RegBar</id>
	<version>1.0.3</version>
	<homepage>http://www.smfhacks.com/</homepage>
	<file name="$sourcedir/Load.php">
		<operation>
			<search position="before"><![CDATA[
		$context['html_headers'] = '';
]]></search>
			<add><![CDATA[
	//-- SMFHacks.com; Regbar Warning
	if ($user_info['is_guest'] && (!isset($_REQUEST['action']) || !in_array($_REQUEST['action'], array('coppa', 'login', 'login2', 'register', 'register2', 'reminder', 'activate', 'smstats', 'verificationcode', '.xml', 'printpage'))))
	{
		global $sourcedir;
		require_once($sourcedir . '/smfhacks_source/regbar-warning.php');
		RegbarWarning();
	}
	// End SMFHacks.com; Regbar Warning --//
]]></add>
		</operation>
	</file>
</modification>