<?xml version="1.0"?>
<!DOCTYPE package-info SYSTEM "http://www.simplemachines.org/xml/package-info">
<package-info xmlns="http://www.simplemachines.org/xml/package-info" xmlns:smf="http://www.simplemachines.org/">
	<id>Project_Evolution:SlashoutBannedMembers</id>
	<name>Slashout Banned Members</name>
	<version>1.2</version>
	<type>modification</type>
	
	<install for="1.1 - 1.99.99">
    	<readme parsebbc="true">readme.txt</readme>
		<modification>modification_1_1_x.xml</modification>
	</install>
	
	<install for="2.0 - 2.99.99">
		<readme parsebbc="true">readme.txt</readme>
		<modification>install.xml</modification>
	</install>

	<uninstall for="1.1 - 1.99.99">
		<modification reverse="true">modification_1_1_x.xml</modification>
	</uninstall>
	
	<uninstall for="2.0 - 2.99.99">
		<modification type="file" reverse="true">install.xml</modification>
	</uninstall>
	
</package-info>
