<modification xmlns="http://www.simplemachines.org/xml/modification" xmlns:smf="http://www.simplemachines.org/">
	<id>jeremy:ads</id>
	<version>3.1</version>

<file name="$boarddir/index.php">
<operation>
	<search position="before"><![CDATA[		'trackip' => array('Profile.php', 'trackIP'),]]></search>
<add><![CDATA[
		'admod' => array('Ads.php', 'Ads'),]]></add>
</operation>

<operation>
	<search position="before"><![CDATA[require_once($sourcedir . '/Security.php');]]></search>
<add><![CDATA[
if (file_exists($sourcedir . '/LoadAds.php'))
	require_once($sourcedir . '/LoadAds.php');]]></add>
</operation>

<operation>
	<search position="before"><![CDATA[	loadPermissions();]]></search>
<add><![CDATA[
	// Load all the ads up
	if (function_exists("loadAds"))
		loadAds();
]]></add>
</operation>

</file>


<file name="$sourcedir/Subs.php">
<operation>
	<search position="before"><![CDATA[	loadLanguage('Admin');]]></search>
<add><![CDATA[	
loadLanguage('Ads');]]></add>
</operation>

<operation>
	<search position="before"><![CDATA[				'manage_themes' => '<a href="' . $scripturl . '?action=theme;sa=admin;sesc=' . $sc . '">' . $txt['theme_admin'] . '</a>',]]></search>
<add><![CDATA[
				'edit_addmod' => '<a href="' . $scripturl . '?action=admod">' . $txt['ad_management'] . '</a>',]]></add>
</operation>
</file>



<file name="$sourcedir/QueryString.php">
		<operation>
			<search position="replace"><![CDATA[// If $scripturl is set to nothing, or the SID is not defined (SSI?) just quit.]]></search>
			<add><![CDATA[
			
	// Start Ad Mod
		// You can order copyright removal! From the mod settings cheap and helps support the mod author!
		$showInfo = AdsCheckInfo();
		    
	    	if ($showInfo == true && !isset($adCopyright))
	    	{
			$buffer = preg_replace('~(, Simple Machines LLC</a>)~', ', Simple Machines LLC</a><br /><span class="smalltext"><a href="http://www.smfads.com" target="_blank">SMFAds</a> for <a href="http://www.createaforum.com" title="Forum Hosting">Free Forums</a></span>', $buffer);
			$buffer = preg_replace('~(, Simple Machines</a>)~', ', Simple Machines</a><br /><span class="smalltext"><a href="http://www.smfads.com" target="_blank">SMFAds</a> for <a href="http://www.createaforum.com" title="Forum Hosting" target="_blank">Free Forums</a></span>', $buffer);
			$adCopyright = 1;
		}
	// End Ad Mod
			
	// If $scripturl is set to nothing, or the SID is not defined (SSI?) just quit.]]></add>
	</operation>
	<operation>
		<search position="end" />
		<add><![CDATA[

function AdsCheckInfo()
{
    global $modSettings, $boardurl;
    
    if (isset($modSettings['ads_copyrightkey']))
    {
        $m = 35;
        if (!empty($modSettings['ads_copyrightkey']))
        {
            if ($modSettings['ads_copyrightkey'] == sha1($m . '-' . $boardurl))
            {
                return false;
            }
            else
                return true;
        }
    }
    
    return true;
}
		
]]></add>
	</operation>
	
</file>



<file name="$themedir/index.template.php">
	<operation>
		<search position="before"><![CDATA[<body>';]]></search>
		
<add><![CDATA[	
	//Display ads on the top of the page
	if (function_exists("show_topofpageAds"))
	{
		$ads = show_topofpageAds();	
		if(!empty($ads))
			if($ads['type']==0)
				echo $ads['content'];
			else
				eval($ads['content']);	
		unset($ads);
	}
]]>
</add>
	</operation>
<operation>
		<search position="before"><![CDATA[							</td>]]></search>
<add><![CDATA[';
							//Welcome Ads
							if (function_exists("show_welcomeAds"))
							{
								$ads = show_welcomeAds();
								if(!empty($ads))
								{
									echo '<td class="windowbg2">';
									if($ads['type']==0)
										echo $ads['content'];
									else
										eval($ads['content']);
									echo '</td>';
								}
								unset($ads);
							}
						echo ']]>
</add>
</operation>


	<operation>
		<search position="before"><![CDATA[	template_menu();]]></search>

<add><![CDATA[
	//Below the menu ads
	if (function_exists("show_indexAds") && function_exists("show_towerleftAds") && function_exists("show_towerrightAds"))
	{
		$ads = show_indexAds();	
		if(!empty($ads))
			if($ads['type']==0)
				echo $ads['content'];
			else
				eval($ads['content']);
		unset($ads);

		//Tower left Ads
		$ads = show_towerleftAds();
		if(!empty($ads))
			echo '<table><tr><td valign="top">', $ads['type']==0 ? $ads['content'] : eval($ads['content']) ,'</td><td width="100%" valign="top">';

		unset($ads);
		//Tower Right Ads
		$ads = show_towerrightAds();	
		if(!empty($ads))
			echo '<table><tr><td width="100%" valign="top">';
		unset($ads);
	}	
]]>
</add>
</operation>


<operation>
<search position="after"><![CDATA[	// Show the "Powered by" and "Valid" logos, as well as the copyright. Remember, the copyright must be somewhere!]]>
</search>

<add><![CDATA[	
	//Close table for towerright ads
	if (function_exists("show_towerrightAds") && function_exists("show_towerleftAds") && function_exists("show_bottomAds"))
	{
		$ads = show_towerrightAds();	
		if(!empty($ads))
			echo '</td><td valign="top">', $ads['type']==0 ? $ads['content'] : eval($ads['content']) ,'</td></tr></table>'; 

		unset($ads);
		//Close table for towerleft ads
		$ads = show_towerleftAds();	
		if(!empty($ads))
			echo '</td></tr></table>';
		unset($ads);

		//Show ads on the bottom of the page
		$ads = show_bottomAds();
		if(!empty($ads))
			if($ads['type']==0)
				echo $ads['content'];
			else
				eval($ads['content']);
		unset($ads);
	}
]]>
</add>
</operation>

</file>


<file name="$themedir/BoardIndex.template.php">
	<operation>
		<search position="after"><![CDATA[// Show some statistics next to the link tree if SP1 info is off.]]></search>

<add><![CDATA[
	//Display ads on the board index
	if (function_exists("show_boardAds"))
	{
		$ads = show_boardAds();
		if(!empty($ads))
			if($ads['type']==0)
				echo $ads['content'];
			else
				eval($ads['content']);
		unset($ads);
	}
]]></add>
</operation>

	<operation>
		<search position="before"><![CDATA[		echo '
	</div>';]]></search>
<add><![CDATA[
	//Display ads Between cats
	if (function_exists("show_category"))
	{
		$ads = show_category($category['id']);
		if(!empty($ads))
			if($ads['type']==0)
				echo $ads['content'];
			else
				eval($ads['content']);
		unset($ads);
	}
]]></add>
</operation>
</file>



<file name="$themedir/Display.template.php">
	<operation>
		<search position="before"><![CDATA[global $context, $settings, $options, $txt, $scripturl, $modSettings;]]></search>

<add><![CDATA[
	//Display ads on the thread page
	if (function_exists("show_threadAds"))
	{
		$ads = show_threadAds();	
		if(!empty($ads))
			if($ads['type']==0)
				echo $ads['content'];
			else
				eval($ads['content']);
		unset($ads);
	}
]]></add>
</operation>

<operation>
	<search position="replace"><![CDATA[	// Get all the messages...
	while ($message = $context['get_message']())
	{]]></search>
<add><![CDATA[	//Ad Counter
	$adcounter =0;
	// Get all the messages...
	while ($message = $context['get_message']())
	{
		$adcounter++;]]></add>
</operation>


<operation>
	<search position="replace"><![CDATA[	</td></tr>';
	}]]>
</search>
<add><![CDATA[	</td></tr>';
if (function_exists("show_posts"))
{
	if ($adpost = show_posts($adcounter))
	{
		if($modSettings['ads_lookLikePosts'])
		{
			echo '

	<tr><td style="padding: 1px 1px 0 1px;">
		<table width="100%" cellpadding="3" cellspacing="0" border="0">
			<tr><td class="windowbg3">
				<table width="100%" cellpadding="5" cellspacing="0" style="table-layout: fixed;">
					<tr>
						<td valign="top" width="16%" rowspan="2" style="overflow: hidden;">
							<b>', $context['forum_name'], '</b>
							<div class="smalltext">
							</div>
						</td>
						<td valign="top" width="85%" height="100%">
							<table width="100%" border="0"><tr>
								<td valign="middle"><img src="', $message['icon_url'] . '" alt="" border="0" /></td>
								<td valign="middle">
									<div style="font-weight: bold;" id="subject_', $message['id'], '">
										<a href="', $message['href'], '">', $message['subject'], '</a>
									</div>
									<div class="smalltext">&#171; <b>', !empty($message['counter']) ? $txt[146] . ' #' . $message['counter'] : '', ' ', $txt[30], ':</b> ', $message['time'], ' &#187;</div></td>
								<td align="', !$context['right_to_left'] ? 'right' : 'left', '" valign="bottom" height="20" style="font-size: smaller;">';
		if ($context['can_reply'] && !empty($options['display_quick_reply']))
			echo '
					', $reply_button, '';

		// So... quick reply is off, but they *can* reply?
		elseif ($context['can_reply'])
			echo '
					', $reply_button, '';

		// Can the user modify the contents of this post?
		if ($message['can_modify'])
			echo '
					', $modify_button, '';

		// How about... even... remove it entirely?!
		if ($message['can_remove'])
			echo '
					', $remove_button, '';

		// What about splitting it off the rest of the topic?
		if ($context['can_split'])
			echo '
					', $split_button, '';
echo '
								</td>
							</tr></table>
							<hr width="100%" size="1" class="hrcolor" />
							<div class="post">', $adpost['type'] == 0 ? $adpost['content'] : eval($adpost['content']) , '</div>
						</td>
					</tr>
					<tr>
						<td valign="bottom" class="smalltext" width="85%">
							<table width="100%" border="0" style="table-layout: fixed;"><tr>
								<td colspan="2" class="smalltext" width="100%">
							</tr><tr>
								<td valign="bottom" class="smalltext" id="modified_', $message['id'], '">
								</td>
								<td align="', !$context['right_to_left'] ? 'right' : 'left', '" valign="bottom" class="smalltext">
									<img src="', $settings['images_url'], '/ip.gif" alt="" border="0" />&nbsp;', $txt[511], '
								</td>
							</tr></table>
					</tr>
				</table>
			</td></tr>
		</table>
	</td></tr>';
		}
		else
			echo '
				<tr><td style="padding: 1px 1px 0 1px;">
					<table width="100%" cellpadding="3" cellspacing="0" border="0">
						<tr>
							<td class="windowbg3">', $adpost['type'] == 0 ? $adpost['content'] : eval($adpost['content']) , '</td>
						</tr>
					</table>
				</td></tr>';			
	}
	
}

	}
	
	if(function_exists("show_lastpostAds") && function_exists("show_posts"))
	{
		if(($ads = show_lastpostAds()) && !show_posts($adcounter))
		{
			if($modSettings['ads_lookLikePosts'])
			{
					echo '

	<tr><td style="padding: 1px 1px 0 1px;">
		<table width="100%" cellpadding="3" cellspacing="0" border="0">
			<tr><td class="windowbg3">
				<table width="100%" cellpadding="5" cellspacing="0" style="table-layout: fixed;">
					<tr>
						<td valign="top" width="16%" rowspan="2" style="overflow: hidden;">
							<b>', $context['forum_name'], '</b>
							<div class="smalltext">
							</div>
						</td>
						<td valign="top" width="85%" height="100%">
							<table width="100%" border="0"><tr>
								<td valign="middle">&nbsp;</td>
								<td valign="middle">
									&nbsp;</td>
								<td align="', !$context['right_to_left'] ? 'right' : 'left', '" valign="bottom" height="20" style="font-size: smaller;">';
		if ($context['can_reply'] && !empty($options['display_quick_reply']))
			echo '
					', $reply_button, '';

		// So... quick reply is off, but they *can* reply?
		elseif ($context['can_reply'])
			echo '
					', $reply_button, '';


echo '
								</td>
							</tr></table>
							<hr width="100%" size="1" class="hrcolor" />
							<div class="post">', $ads['type'] == 0 ? $ads['content'] : eval($ads['content']) , '</div>
						</td>
					</tr>
					<tr>
						<td valign="bottom" class="smalltext" width="85%">
							<table width="100%" border="0" style="table-layout: fixed;"><tr>
								<td colspan="2" class="smalltext" width="100%">
							</tr><tr>
								<td valign="bottom" class="smalltext" id="modified_', $message['id'], '">
								</td>
								<td align="', !$context['right_to_left'] ? 'right' : 'left', '" valign="bottom" class="smalltext">
									<img src="', $settings['images_url'], '/ip.gif" alt="" border="0" />&nbsp;', $txt[511], '
								</td>
							</tr></table>
					</tr>
				</table>
			</td></tr>
		</table>
	</td></tr>';
			}
			else
				echo '
					<tr><td style="padding: 1px 1px 0 1px;">
						<table width="100%" cellpadding="3" cellspacing="0" border="0">
							<tr>
								<td class="windowbg3">', $ads['type'] == 0 ? $ads['content'] : eval($ads['content']) , '</td>
							</tr>
						</table>
					</td></tr>';				
			
		}
		
	}]]>
</add>
</operation>
</file>




<file name="$themedir/MessageIndex.template.php">
	<operation>
		<search position="before"><![CDATA[global $context, $settings, $options, $scripturl, $modSettings, $txt;]]></search>

<add><![CDATA[
	//Display Ads on the Message index
	if (function_exists("show_threadindexAds"))
	{
		$ads = show_threadindexAds();
		if(!empty($ads))
			if($ads['type']==0)
				echo $ads['content'];
			else
				eval($ads['content']);
		unset($ads);
	}
]]></add>
</operation>

<operation>
	<search position="before"><![CDATA[		echo '
		</table>
	</div>';]]></search>

<add><![CDATA[	//Display Ads on the Message index
	if (function_exists("show_underchildren"))
	{
		$ads = show_underchildren();
		if(!empty($ads))
			if($ads['type']==0)
				echo $ads['content'];
			else
				eval($ads['content']);
		unset($ads);
	}
	]]></add>
</operation>
</file>

<file name="$sourcedir/ManagePermissions.php">
<operation>
<search position="replace"><![CDATA[			'pm' => array(]]>
</search>
<add><![CDATA[			'ad_manage' => array(
				'ad_manageperm' => false,
			),
			'pm' => array(]]>
</add>
</operation>
</file>

</modification>