<?xml version="1.0"?>
<!DOCTYPE modification SYSTEM "http://www.simplemachines.org/xml/modification">
<modification xmlns="http://www.simplemachines.org/xml/modification" xmlns:smf="http://www.simplemachines.org/">
<id>vbgamer45:LoginSecurity</id>
<version>1.0</version>
<file name="$languagedir/Modifications.english.php">
	<operation error="ignore">
		<search position="after"><![CDATA[
?>]]></search>
		<add><![CDATA[
// Begin Login Security Text Strings
$txt['ls_login_security'] = 'Login Security';
$txt['ls_invalid_ip'] = 'Login failed. This account is protected by ip address. If you are the owner of this account you can reset this by creating a <a href="%link">secure login link</a> sent to your email address.';
$txt['ls_account_locked'] = 'Account Locked due to failed logins. This account has been locked until %min. If you are the owner of this account you can reset this by creating a <a href="%link">secure login link</a> sent to your email address.';
$txt['ls_secure_email_subject'] = 'Secure Login Link';
$txt['ls_secure_email_body'] = 'Hello %name,
A secure login link has been requested for your account. 
If you requested this link please follow the link below to login into your account.

%link

This link expires in %min minutes.

Requesters IP address: %ip';

$txt['ls_matched_members'] = 'Matched forum members with same ip address:';

$txt['ls_failed_email_subject'] = 'Failed Login Attempt';
$txt['ls_failed_email_body'] = 'Hello %name,
We have detected a failed login attempt on your account.

%membermatches

IP address of the failed login attempt: %ip
';

// Settings
$txt['ls_securehash_expire_minutes'] = 'Secure Login Link Expire time in minutes';
$txt['ls_allowed_login_attempts'] = 'Number of allowed login attempts';
$txt['ls_allowed_login_attempts_mins'] = 'Login attempt check time range in minutes';
$txt['ls_login_retry_minutes'] = 'Account locked retry minutes';
$txt['ls_allow_ip_security'] = 'Allow users to protect their account by ip address';
$txt['ls_send_mail_failed_login'] = 'Send email on failed login attempt';

$txt['ls_current_ip_address'] = 'Current IP Address: ';
$txt['ls_ip_address_protection'] = 'IP Address Account Protection';
$txt['ls_ip_address_protection_note'] = 'You can allow multiple ips by separating them with a comma';

// END  Login Security Text Strings	
]]></add>
	</operation>
</file>


<file name="$sourcedir/LogInOut.php">
	<operation>
		<search position="replace"><![CDATA[// Bad password!  Thought you could fool the database?!]]></search>
	<add><![CDATA[
	// Login Security Mod
	require_once($sourcedir . '/Subs-LoginSecurity2.php');
	
	// Check if they can access it via this ip
	CheckAllowedIP($user_settings['id_member']);
	
	// Check if the account is locked out
	CheckIfAccountIsLocked($user_settings['id_member']);
	
	
	// End Login Security Mod
	
	// Been guessing a lot, haven't we?
	if (isset($_SESSION['failed_login']) && $_SESSION['failed_login'] >= $modSettings['failed_login_threshold'] * 3)
		fatal_lang_error('login_threshold_fail', 'login');
	
	// Bad password!  Thought you could fool the database?!]]></add>
	</operation>
	
	
	<operation>
		<search position="replace"><![CDATA[// They've messed up again - keep a count to see if they need a hand.]]></search>
	<add><![CDATA[
	// Login Security Mod
	if ($loginSecurityErrorLogged == true)
	{
		require_once($sourcedir . '/Subs-LoginSecurity2.php');

		// They failed login....
		AddLoginFailure($user_settings['id_member']);
	}
	
	// End Login Security Mod
	
	// They've messed up again - keep a count to see if they need a hand.]]></add>
	</operation>
	
	<operation>
	<search position="replace"><![CDATA[// Load cookie authentication stuff.]]></search>
		<add><![CDATA[
	// Login Security Mod
	
	if (isset($_REQUEST['sa']))
	{
		if ($_REQUEST['sa'] == 'securelink')
		{
			require_once($sourcedir . '/Subs-LoginSecurity2.php');

			// Send security login link
			SendSecureLink();
		}
	}
	
	$loginSecurityErrorLogged = false;

	// End Login Security Mod
		
	// Load cookie authentication stuff.]]></add>
	</operation>
	
	
	<operation>
		<search position="replace"><![CDATA[// Set the login URL - will be used when the login process is done (but careful not to send us to an attachment).]]></search>
		<add><![CDATA[
		// Login Security Mod
		if (isset($_REQUEST['securelogin']))
		{
			$_SESSION['secureloginhash'] = $_REQUEST['securelogin'];
		}
		
		// End Login Security Mod
		
		// Set the login URL - will be used when the login process is done (but careful not to send us to an attachment).]]></add>
	</operation>
	
	
	<operation>
			<search position="replace"><![CDATA[// Been guessing a lot, haven't we?
	if (isset($_SESSION['failed_login']) && $_SESSION['failed_login'] >= $modSettings['failed_login_threshold'] * 3)
		fatal_lang_error('login_threshold_fail', 'login');]]></search>
			<add><![CDATA[
			// Failed Login threshold Moved By Login Security]]></add>
	</operation>
	
	
	
	<operation>
			<search position="replace"><![CDATA[// Bad password!  Thought you could fool the database?!
	if (!hash_verify_password($user_settings['member_name'], un_htmlspecialchars($_POST['passwrd']), $user_settings['passwd']))
	{]]></search>
		<add><![CDATA[
	// Bad password!  Thought you could fool the database?!
	if (!hash_verify_password($user_settings['member_name'], un_htmlspecialchars($_POST['passwrd']), $user_settings['passwd']))
	{
		// Login Security Mod
		require_once($sourcedir . '/Subs-LoginSecurity2.php');
		
		// They failed login....
		AddLoginFailure($user_settings['id_member']);
		$loginSecurityErrorLogged = true;
		
		// End Login Security Mod
		
		]]></add>
	</operation>
	
	

	
	
	
</file>


<file name="$sourcedir/ManageSettings.php">


	
	<operation>
		<search position="replace"><![CDATA['layout' => 'ModifyLayoutSettings',]]></search>
		<add><![CDATA['layout' => 'ModifyLayoutSettings',
		'loginsecurity' => 'ModifyLoginSecuritySettings',
		]]></add>
	</operation>
	
	<operation>
		<search position="replace"><![CDATA['layout' => array(
			),]]></search>
		<add><![CDATA['layout' => array(
			),
			'loginsecurity' => array(
			),]]></add>
	</operation>
	

	<operation>
		<search position="replace"><![CDATA[function ModifyGeneralModSettings($return_config = false)]]></search>
		<add><![CDATA[
		
function ModifyLoginSecuritySettings($return_config = false)
{
	global $txt, $scripturl, $context, $settings, $sc;

	$config_vars = array(
			
			array('int', 'ls_allowed_login_attempts'),
			array('int', 'ls_allowed_login_attempts_mins'),
			array('int', 'ls_login_retry_minutes'),
			array('check', 'ls_send_mail_failed_login'),
			array('check', 'ls_allow_ip_security'),
			array('int', 'ls_securehash_expire_minutes'),
		
	);

	// Saving?
	if (isset($_GET['save']))
	{
		saveDBSettings($config_vars);
		redirectexit('action=admin;area=featuresettings;sa=loginsecurity');
	}

	$context['post_url'] = $scripturl . '?action=admin;area=featuresettings;save;sa=loginsecurity';
	$context['settings_title'] = $txt['ls_login_security'];

	prepareDBSettingContext($config_vars);
}
				
function ModifyGeneralModSettings($return_config = false)]]></add>
	</operation>
	
	
</file>

<file name="$themedir/Profile.template.php">
	<operation>
		<search position="replace"><![CDATA[// Something to end with?
			if (!empty($field['postinput']))
				echo '
						', $field['postinput'];

			echo '
					</dd>';]]></search>
		<add><![CDATA[
		// Something to end with?
			if (!empty($field['postinput']))
				echo '
						', $field['postinput'];

			echo '
					</dd>';
		
		// Login Security Mod
		if ($modSettings['ls_allow_ip_security'] && $key == 'real_name')
		{
			global $user_info;
			
			echo '
				<dt><b>', $txt['ls_ip_address_protection'], ':</b></dt>
				<dd>'
				,$txt['ls_current_ip_address'],$user_info['ip'],'<br />
				<br />
				<input type="text" name="allowedips" size="30" value="', $context['allowedips'], '" />
				<br /><span class="smalltext">',$txt['ls_ip_address_protection_note'],'</span>
				</dd>
			';
		}
		
		// End Login Security
		
]]></add>
	</operation>
</file>

<file name="$sourcedir/Profile-Modify.php">

	<operation>
		<search position="replace"><![CDATA[loadCustomFields($memID, 'account');]]></search>
		<add><![CDATA[
		loadCustomFields($memID, 'account');
		
		
		
		// Login Security
		$allowedips = '';
		global $modSettings;
		if ($modSettings['ls_allow_ip_security'])
		{
			global $smcFunc;
			$dbresult = $smcFunc['db_query']('',"
			SELECT 
				allowedips 
			FROM {db_prefix}login_security
			WHERE ID_MEMBER = " . $memID);
			$numRows = $smcFunc['db_num_rows']($dbresult);
			// We are not going to do anything since they don't have any settings defined
			if ($numRows != 0)
			{
				
				$ipRow = $smcFunc['db_fetch_assoc']($dbresult);
				$allowedips = $ipRow['allowedips'];
			}
			$smcFunc['db_free_result']($dbresult);
			
			$context['allowedips'] = $allowedips;
			
		}
		
		
		// End Login Security
		
		]]></add>
	</operation>
</file>

<file name="$sourcedir/Profile-Modify.php">	
	<operation>
		<search position="replace"><![CDATA[// Free memory!
	unset($profile_fields);]]></search>
		<add><![CDATA[
		
		// Login Security
		$allowedips = '';
		
		if ($modSettings['ls_allow_ip_security'])
		{
			global $sourcedir;
			require_once($sourcedir . '/Subs-LoginSecurity2.php');
			
			if (isset($_REQUEST['allowedips']))
				$allowedips = $_REQUEST['allowedips'];
			
			
			UpdateAllowedIPs($context['id_member'], $allowedips);
		}
		
		
		// End Login Security
		
		
		// Free memory!
	unset($profile_fields);]]></add>
	</operation>
	
	
</file>

<file name="$sourcedir/Admin.php">	
	<operation>
		<search position="replace"><![CDATA['layout' => array($txt['mods_cat_layout']),]]></search>
		<add><![CDATA['layout' => array($txt['mods_cat_layout']),
		'loginsecurity' => array($txt['ls_login_security']),
		]]></add>
	</operation>
	
	
</file>



</modification>