<?xml version="1.0"?>
<!DOCTYPE package-info SYSTEM "http://www.simplemachines.org/xml/package-info">

<package-info xmlns="http://www.simplemachines.org/xml/package-info" xmlns:smf="http://www.simplemachines.org/">
	<id>vbgamer45:s3system</id>
	<name>S3 System</name>
	<type>modification</type>
	<version>1.0</version>

	<install for="2.0 - 2.0.99,2.0 RC2, 2.0 RC3, 2.0 RC4, 2.0 RC5">
		<redirect url="?action=admin;area=featuresettings;sa=s3">redirect.txt</redirect>
		<readme>ReadMe.txt</readme>
		<modification type="file">s3system2.xml</modification>
		<require-file name="s3cron.php" destination="$boarddir" />
		<require-dir name="s3system" destination="$sourcedir" />
		<code>install.php</code>
	</install>
	<uninstall for="2.0 - 2.0.99,2.0 RC2, 2.0 RC3, 2.0 RC4, 2.0 RC5">
		<modification type="file" reverse="true">s3system2.xml</modification>
	</uninstall>
	<upgrade for="2.0 - 2.0.99,2.0 RC2, 2.0 RC3, 2.0 RC4, 2.0 RC5">
		<redirect url="?action=admin;featuresettings;sa=s3">redirect.txt</redirect>
		<readme>ReadMe.txt</readme>
		<require-file name="s3cron.php" destination="$boarddir" />
		<require-dir name="s3system" destination="$sourcedir" />
		<code>install.php</code>

	</upgrade>
	<install for="2.1 - 2.1.99,2.1 Beta 1,2.1 Beta 2,2.1 Beta 3,2.1 RC1,2.1 RC2,2.1 RC3,2.1 RC4">
		<redirect url="?action=admin;area=featuresettings;sa=s3">redirect.txt</redirect>
		<readme>ReadMe.txt</readme>
		<modification type="file">s3system2.1.xml</modification>
		<require-file name="s3cron.php" destination="$boarddir" />
		<require-dir name="s3system" destination="$sourcedir" />
		<require-file name="s3Hooks.php" destination="$sourcedir" />
		<code>install.php</code>
		<hook hook="integrate_pre_include" function="$sourcedir/s3Hooks.php" />
		<hook hook="integrate_modify_features" function="s3_integrate_modify_features" />
		<hook hook="integrate_admin_areas" function="s3_integrate_admin_areas" />
		<hook hook="integrate_pre_download_request" function="s3_integrate_pre_download_request" />

	</install>
	
	<upgrade for="2.1 - 2.1.99,2.1 Beta 1,2.1 Beta 2,2.1 Beta 3,2.1 RC1,2.1 RC2,2.1 RC3,2.1 RC4">
		<redirect url="?action=admin;area=featuresettings;sa=s3">redirect.txt</redirect>
		<readme>ReadMe.txt</readme>
		<require-file name="s3cron.php" destination="$boarddir" />
		<require-dir name="s3system" destination="$sourcedir" />
		<require-file name="s3Hooks.php" destination="$sourcedir" />
		<code>install.php</code>
		<hook hook="integrate_pre_include" function="$sourcedir/s3Hooks.php" />
		<hook hook="integrate_modify_features" function="s3_integrate_modify_features" />
		<hook hook="integrate_admin_areas" function="s3_integrate_admin_areas" />
		<hook hook="integrate_pre_download_request" function="s3_integrate_pre_download_request" />
	</upgrade>

	<uninstall for="2.1 - 2.1.99,2.1 Beta 1,2.1 Beta 2,2.1 Beta 3,2.1 RC1,2.1 RC2,2.1 RC3,2.1 RC4">
		<modification type="file" reverse="true">s3system2.1.xml</modification>

		<hook hook="integrate_pre_include" function="$sourcedir/s3Hooks.php" reverse="true" />
		<hook hook="integrate_modify_features" function="s3_integrate_modify_features" reverse="true" />
		<hook hook="integrate_admin_areas" function="s3_integrate_admin_areas" reverse="true" />
		<hook hook="integrate_pre_download_request" function="s3_integrate_pre_download_request" reverse="true"  />
		<remove-file name="$sourcedir/s3Hooks.php" />
	</uninstall>
	
</package-info>