<?xml version="1.0"?>
<!DOCTYPE modification SYSTEM "http://www.simplemachines.org/xml/modification">
<modification xmlns="http://www.simplemachines.org/xml/modification" xmlns:smf="http://www.simplemachines.org/">
<id>vbgamer45:downloadsystem</id>
<version>1.0</version>
<file name="$languagedir/Modifications.english.php">
	<operation>
		<search position="end" />
		<add><![CDATA[

// Begin Download System Text Strings
$txt['downloads_menu'] = 'Downloads';
$txt['downloads_admin'] = 'Downloads Configuration';
$txt['downloads_text_settings'] = 'Settings';

$txt['downloads_form_approvedownloads'] = 'Approve Downloads';
$txt['downloads_form_reportdownloads'] = 'Reported Downloads';
$txt['downloads_form_approvecomments'] = 'Approve Comments';
$txt['downloads_filespace'] = 'File Space Manager';
$txt['downloads_text_catpermlist2'] = 'Category Permissions';
$txt['downloads_txt_import'] = 'Import';

// Permissions
$txt['permissiongroup_downloads'] = 'Downloads System';
$txt['permissiongroup_simple_downloads'] = 'Downloads System';

$txt['permissionname_downloads_view'] = 'View Downloads';
$txt['permissionhelp_downloads_view'] = 'Allows the user to view the Downloads';
$txt['cannot_downloads_view'] = 'You are not allowed to view the Downloads';

$txt['permissionname_downloads_add'] = 'Add Download';
$txt['permissionhelp_downloads_add'] = 'Allows the user to add a download.';
$txt['cannot_downloads_add'] = 'You are not allowed to add a download.';

$txt['permissionname_downloads_edit'] = 'Edit own Download';
$txt['permissionhelp_downloads_edit'] = 'Allows the user to edit their own download.';
$txt['cannot_downloads_edit'] = 'You are not allowed to edit that download';

$txt['permissionname_downloads_delete'] = 'Delete own Download';
$txt['permissionhelp_downloads_delete'] = 'Allows the user to delete their own download.';
$txt['cannot_downloads_delete'] = 'You are not allowed to delete that download.';

$txt['permissionname_downloads_ratefile'] = 'Rate Downloads';
$txt['permissionhelp_downloads_ratefile'] = 'Allows the user to rate a file.';
$txt['cannot_downloads_ratefile'] = 'You are not allowed to rate that file.';

$txt['permissionname_downloads_editcomment'] = 'Edit own Comment';
$txt['permissionhelp_downloads_editcomment'] = 'Allows the user to edit their own comments.';
$txt['cannot_downloads_editcomment'] = 'You are not allowed to edit that comment.';

$txt['permissionname_downloads_comment'] = 'Leave Comments';
$txt['permissionhelp_downloads_comment'] = 'Allows the user to leave comments on a download.';
$txt['cannot_downloads_comment'] = 'You are not allowed to leave comments.';

$txt['permissionname_downloads_report'] = 'Report Pictures/Comments';
$txt['permissionhelp_downloads_report'] = 'Allows the user to report downloads and comments.';
$txt['cannot_downloads_report'] = 'You are not allowed to report content.';

$txt['permissionname_downloads_autocomment'] = 'Auto Approve Comments';
$txt['permissionhelp_downloads_autocomment'] = 'Comments do not need to wait for approval.';

$txt['permissionname_downloads_autoapprove'] = 'Auto Approve Downloads';
$txt['permissionhelp_downloads_autoapprove'] = 'Downloads do not need to wait for approval.';


$txt['permissionname_downloads_manage'] = 'Admin Download System';
$txt['permissionhelp_downloads_manage'] = 'Allows the user to add/delete/edit all catagories. Delete Comments, Delete Downloads, Approve Downloads';
$txt['cannot_downloads_manage'] = 'You are not allowed to manage the downloads.';
// END Download System Text Strings

]]></add>
	</operation>
</file>
<file name="$languagedir/Who.english.php">
	<operation error="ignore">
		<search position="end" />
		<add><![CDATA[
// Begin Download System
$txt['whoall_downloads'] = 'In the <a href="' . $scripturl . '?action=downloads">Downloads</a>';
// END Download System Strings			
]]></add>
	</operation>
</file>
<file name="$languagedir/Modifications.english-utf8.php" error="skip">
	<operation>
		<search position="end" />
		<add><![CDATA[
// Begin Download System Text Strings
$txt['downloads_menu'] = 'Downloads';
$txt['downloads_admin'] = 'Downloads Configuration';
$txt['downloads_text_settings'] = 'Settings';

$txt['downloads_form_approvedownloads'] = 'Approve Downloads';
$txt['downloads_form_reportdownloads'] = 'Reported Downloads';
$txt['downloads_form_approvecomments'] = 'Approve Comments';
$txt['downloads_filespace'] = 'File Space Manager';
$txt['downloads_text_catpermlist2'] = 'Category Permissions';
$txt['downloads_txt_import'] = 'Import';

// Permissions
$txt['permissiongroup_downloads'] = 'Downloads System';
$txt['permissiongroup_simple_downloads'] = 'Downloads System';

$txt['permissionname_downloads_view'] = 'View Downloads';
$txt['permissionhelp_downloads_view'] = 'Allows the user to view the Downloads';
$txt['cannot_downloads_view'] = 'You are not allowed to view the Downloads';

$txt['permissionname_downloads_add'] = 'Add Download';
$txt['permissionhelp_downloads_add'] = 'Allows the user to add a download.';
$txt['cannot_downloads_add'] = 'You are not allowed to add a download.';

$txt['permissionname_downloads_edit'] = 'Edit own Download';
$txt['permissionhelp_downloads_edit'] = 'Allows the user to edit their own download.';
$txt['cannot_downloads_edit'] = 'You are not allowed to edit that download';

$txt['permissionname_downloads_delete'] = 'Delete own Download';
$txt['permissionhelp_downloads_delete'] = 'Allows the user to delete their own download.';
$txt['cannot_downloads_delete'] = 'You are not allowed to delete that download.';

$txt['permissionname_downloads_ratefile'] = 'Rate Downloads';
$txt['permissionhelp_downloads_ratefile'] = 'Allows the user to rate a file.';
$txt['cannot_downloads_ratefile'] = 'You are not allowed to rate that file.';

$txt['permissionname_downloads_editcomment'] = 'Edit own Comment';
$txt['permissionhelp_downloads_editcomment'] = 'Allows the user to edit their own comments.';
$txt['cannot_downloads_editcomment'] = 'You are not allowed to edit that comment.';

$txt['permissionname_downloads_comment'] = 'Leave Comments';
$txt['permissionhelp_downloads_comment'] = 'Allows the user to leave comments on a download.';
$txt['cannot_downloads_comment'] = 'You are not allowed to leave comments.';

$txt['permissionname_downloads_report'] = 'Report Pictures/Comments';
$txt['permissionhelp_downloads_report'] = 'Allows the user to report downloads and comments.';
$txt['cannot_downloads_report'] = 'You are not allowed to report content.';

$txt['permissionname_downloads_autocomment'] = 'Auto Approve Comments';
$txt['permissionhelp_downloads_autocomment'] = 'Comments do not need to wait for approval.';

$txt['permissionname_downloads_autoapprove'] = 'Auto Approve Downloads';
$txt['permissionhelp_downloads_autoapprove'] = 'Downloads do not need to wait for approval.';


$txt['permissionname_downloads_manage'] = 'Admin Download System';
$txt['permissionhelp_downloads_manage'] = 'Allows the user to add/delete/edit all catagories. Delete Comments, Delete Downloads, Approve Downloads';
$txt['cannot_downloads_manage'] = 'You are not allowed to manage the downloads.';

// END Download System Text Strings

]]></add>
	</operation>
</file>




</modification>