<?xml version="1.0"?>
<!DOCTYPE modification SYSTEM "http://www.simplemachines.org/xml/modification">
<modification xmlns="http://www.simplemachines.org/xml/modification" xmlns:smf="http://www.simplemachines.org/">
<id>vbgamer45:ContactPage</id>
<version>1.1</version>
<file name="$languagedir/Modifications.english.php">
	<operation>
		<search position="after"><![CDATA[
?>]]></search>
		<add><![CDATA[
// Begin Contact Page Text Strings
$txt['smfcontact_contact'] = 'Contact';
$txt['permissionname_view_contact'] = 'View Contact Page';
$txt['permissionhelp_view_contact'] = 'Allows members to view contact page and send email.';
$txt['cannot_view_contact'] = 'You can not view the contact page.';
$txt['smfcontact_name'] = 'Your Name:';
$txt['smfcontact_subject'] = 'Subject';
$txt['smfcontact_body'] = 'Message';
$txt['smfcontact_emailaddress'] = 'Email Address';
$txt['smfcontact_sendemail'] = 'Send e-mail';
$txt['smfcontact_messagesent'] = 'Your message has been sent!';
$txt['smfcontact_messagesent_click'] = 'Your message has been sent! Click ';
$txt['smfcontact_messagesent_return'] = 'here</a> to return to the board.';
$txt['smfcontact_errname'] = 'You need to enter your name.';
$txt['smfcontact_errsubject'] = 'You need to enter a subject.';
$txt['smfcontact_errmessage'] = 'You need to enter a message.';
$txt['smfcontact_erremail'] = 'You need to enter your email address.';
$txt['smfcontact_errbademail'] = 'You have not entered a valid email address.';
$txt['smfcontact_titlesent'] = ' - Message sent.';
$txt['smfcontact_form'] = 'Contact Page Form for ';
$txt['smfcontact_formname'] = "Name: ";
$txt['smfcontact_formemail'] = "Email: ";
$txt['smfcontact_ip'] = "IP: ";
$txt['smfcontact_formmessage'] =  "Message: \n";
$txt['smfcontactpage_email'] = 'Contact Page - Email: ';
$txt['smfcontactpage_board'] = 'Contact Page - Board to Post to (Optional): ';
// END Contact Page Text Strings			
]]></add>
	</operation>
</file>


<file name="$languagedir/Modifications.english-utf8.php" error="skip">
	<operation>
		<search position="end" />
		<add><![CDATA[
// Begin Contact Page Text Strings
$txt['smfcontact_contact'] = 'Contact';
$txt['permissionname_view_contact'] = 'View Contact Page';
$txt['permissionhelp_view_contact'] = 'Allows members to view contact page and send email.';
$txt['cannot_view_contact'] = 'You can not view the contact page.';
$txt['smfcontact_name'] = 'Your Name:';
$txt['smfcontact_subject'] = 'Subject';
$txt['smfcontact_body'] = 'Message';
$txt['smfcontact_emailaddress'] = 'Email Address';
$txt['smfcontact_sendemail'] = 'Send e-mail';
$txt['smfcontact_messagesent'] = 'Your message has been sent!';
$txt['smfcontact_messagesent_click'] = 'Your message has been sent! Click ';
$txt['smfcontact_messagesent_return'] = 'here</a> to return to the board.';
$txt['smfcontact_errname'] = 'You need to enter your name.';
$txt['smfcontact_errsubject'] = 'You need to enter a subject.';
$txt['smfcontact_errmessage'] = 'You need to enter a message.';
$txt['smfcontact_erremail'] = 'You need to enter your email address.';
$txt['smfcontact_errbademail'] = 'You have not entered a valid email address.';
$txt['smfcontact_titlesent'] = ' - Message sent.';
$txt['smfcontact_form'] = 'Contact Page Form for ';
$txt['smfcontact_formname'] = "Name: ";
$txt['smfcontact_formemail'] = "Email: ";
$txt['smfcontact_ip'] = "IP: ";
$txt['smfcontact_formmessage'] =  "Message: \n";
$txt['smfcontactpage_email'] = 'Contact Page - Email: ';
$txt['smfcontactpage_board'] = 'Contact Page - Board to Post to (Optional): ';

// END Contact Page Text Strings			
]]></add>
	</operation>
</file>


<file name="$languagedir/Modifications.english-utf8.php" error="skip">
	<operation>
		<search position="after"><![CDATA[
?>]]></search>
		<add><![CDATA[
// Begin Contact Page Text Strings
$txt['smfcontact_contact'] = 'Contact';
$txt['permissionname_view_contact'] = 'View Contact Page';
$txt['permissionhelp_view_contact'] = 'Allows members to view contact page and send email.';
$txt['cannot_view_contact'] = 'You can not view the contact page.';
$txt['smfcontact_name'] = 'Your Name:';
$txt['smfcontact_subject'] = 'Subject';
$txt['smfcontact_body'] = 'Message';
$txt['smfcontact_emailaddress'] = 'Email Address';
$txt['smfcontact_sendemail'] = 'Send e-mail';
$txt['smfcontact_messagesent'] = 'Your message has been sent!';
$txt['smfcontact_messagesent_click'] = 'Your message has been sent! Click ';
$txt['smfcontact_messagesent_return'] = 'here</a> to return to the board.';
$txt['smfcontact_errname'] = 'You need to enter your name.';
$txt['smfcontact_errsubject'] = 'You need to enter a subject.';
$txt['smfcontact_errmessage'] = 'You need to enter a message.';
$txt['smfcontact_erremail'] = 'You need to enter your email address.';
$txt['smfcontact_errbademail'] = 'You have not entered a valid email address.';
$txt['smfcontact_titlesent'] = ' - Message sent.';
$txt['smfcontact_form'] = 'Contact Page Form for ';
$txt['smfcontact_formname'] = "Name: ";
$txt['smfcontact_formemail'] = "Email: ";
$txt['smfcontact_ip'] = "IP: ";
$txt['smfcontact_formmessage'] =  "Message: \n";
$txt['smfcontactpage_email'] = 'Contact Page - Email: ';
$txt['smfcontactpage_board'] = 'Contact Page - Board to Post to (Optional): ';


// END Contact Page Text Strings
]]></add>
	</operation>
</file>



<file name="$languagedir/Modifications.german.php" error="skip">
	<operation>
		<search position="end"><![CDATA[
?>]]></search>
		<add><![CDATA[
// Begin Contact Page Text Strings
$txt['smfcontact_contact'] = 'Kontakt';
$txt['permissionname_view_contact'] = 'Kontaktseite anzeigen';
$txt['permissionhelp_view_contact'] = 'Ermöglicht Mitgliedern das Anzeigen der Kontaktseite und das Senden von E-Mails.';
$txt['cannot_view_contact'] = 'Sie können die Kontaktseite nicht anzeigen.';
$txt['smfcontact_name'] = 'Ihr Name:';
$txt['smfcontact_subject'] = 'Betreff';
$txt['smfcontact_body'] = 'Nachricht';
$txt['smfcontact_emailaddress'] = 'Email Adresse';
$txt['smfcontact_sendemail'] = 'E-Mail senden';
$txt['smfcontact_messagesent'] = 'Ihre Nachricht wurde gesendet!';
$txt['smfcontact_messagesent_click'] = 'Ihre Nachricht wurde gesendet! Klicken Sie ';
$txt['smfcontact_messagesent_return'] = 'hier</a> um zum Board zurückzukehren.';
$txt['smfcontact_errname'] = 'Sie müssen Ihren Namen eingeben.';
$txt['smfcontact_errsubject'] = 'Sie müssen einen Betreff eingeben.';
$txt['smfcontact_errmessage'] = 'Sie müssen eine Nachricht eingeben.';
$txt['smfcontact_erremail'] = 'Sie müssen Ihre E-Mail-Adresse eingeben.';
$txt['smfcontact_errbademail'] = 'Sie haben keine gültige E-Mail-Adresse eingegeben.';
$txt['smfcontact_titlesent'] = ' - Nachricht gesendet.';
$txt['smfcontact_form'] = 'Kontaktformular für ';
$txt['smfcontact_formname'] = "Name: ";
$txt['smfcontact_formemail'] = "Email: ";
$txt['smfcontact_ip'] = "IP: ";
$txt['smfcontact_formmessage'] =  "Nachricht: \n";
$txt['smfcontactpage_email'] = 'Kontaktseite - Email: ';
$txt['smfcontactpage_board'] = 'Kontaktseite - Board zum Posten (Optional): ';
// END Contact Page Text Strings
]]></add>
	</operation>
</file>

<file name="$languagedir/Modifications.german_informal.php" error="skip">
	<operation>
		<search position="end" />
		<add><![CDATA[
// Begin Contact Page Text Strings
$txt['smfcontact_contact'] = 'Kontakt';
$txt['permissionname_view_contact'] = 'Kontaktseite anzeigen';
$txt['permissionhelp_view_contact'] = 'Ermöglicht Mitgliedern das Anzeigen der Kontaktseite und das Senden von E-Mails.';
$txt['cannot_view_contact'] = 'Sie können die Kontaktseite nicht anzeigen.';
$txt['smfcontact_name'] = 'Ihr Name:';
$txt['smfcontact_subject'] = 'Betreff';
$txt['smfcontact_body'] = 'Nachricht';
$txt['smfcontact_emailaddress'] = 'Email Adresse';
$txt['smfcontact_sendemail'] = 'E-Mail senden';
$txt['smfcontact_messagesent'] = 'Ihre Nachricht wurde gesendet!';
$txt['smfcontact_messagesent_click'] = 'Ihre Nachricht wurde gesendet! Klicken Sie ';
$txt['smfcontact_messagesent_return'] = 'hier</a> um zum Board zurückzukehren.';
$txt['smfcontact_errname'] = 'Sie müssen Ihren Namen eingeben.';
$txt['smfcontact_errsubject'] = 'Sie müssen einen Betreff eingeben.';
$txt['smfcontact_errmessage'] = 'Sie müssen eine Nachricht eingeben.';
$txt['smfcontact_erremail'] = 'Sie müssen Ihre E-Mail-Adresse eingeben.';
$txt['smfcontact_errbademail'] = 'Sie haben keine gültige E-Mail-Adresse eingegeben.';
$txt['smfcontact_titlesent'] = ' - Nachricht gesendet.';
$txt['smfcontact_form'] = 'Kontaktformular für ';
$txt['smfcontact_formname'] = "Name: ";
$txt['smfcontact_formemail'] = "Email: ";
$txt['smfcontact_ip'] = "IP: ";
$txt['smfcontact_formmessage'] =  "Nachricht: \n";
$txt['smfcontactpage_email'] = 'Kontaktseite - Email: ';
$txt['smfcontactpage_board'] = 'Kontaktseite - Board zum Posten (Optional): ';
// END Contact Page Text Strings
]]></add>
	</operation>
</file>

<file name="$languagedir/Modifications.portuguese_pt.php" error="skip">
 <operation>
 <search position="after"><![CDATA[
?>]]></search>
 <add><![CDATA[
// Begin Contact Page Text Strings
$txt['smfcontact_contact'] = 'Contato';
$txt['permissionname_view_contact'] = 'Ver página de contato';
$txt['permissionhelp_view_contact'] = 'Permite que os membros visualizem a página de contato e enviem e-mails.';
$txt['cannot_view_contact'] = 'Você não pode visualizar a página de contato.';
$txt['smfcontact_name'] = 'Seu nome:';
$txt['smfcontact_subject'] = 'Assunto';
$txt['smfcontact_body'] = 'Menssagem';
$txt['smfcontact_emailaddress'] = 'Endereço de email';
$txt['smfcontact_sendemail'] = 'Enviar e-mail';
$txt['smfcontact_messagesent'] = 'Sua mensagem foi enviada!';
$txt['smfcontact_messagesent_click'] = 'Sua mensagem foi enviada! Click ';
$txt['smfcontact_messagesent_return'] = 'aqui</a> para retornar.';
$txt['smfcontact_errname'] = 'Você precisa digitar seu nome.';
$txt['smfcontact_errsubject'] = 'Você precisa digitar um assunto.';
$txt['smfcontact_errmessage'] = 'Você precisa digitar uma mensagem.';
$txt['smfcontact_erremail'] = 'Você precisa digitar seu endereço de e-mail.';
$txt['smfcontact_errbademail'] = 'Você não inseriu um endereço de e-mail válido.';
$txt['smfcontact_titlesent'] = ' - Mensagem enviada.';
$txt['smfcontact_form'] = 'Formulário de página de contato para ';
$txt['smfcontact_formname'] = "Nome: ";
$txt['smfcontact_formemail'] = "Email: ";
$txt['smfcontact_ip'] = "IP: ";
$txt['smfcontact_formmessage'] =  "mensagem: \n";
$txt['smfcontactpage_email'] = 'Página de contato - E-mail: ';
$txt['smfcontactpage_board'] = 'Página de contato - Quadro para postar (opcional): ';
// END Contact Page Text Strings
]]></add>
 </operation>
</file>

	<file name="$languagedir/Modifications.dutch.php" error="skip">
	<operation>
		<search position="end" />
		<add><![CDATA[
$txt['smfcontact_contact'] = 'Contact';
$txt['permissionname_view_contact'] = 'Contactpagina Bekijken';
$txt['permissionhelp_view_contact'] = 'Staat leden toe de contactpagina te bekijken en een e-mail te sturen.';
$txt['cannot_view_contact'] = 'U kunt de contactpagina niet bekijken.';
$txt['smfcontact_name'] = 'Uw Naam:';
$txt['smfcontact_subject'] = 'Onderwerp';
$txt['smfcontact_body'] = 'Type Uw bericht';
$txt['smfcontact_emailaddress'] = 'Email Adres';
$txt['smfcontact_sendemail'] = 'Verzend Uw bericht';
$txt['smfcontact_messagesent'] = 'Uw Bericht is verzonden!';
$txt['smfcontact_messagesent_click'] = 'Dank voor Uw Bericht<br>Deze is verzonden!<b> Klik ';
$txt['smfcontact_messagesent_return'] = 'hier</a></b> om terug te gaan naat het Forum<br>Zo gauw dit bericht is gelezen krijgt U zo spoedig mogelijk een reactie<br>Met vriendelijke groet<br>Beheer  .';
$txt['smfcontact_errname'] = 'U vergeet Uw naam in te tikken.';
$txt['smfcontact_errsubject'] = 'U bent vergeten een onderwerp in te tikken.';
$txt['smfcontact_errmessage'] = 'U heeft niets ingevuld in de berichtenbox.';
$txt['smfcontact_erremail'] = 'U bent vergeten Uw e-mail adres in te vullen.';
$txt['smfcontact_errbademail'] = 'U heeft geen geldig e-mailadres ingevoerd.';
$txt['smfcontact_titlesent'] = ' - Bericht verzonden.';
$txt['smfcontact_form'] = 'Contactpagina voor ';
$txt['smfcontact_formname'] = "Naam: ";
$txt['smfcontact_formemail'] = "E-mail: ";
$txt['smfcontact_ip'] = "IP: ";
$txt['smfcontact_formmessage'] =  "Bericht: \n";
$txt['smfcontactpage_email'] = 'Contactpagina - Email: ';
$txt['smfcontactpage_board'] = 'Contactpagina - Te posten bord (optioneel): ';
// END Contact Page Text Strings
]]></add>
	</operation>
</file>

<file name="$languagedir/Modifications.french.php" error="skip">
    <operation>
        <search position="after"><![CDATA[
?>]]></search>
        <add><![CDATA[
// Begin Contact Page Text Strings
$txt['smfcontact_contact'] = 'Contact';
$txt['permissionname_view_contact'] = 'Afficher la page de contact';
$txt['permissionhelp_view_contact'] = 'Permet aux membres d\'afficher la page de contact et d\'envoyer des e-mails.';
$txt['cannot_view_contact'] = 'Vous ne pouvez pas voir la page de contact.';
$txt['smfcontact_name'] = 'Votre nom :';
$txt['smfcontact_subject'] = 'Sujet';
$txt['smfcontact_body'] = 'Message';
$txt['smfcontact_emailaddress'] = 'Adresse e-mail';
$txt['smfcontact_sendemail'] = 'Envoyer un e-mail';
$txt['smfcontact_messagesent'] = 'Votre message a été envoyé !';
$txt['smfcontact_messagesent_click'] = 'Votre message a été envoyé ! Cliquez sur ';
$txt['smfcontact_messagesent_return'] = 'ici</a> pour retourner au forum.';
$txt['smfcontact_errname'] = 'Vous devez saisir votre nom.';
$txt['smfcontact_errsubject'] = 'Vous devez saisir un sujet.';
$txt['smfcontact_errmessage'] = 'Vous devez saisir un message.';
$txt['smfcontact_erremail'] = 'Vous devez saisir votre adresse e-mail.';
$txt['smfcontact_errbademail'] = 'You have not entered a valid email address.';
$txt['smfcontact_titlesent'] = ' - Message envoyé.';
$txt['smfcontact_form'] = 'Formulaire de page de contact pour ';
$txt['smfcontact_formname'] = "Nom : ";
$txt['smfcontact_formemail'] = "Courriel : ";
$txt['smfcontact_ip'] = "IP : ";
$txt['smfcontact_formmessage'] = "Message : \n";
$txt['smfcontactpage_email'] = 'Page de contact - E-mail : ';
$txt['smfcontactpage_board'] = 'Page de contact - Tableau sur lequel publier (facultatif) : ';
// END Contact Page Text Strings
]]></add>
    </operation>
</file>


<file name="$languagedir/Modifications.french-utf8.php" error="skip">
    <operation>
        <search position="after"><![CDATA[
?>]]></search>
        <add><![CDATA[
// Begin Contact Page Text Strings
$txt['smfcontact_contact'] = 'Contact';
$txt['permissionname_view_contact'] = 'Afficher la page de contact';
$txt['permissionhelp_view_contact'] = 'Permet aux membres d\'afficher la page de contact et d\'envoyer des e-mails.';
$txt['cannot_view_contact'] = 'Vous ne pouvez pas voir la page de contact.';
$txt['smfcontact_name'] = 'Votre nom :';
$txt['smfcontact_subject'] = 'Sujet';
$txt['smfcontact_body'] = 'Message';
$txt['smfcontact_emailaddress'] = 'Adresse e-mail';
$txt['smfcontact_sendemail'] = 'Envoyer un e-mail';
$txt['smfcontact_messagesent'] = 'Votre message a été envoyé !';
$txt['smfcontact_messagesent_click'] = 'Votre message a été envoyé ! Cliquez sur ';
$txt['smfcontact_messagesent_return'] = 'ici</a> pour retourner au forum.';
$txt['smfcontact_errname'] = 'Vous devez saisir votre nom.';
$txt['smfcontact_errsubject'] = 'Vous devez saisir un sujet.';
$txt['smfcontact_errmessage'] = 'Vous devez saisir un message.';
$txt['smfcontact_erremail'] = 'Vous devez saisir votre adresse e-mail.';
$txt['smfcontact_errbademail'] = 'You have not entered a valid email address.';
$txt['smfcontact_titlesent'] = ' - Message envoyé.';
$txt['smfcontact_form'] = 'Formulaire de page de contact pour ';
$txt['smfcontact_formname'] = "Nom : ";
$txt['smfcontact_formemail'] = "Courriel : ";
$txt['smfcontact_ip'] = "IP : ";
$txt['smfcontact_formmessage'] = "Message : \n";
$txt['smfcontactpage_email'] = 'Page de contact - E-mail : ';
$txt['smfcontactpage_board'] = 'Page de contact - Tableau sur lequel publier (facultatif) : ';
// END Contact Page Text Strings
]]></add>
    </operation>
</file>


<file name="$languagedir/Modifications.italian.php" error="skip">
    <operation>
        <search position="after"><![CDATA[
?>]]></search>
        <add><![CDATA[
// Begin Contact Page Text Strings
$txt['smfcontact_contact'] = 'Contatti';
$txt['permissionname_view_contact'] = 'Visualizza la pagina Contatti';
$txt['permissionhelp_view_contact'] = 'Consente agli utenti di visualizzare la pagina Contatti e di inviare email.';
$txt['cannot_view_contact'] = 'Non puoi visualizzare la pagina Contatti.';
$txt['smfcontact_name'] = 'Nome';
$txt['smfcontact_subject'] = 'Oggetto';
$txt['smfcontact_body'] = 'Messaggio';
$txt['smfcontact_emailaddress'] = 'Indirizzo Email';
$txt['smfcontact_sendemail'] = 'Invia e-mail';
$txt['smfcontact_messagesent'] = 'Il tuo messaggio è stato inviato!';
$txt['smfcontact_messagesent_click'] = 'Il tuo messaggio è stato inviato! Clicca ';
$txt['smfcontact_messagesent_return'] = 'qui</a> per ritornare al forum.';
$txt['smfcontact_errname'] = 'Devi inserire il tuo nome.';
$txt['smfcontact_errsubject'] = 'Devi inserire un oggetto.';
$txt['smfcontact_errmessage'] = 'Devi inserire un messaggio.';
$txt['smfcontact_erremail'] = 'Devi inserire un indirizzo email.';
$txt['smfcontact_errbademail'] = 'You have not entered a valid email address.';
$txt['smfcontact_titlesent'] = ' - Messaggio inviato.';
$txt['smfcontact_form'] = 'Inviato dal modulo contatti di ';
$txt['smfcontact_formname'] = "Nome: ";
$txt['smfcontact_formemail'] = "Email: ";
$txt['smfcontact_ip'] = "IP: ";
$txt['smfcontact_formmessage'] =  "Messaggio: \n";
$txt['smfcontactpage_email'] = 'Email pagina Contatti:';
$txt['smfcontactpage_board'] = 'Pagina Contatti - Sezione in cui pubblicare i messaggi (opzionale): ';
// END Contact Page Text Strings
]]></add>
    </operation>
</file>


<file name="$languagedir/Modifications.italian-utf8.php" error="skip">
    <operation>
        <search position="after"><![CDATA[
?>]]></search>
        <add><![CDATA[
// Begin Contact Page Text Strings
$txt['smfcontact_contact'] = 'Contatti';
$txt['permissionname_view_contact'] = 'Visualizza la pagina Contatti';
$txt['permissionhelp_view_contact'] = 'Consente agli utenti di visualizzare la pagina Contatti e di inviare email.';
$txt['cannot_view_contact'] = 'Non puoi visualizzare la pagina Contatti.';
$txt['smfcontact_name'] = 'Nome';
$txt['smfcontact_subject'] = 'Oggetto';
$txt['smfcontact_body'] = 'Messaggio';
$txt['smfcontact_emailaddress'] = 'Indirizzo Email';
$txt['smfcontact_sendemail'] = 'Invia e-mail';
$txt['smfcontact_messagesent'] = 'Il tuo messaggio è stato inviato!';
$txt['smfcontact_messagesent_click'] = 'Il tuo messaggio è stato inviato! Clicca ';
$txt['smfcontact_messagesent_return'] = 'qui</a> per ritornare al forum.';
$txt['smfcontact_errname'] = 'Devi inserire il tuo nome.';
$txt['smfcontact_errsubject'] = 'Devi inserire un oggetto.';
$txt['smfcontact_errmessage'] = 'Devi inserire un messaggio.';
$txt['smfcontact_erremail'] = 'Devi inserire un indirizzo email.';
$txt['smfcontact_errbademail'] = 'You have not entered a valid email address.';
$txt['smfcontact_titlesent'] = ' - Messaggio inviato.';
$txt['smfcontact_form'] = 'Inviato dal modulo contatti di ';
$txt['smfcontact_formname'] = "Nome: ";
$txt['smfcontact_formemail'] = "Email: ";
$txt['smfcontact_ip'] = "IP: ";
$txt['smfcontact_formmessage'] =  "Messaggio: \n";
$txt['smfcontactpage_email'] = 'Email pagina Contatti:';
$txt['smfcontactpage_board'] = 'Pagina Contatti - Sezione in cui pubblicare i messaggi (opzionale): ';
// END Contact Page Text Strings
]]></add>
    </operation>
</file>

<file name="$themedir/languages/Modifications.spanish_es.php" error="skip">
		<operation>
			<search position="end" />
				<add><![CDATA[
$txt['smfcontact_contact'] = 'Contacto';
$txt['permissionname_view_contact'] = 'Ver Página de Contacto';
$txt['permissionhelp_view_contact'] = 'Permite a los miembros ver la página de contacto y enviar correo electrónico.';
$txt['cannot_view_contact'] = 'No puedes ver la página de contacto.';
$txt['smfcontact_name'] = 'Tu Nombre:';
$txt['smfcontact_subject'] = 'Asunto';
$txt['smfcontact_body'] = 'Mensaje';
$txt['smfcontact_emailaddress'] = 'Dirección de Correo Electrónico';
$txt['smfcontact_sendemail'] = 'Enviar correo electrónico';
$txt['smfcontact_messagesent'] = '¡Tu mensaje ha sido enviado!';
$txt['smfcontact_messagesent_click'] = '¡Tu mensaje ha sido enviado! Haz clic ';
$txt['smfcontact_messagesent_return'] = 'aquí</a> para volver al foro.';
$txt['smfcontact_errname'] = 'Necesitas ingresar tu nombre.';
$txt['smfcontact_errsubject'] = 'Necesitas ingresar un asunto.';
$txt['smfcontact_errmessage'] = 'Necesitas ingresar un mensaje.';
$txt['smfcontact_erremail'] = 'Necesitas ingresar tu dirección de correo electrónico.';
$txt['smfcontact_errbademail'] = 'No has ingresado una dirección de correo electrónico válida.';
$txt['smfcontact_titlesent'] = ' - Mensaje enviado.';
$txt['smfcontact_form'] = 'Formulario de Página de Contacto para ';
$txt['smfcontact_formname'] = "Nombre: ";
$txt['smfcontact_formemail'] = "Correo electrónico: ";
$txt['smfcontact_ip'] = "IP: ";
$txt['smfcontact_formmessage'] =  "Mensaje: \n";
$txt['smfcontactpage_email'] = 'Página de Contacto - Correo electrónico: ';
$txt['smfcontactpage_board'] = 'Página de Contacto - Foro para Publicar (Opcional): ';
]]></add>
		</operation>
</file>

<file name="$languagedir/Modifications.greek.php" error="skip">
    <operation>
        <search position="after"><![CDATA[
?>]]></search>
        <add><![CDATA[
// Begin Contact Page Text Strings
$txt['smfcontact_contact'] = 'Επικοινωνία';
$txt['permissionname_view_contact'] = 'Προβολή σελίδας επικοινωνίας';
$txt['permissionhelp_view_contact'] = 'Επιτρέπει στα μέλη να βλέπουν τη σελίδα επικοινωνίας και να στέλνουν email.';
$txt['cannot_view_contact'] = 'Δεν μπορείτε να δείτε τη σελίδα επικοινωνίας.';
$txt['smfcontact_name'] = 'Το όνομά σας:';
$txt['smfcontact_subject'] = 'Θέμα';
$txt['smfcontact_body'] = 'Μήνυμα';
$txt['smfcontact_emailaddress'] = 'Διεύθυνση ηλεκτρονικού ταχυδρομείου';
$txt['smfcontact_sendemail'] = 'Αποστολή email';
$txt['smfcontact_messagesent'] = 'Το μήνυμά σας έχει σταλεί!';
$txt['smfcontact_messagesent_click'] = 'Το μήνυμά σας έχει σταλεί! Κάντε κλικ ';
$txt['smfcontact_messagesent_return'] = 'εδώ</a> για να επιστρέψετε στον πίνακα.';
$txt['smfcontact_errname'] = 'Πρέπει να εισαγάγετε το όνομά σας.';
$txt['smfcontact_errsubject'] = 'Πρέπει να εισαγάγετε ένα θέμα.';
$txt['smfcontact_errmessage'] = 'Πρέπει να εισαγάγετε ένα μήνυμα.';
$txt['smfcontact_erremail'] = 'Πρέπει να εισαγάγετε τη διεύθυνση email σας.';
$txt['smfcontact_errbademail'] = 'Δεν έχετε εισαγάγει έγκυρη διεύθυνση email.';
$txt['smfcontact_titlesent'] = ' - Το μήνυμα εστάλη.';
$txt['smfcontact_form'] = 'Φόρμα σελίδας επικοινωνίας για ';
$txt['smfcontact_formname'] = "Όνομα: ";
$txt['smfcontact_formemail'] = "Ηλεκτρονικό ταχυδρομείο: ";
$txt['smfcontact_ip'] = "IP: ";
$txt['smfcontact_formmessage'] = "Μήνυμα: \n";
$txt['smfcontactpage_email'] = 'Σελίδα επικοινωνίας - Ηλ. ταχυδρομείο: ';
$txt['smfcontactpage_board'] = 'Σελίδα επικοινωνίας - Πίνακας για δημοσίευση (Προαιρετικό): ';

// END Contact Page Text Strings
]]></add>
    </operation>
</file>

</modification>