<?xml version="1.0"?>
<!DOCTYPE modification SYSTEM "http://www.simplemachines.org/xml/modification">
<modification xmlns="http://www.simplemachines.org/xml/modification" xmlns:smf="http://www.simplemachines.org/">
<id>vbgamer45:ContactPage</id>
<version>1.1</version>
<file name="$languagedir/Modifications.english.php">
	<operation>
		<search position="after"><![CDATA[
?>]]></search>
		<add><![CDATA[
// Begin Contact Page Text Strings
$txt['smfcontact_contact'] = 'Contact';
$txt['permissionname_view_contact'] = 'View Contact Page';
$txt['permissionhelp_view_contact'] = 'Allows members to view contact page and send email.';
$txt['cannot_view_contact'] = 'You can not view the contact page.';
$txt['smfcontact_name'] = 'Your Name:';
$txt['smfcontact_subject'] = 'Subject';
$txt['smfcontact_body'] = 'Message';
$txt['smfcontact_emailaddress'] = 'Email Address';
$txt['smfcontact_sendemail'] = 'Send e-mail';
$txt['smfcontact_messagesent'] = 'Your message has been sent!';
$txt['smfcontact_messagesent_click'] = 'Your message has been sent! Click ';
$txt['smfcontact_messagesent_return'] = 'here</a> to return to the board.';
$txt['smfcontact_errname'] = 'You need to enter your name.';
$txt['smfcontact_errsubject'] = 'You need to enter a subject.';
$txt['smfcontact_errmessage'] = 'You need to enter a message.';
$txt['smfcontact_erremail'] = 'You need to enter your email address.';
$txt['smfcontact_errbademail'] = 'You have not entered a valid email address.';
$txt['smfcontact_titlesent'] = ' - Message sent.';
$txt['smfcontact_form'] = 'Contact Page Form for ';
$txt['smfcontact_formname'] = "Name: ";
$txt['smfcontact_formemail'] = "Email: ";
$txt['smfcontact_ip'] = "IP: ";
$txt['smfcontact_formmessage'] =  "Message: \n";
$txt['smfcontactpage_email'] = 'SMF Contact Page Email: ';
// END Contact Page Text Strings			
]]></add>
	</operation>
</file>

<file name="$languagedir/Modifications.english-utf8.php" error="skip">
	<operation>
		<search position="after"><![CDATA[
?>]]></search>
		<add><![CDATA[
// Begin Contact Page Text Strings
$txt['smfcontact_contact'] = 'Contact';
$txt['permissionname_view_contact'] = 'View Contact Page';
$txt['permissionhelp_view_contact'] = 'Allows members to view contact page and send email.';
$txt['cannot_view_contact'] = 'You can not view the contact page.';
$txt['smfcontact_name'] = 'Your Name:';
$txt['smfcontact_subject'] = 'Subject';
$txt['smfcontact_body'] = 'Message';
$txt['smfcontact_emailaddress'] = 'Email Address';
$txt['smfcontact_sendemail'] = 'Send e-mail';
$txt['smfcontact_messagesent'] = 'Your message has been sent!';
$txt['smfcontact_messagesent_click'] = 'Your message has been sent! Click ';
$txt['smfcontact_messagesent_return'] = 'here</a> to return to the board.';
$txt['smfcontact_errname'] = 'You need to enter your name.';
$txt['smfcontact_errsubject'] = 'You need to enter a subject.';
$txt['smfcontact_errmessage'] = 'You need to enter a message.';
$txt['smfcontact_erremail'] = 'You need to enter your email address.';
$txt['smfcontact_errbademail'] = 'You have not entered a valid email address.';
$txt['smfcontact_titlesent'] = ' - Message sent.';
$txt['smfcontact_form'] = 'Contact Page Form for ';
$txt['smfcontact_formname'] = "Name: ";
$txt['smfcontact_formemail'] = "Email: ";
$txt['smfcontact_ip'] = "IP: ";
$txt['smfcontact_formmessage'] =  "Message: \n";
$txt['smfcontactpage_email'] = 'SMF Contact Page Email: ';

// END Contact Page Text Strings			
]]></add>
	</operation>
</file>
<file name="$boarddir/index.php">
	<operation>
		<search position="before"><![CDATA[
		'coppa' => array('Register.php', 'CoppaForm'),]]></search>
		<add><![CDATA[
		'contact' => array('Contact.php', 'Contact'),]]></add>
	</operation>
</file>
<file name="$themedir/index.template.php">
	<operation>
		<search position="before"><![CDATA[$current_action = 'admin';
	if (in_array($context['current_action'], array(]]></search>
		<add><![CDATA['contact',]]></add>
	</operation>
	<operation>
		<search position="before"><![CDATA[// the [member] list button
	if ($context['allow_memberlist'])
		echo ($current_action == 'mlist' || $context['browser']['is_ie4']) ? '<td class="maintab_active_' . $first . '">&nbsp;</td>' : '' , '
				<td valign="top" class="maintab_' , $current_action == 'mlist' ? 'active_back' : 'back' , '">
					<a href="', $scripturl, '?action=mlist">' , $txt[331] , '</a>
				</td>' , $current_action == 'mlist' ? '<td class="maintab_active_' . $last . '">&nbsp;</td>' : '';
]]></search>
		<add><![CDATA[
	// the [contact] button
	if ($context['allow_view_contact'])
		echo ($current_action == 'contact' || $context['browser']['is_ie4']) ? '<td class="maintab_active_' . $first . '">&nbsp;</td>' : '' , '
				<td valign="top" class="maintab_' , $current_action == 'contact' ? 'active_back' : 'back' , '">
					<a href="', $scripturl, '?action=contact">' , $txt['smfcontact_contact']  , '</a>
				</td>' , $current_action == 'contact' ? '<td class="maintab_active_' . $last . '">&nbsp;</td>' : '';

		]]></add>
	</operation>
</file>
<file name="$sourcedir/ManagePermissions.php">
	<operation>
		<search position="after"><![CDATA['karma_edit' => false,]]></search>
		<add><![CDATA[
		'view_contact' => false,]]></add>
	</operation>
	<operation>
		<search position="after"><![CDATA['who_view',]]></search>
		<add><![CDATA[
		'view_contact',]]></add>
	</operation>
</file>
<file name="$sourcedir/Subs.php">
	<operation>
		<search position="before"><![CDATA[$context['allow_calendar'] = allowedTo('calendar_view') && !empty($modSettings['cal_enabled']);]]></search>
		<add><![CDATA[
		$context['allow_view_contact'] = allowedTo('view_contact');
		]]></add>
	</operation>
</file>

	<file name="$sourcedir/ModSettings.php">
		<operation>
			<search position="before"><![CDATA[			// Reporting of personal messages?
			array('check', 'enableReportPM'),
]]></search>
			<add><![CDATA[
		'',
			// SMFHacks.com Contact Page
			array('text', 'smfcontactpage_email'),
]]></add>
		</operation>
	</file>



<file name="$languagedir/Modifications.english-utf8.php" error="skip">
	<operation>
		<search position="after"><![CDATA[
?>]]></search>
		<add><![CDATA[
// Begin Contact Page Text Strings
$txt['smfcontact_contact'] = 'Contact';
$txt['permissionname_view_contact'] = 'View Contact Page';
$txt['permissionhelp_view_contact'] = 'Allows members to view contact page and send email.';
$txt['cannot_view_contact'] = 'You can not view the contact page.';
$txt['smfcontact_name'] = 'Your Name:';
$txt['smfcontact_subject'] = 'Subject';
$txt['smfcontact_body'] = 'Message';
$txt['smfcontact_emailaddress'] = 'Email Address';
$txt['smfcontact_sendemail'] = 'Send e-mail';
$txt['smfcontact_messagesent'] = 'Your message has been sent!';
$txt['smfcontact_messagesent_click'] = 'Your message has been sent! Click ';
$txt['smfcontact_messagesent_return'] = 'here</a> to return to the board.';
$txt['smfcontact_errname'] = 'You need to enter your name.';
$txt['smfcontact_errsubject'] = 'You need to enter a subject.';
$txt['smfcontact_errmessage'] = 'You need to enter a message.';
$txt['smfcontact_erremail'] = 'You need to enter your email address.';
$txt['smfcontact_errbademail'] = 'You have not entered a valid email address.';
$txt['smfcontact_titlesent'] = ' - Message sent.';
$txt['smfcontact_form'] = 'Contact Page Form for ';
$txt['smfcontact_formname'] = "Name: ";
$txt['smfcontact_formemail'] = "Email: ";
$txt['smfcontact_ip'] = "IP: ";
$txt['smfcontact_formmessage'] =  "Message: \n";
$txt['smfcontactpage_email'] = 'Contact Page - Email: ';
$txt['smfcontactpage_board'] = 'Contact Page - Board to Post to (Optional): ';


// END Contact Page Text Strings
]]></add>
	</operation>
</file>



<file name="$languagedir/Modifications.german.php" error="skip">
	<operation>
		<search position="end"><![CDATA[
?>]]></search>
		<add><![CDATA[
// Begin Contact Page Text Strings
$txt['smfcontact_contact'] = 'Kontakt';
$txt['permissionname_view_contact'] = 'Kontaktseite anzeigen';
$txt['permissionhelp_view_contact'] = 'Ermöglicht Mitgliedern das Anzeigen der Kontaktseite und das Senden von E-Mails.';
$txt['cannot_view_contact'] = 'Sie können die Kontaktseite nicht anzeigen.';
$txt['smfcontact_name'] = 'Ihr Name:';
$txt['smfcontact_subject'] = 'Betreff';
$txt['smfcontact_body'] = 'Nachricht';
$txt['smfcontact_emailaddress'] = 'Email Adresse';
$txt['smfcontact_sendemail'] = 'E-Mail senden';
$txt['smfcontact_messagesent'] = 'Ihre Nachricht wurde gesendet!';
$txt['smfcontact_messagesent_click'] = 'Ihre Nachricht wurde gesendet! Klicken Sie ';
$txt['smfcontact_messagesent_return'] = 'hier</a> um zum Board zurückzukehren.';
$txt['smfcontact_errname'] = 'Sie müssen Ihren Namen eingeben.';
$txt['smfcontact_errsubject'] = 'Sie müssen einen Betreff eingeben.';
$txt['smfcontact_errmessage'] = 'Sie müssen eine Nachricht eingeben.';
$txt['smfcontact_erremail'] = 'Sie müssen Ihre E-Mail-Adresse eingeben.';
$txt['smfcontact_errbademail'] = 'Sie haben keine gültige E-Mail-Adresse eingegeben.';
$txt['smfcontact_titlesent'] = ' - Nachricht gesendet.';
$txt['smfcontact_form'] = 'Kontaktformular für ';
$txt['smfcontact_formname'] = "Name: ";
$txt['smfcontact_formemail'] = "Email: ";
$txt['smfcontact_ip'] = "IP: ";
$txt['smfcontact_formmessage'] =  "Nachricht: \n";
$txt['smfcontactpage_email'] = 'Kontaktseite - Email: ';
$txt['smfcontactpage_board'] = 'Kontaktseite - Board zum Posten (Optional): ';
// END Contact Page Text Strings
]]></add>
	</operation>
</file>

<file name="$languagedir/Modifications.german_informal.php" error="skip">
	<operation>
		<search position="end" />
		<add><![CDATA[
// Begin Contact Page Text Strings
$txt['smfcontact_contact'] = 'Kontakt';
$txt['permissionname_view_contact'] = 'Kontaktseite anzeigen';
$txt['permissionhelp_view_contact'] = 'Ermöglicht Mitgliedern das Anzeigen der Kontaktseite und das Senden von E-Mails.';
$txt['cannot_view_contact'] = 'Sie können die Kontaktseite nicht anzeigen.';
$txt['smfcontact_name'] = 'Ihr Name:';
$txt['smfcontact_subject'] = 'Betreff';
$txt['smfcontact_body'] = 'Nachricht';
$txt['smfcontact_emailaddress'] = 'Email Adresse';
$txt['smfcontact_sendemail'] = 'E-Mail senden';
$txt['smfcontact_messagesent'] = 'Ihre Nachricht wurde gesendet!';
$txt['smfcontact_messagesent_click'] = 'Ihre Nachricht wurde gesendet! Klicken Sie ';
$txt['smfcontact_messagesent_return'] = 'hier</a> um zum Board zurückzukehren.';
$txt['smfcontact_errname'] = 'Sie müssen Ihren Namen eingeben.';
$txt['smfcontact_errsubject'] = 'Sie müssen einen Betreff eingeben.';
$txt['smfcontact_errmessage'] = 'Sie müssen eine Nachricht eingeben.';
$txt['smfcontact_erremail'] = 'Sie müssen Ihre E-Mail-Adresse eingeben.';
$txt['smfcontact_errbademail'] = 'Sie haben keine gültige E-Mail-Adresse eingegeben.';
$txt['smfcontact_titlesent'] = ' - Nachricht gesendet.';
$txt['smfcontact_form'] = 'Kontaktformular für ';
$txt['smfcontact_formname'] = "Name: ";
$txt['smfcontact_formemail'] = "Email: ";
$txt['smfcontact_ip'] = "IP: ";
$txt['smfcontact_formmessage'] =  "Nachricht: \n";
$txt['smfcontactpage_email'] = 'Kontaktseite - Email: ';
$txt['smfcontactpage_board'] = 'Kontaktseite - Board zum Posten (Optional): ';
// END Contact Page Text Strings
]]></add>
	</operation>
</file>

	<file name="$languagedir/Modifications.dutch.php" error="skip">
	<operation>
		<search position="end" />
		<add><![CDATA[
$txt['smfcontact_contact'] = 'Contact';
$txt['permissionname_view_contact'] = 'Contactpagina Bekijken';
$txt['permissionhelp_view_contact'] = 'Staat leden toe de contactpagina te bekijken en een e-mail te sturen.';
$txt['cannot_view_contact'] = 'U kunt de contactpagina niet bekijken.';
$txt['smfcontact_name'] = 'Uw Naam:';
$txt['smfcontact_subject'] = 'Onderwerp';
$txt['smfcontact_body'] = 'Type Uw bericht';
$txt['smfcontact_emailaddress'] = 'Email Adres';
$txt['smfcontact_sendemail'] = 'Verzend Uw bericht';
$txt['smfcontact_messagesent'] = 'Uw Bericht is verzonden!';
$txt['smfcontact_messagesent_click'] = 'Dank voor Uw Bericht<br>Deze is verzonden!<b> Klik ';
$txt['smfcontact_messagesent_return'] = 'hier</a></b> om terug te gaan naat het Forum<br>Zo gauw dit bericht is gelezen krijgt U zo spoedig mogelijk een reactie<br>Met vriendelijke groet<br>Beheer  .';
$txt['smfcontact_errname'] = 'U vergeet Uw naam in te tikken.';
$txt['smfcontact_errsubject'] = 'U bent vergeten een onderwerp in te tikken.';
$txt['smfcontact_errmessage'] = 'U heeft niets ingevuld in de berichtenbox.';
$txt['smfcontact_erremail'] = 'U bent vergeten Uw e-mail adres in te vullen.';
$txt['smfcontact_errbademail'] = 'U heeft geen geldig e-mailadres ingevoerd.';
$txt['smfcontact_titlesent'] = ' - Bericht verzonden.';
$txt['smfcontact_form'] = 'Contactpagina voor ';
$txt['smfcontact_formname'] = "Naam: ";
$txt['smfcontact_formemail'] = "E-mail: ";
$txt['smfcontact_ip'] = "IP: ";
$txt['smfcontact_formmessage'] =  "Bericht: \n";
$txt['smfcontactpage_email'] = 'Contactpagina - Email: ';
$txt['smfcontactpage_board'] = 'Contactpagina - Te posten bord (optioneel): ';
// END Contact Page Text Strings
]]></add>
	</operation>
</file>

<file name="$themedir/languages/Modifications.spanish_es.php" error="skip">
		<operation>
			<search position="end" />
				<add><![CDATA[
$txt['smfcontact_contact'] = 'Contacto';
$txt['permissionname_view_contact'] = 'Ver Página de Contacto';
$txt['permissionhelp_view_contact'] = 'Permite a los miembros ver la página de contacto y enviar correo electrónico.';
$txt['cannot_view_contact'] = 'No puedes ver la página de contacto.';
$txt['smfcontact_name'] = 'Tu Nombre:';
$txt['smfcontact_subject'] = 'Asunto';
$txt['smfcontact_body'] = 'Mensaje';
$txt['smfcontact_emailaddress'] = 'Dirección de Correo Electrónico';
$txt['smfcontact_sendemail'] = 'Enviar correo electrónico';
$txt['smfcontact_messagesent'] = '¡Tu mensaje ha sido enviado!';
$txt['smfcontact_messagesent_click'] = '¡Tu mensaje ha sido enviado! Haz clic ';
$txt['smfcontact_messagesent_return'] = 'aquí</a> para volver al foro.';
$txt['smfcontact_errname'] = 'Necesitas ingresar tu nombre.';
$txt['smfcontact_errsubject'] = 'Necesitas ingresar un asunto.';
$txt['smfcontact_errmessage'] = 'Necesitas ingresar un mensaje.';
$txt['smfcontact_erremail'] = 'Necesitas ingresar tu dirección de correo electrónico.';
$txt['smfcontact_errbademail'] = 'No has ingresado una dirección de correo electrónico válida.';
$txt['smfcontact_titlesent'] = ' - Mensaje enviado.';
$txt['smfcontact_form'] = 'Formulario de Página de Contacto para ';
$txt['smfcontact_formname'] = "Nombre: ";
$txt['smfcontact_formemail'] = "Correo electrónico: ";
$txt['smfcontact_ip'] = "IP: ";
$txt['smfcontact_formmessage'] =  "Mensaje: \n";
$txt['smfcontactpage_email'] = 'Página de Contacto - Correo electrónico: ';
$txt['smfcontactpage_board'] = 'Página de Contacto - Foro para Publicar (Opcional): ';
]]></add>
		</operation>
</file>

<file name="$languagedir/Modifications.greek.php" error="skip">
    <operation>
        <search position="after"><![CDATA[
?>]]></search>
        <add><![CDATA[
// Begin Contact Page Text Strings
$txt['smfcontact_contact'] = 'Επικοινωνία';
$txt['permissionname_view_contact'] = 'Προβολή σελίδας επικοινωνίας';
$txt['permissionhelp_view_contact'] = 'Επιτρέπει στα μέλη να βλέπουν τη σελίδα επικοινωνίας και να στέλνουν email.';
$txt['cannot_view_contact'] = 'Δεν μπορείτε να δείτε τη σελίδα επικοινωνίας.';
$txt['smfcontact_name'] = 'Το όνομά σας:';
$txt['smfcontact_subject'] = 'Θέμα';
$txt['smfcontact_body'] = 'Μήνυμα';
$txt['smfcontact_emailaddress'] = 'Διεύθυνση ηλεκτρονικού ταχυδρομείου';
$txt['smfcontact_sendemail'] = 'Αποστολή email';
$txt['smfcontact_messagesent'] = 'Το μήνυμά σας έχει σταλεί!';
$txt['smfcontact_messagesent_click'] = 'Το μήνυμά σας έχει σταλεί! Κάντε κλικ ';
$txt['smfcontact_messagesent_return'] = 'εδώ</a> για να επιστρέψετε στον πίνακα.';
$txt['smfcontact_errname'] = 'Πρέπει να εισαγάγετε το όνομά σας.';
$txt['smfcontact_errsubject'] = 'Πρέπει να εισαγάγετε ένα θέμα.';
$txt['smfcontact_errmessage'] = 'Πρέπει να εισαγάγετε ένα μήνυμα.';
$txt['smfcontact_erremail'] = 'Πρέπει να εισαγάγετε τη διεύθυνση email σας.';
$txt['smfcontact_errbademail'] = 'Δεν έχετε εισαγάγει έγκυρη διεύθυνση email.';
$txt['smfcontact_titlesent'] = ' - Το μήνυμα εστάλη.';
$txt['smfcontact_form'] = 'Φόρμα σελίδας επικοινωνίας για ';
$txt['smfcontact_formname'] = "Όνομα: ";
$txt['smfcontact_formemail'] = "Ηλεκτρονικό ταχυδρομείο: ";
$txt['smfcontact_ip'] = "IP: ";
$txt['smfcontact_formmessage'] = "Μήνυμα: \n";
$txt['smfcontactpage_email'] = 'Σελίδα επικοινωνίας - Ηλ. ταχυδρομείο: ';
$txt['smfcontactpage_board'] = 'Σελίδα επικοινωνίας - Πίνακας για δημοσίευση (Προαιρετικό): ';

// END Contact Page Text Strings
]]></add>
    </operation>
</file>

</modification>