<?xml version="1.0"?>
<!DOCTYPE modification SYSTEM "http://www.simplemachines.org/xml/modification">
<modification xmlns="http://www.simplemachines.org/xml/modification" xmlns:smf="http://www.simplemachines.org/">
<id>vbgamer45:ipv6</id>
<version>1.0</version>
<file name="$sourcedir/Subs.php">
	<operation>
		<search position="end" />
		<add><![CDATA[
/**
 * Converts an IP address into binary
 *
 * @param string $ip_address An IP address in IPv4, IPv6 or decimal notation
 * @return string|false The IP address in binary or false
 */
function inet_ptod($ip_address)
{
	if (!isValidIP($ip_address))
		return $ip_address;

	$bin = inet_pton($ip_address);
	return $bin;
}

/**
 * Converts a binary version of an IP address into a readable format
 *
 * @param string $bin An IP address in IPv4, IPv6 (Either string (postgresql) or binary (other databases))
 * @return string|false The IP address in presentation format or false on error
 */
function inet_dtop($bin)
{
	global $db_type;

	if (empty($bin))
		return '';
	elseif ($db_type == 'postgresql')
		return $bin;
	// Already a String?
	elseif (isValidIP($bin))
		return $bin;
	return inet_ntop($bin);
}

/**
 * Check the given String if he is a valid IPv4 or IPv6
 * return true or false
 *
 * @param string $IPString
 *
 * @return bool
 */
function isValidIP($IPString)
{
	return filter_var($IPString, FILTER_VALIDATE_IP) !== false;
}

/**
 * Validates a IPv6 address. returns true if it is ipv6.
 *
 * @param string $ip The ip address to be validated
 * @return boolean Whether the specified IP is a valid IPv6 address
 */
function isValidIPv6($ip)
{
	//looking for :
	if (strpos($ip, ':') === false)
		return false;

	//check valid address
	return filter_var($ip, FILTER_VALIDATE_IP, FILTER_FLAG_IPV6);
}


/**
 * Expands a IPv6 address to its full form.
 *
 * @param string $addr The IPv6 address
 * @param bool $strict_check Whether to check the length of the expanded address for compliance
 * @return string|bool The expanded IPv6 address or false if $strict_check is true and the result isn't valid
 */
function expandIPv6($addr, $strict_check = true)
{
	static $converted = array();

	// Check if we have done this already.
	if (isset($converted[$addr]))
		return $converted[$addr];

	// Check if there are segments missing, insert if necessary.
	if (strpos($addr, '::') !== false)
	{
		$part = explode('::', $addr);
		$part[0] = explode(':', $part[0]);
		$part[1] = explode(':', $part[1]);
		$missing = array();

		for ($i = 0; $i < (8 - (count($part[0]) + count($part[1]))); $i++)
			array_push($missing, '0000');

		$part = array_merge($part[0], $missing, $part[1]);
	}
	else
		$part = explode(':', $addr);

	// Pad each segment until it has 4 digits.
	foreach ($part as &$p)
		while (strlen($p) < 4)
			$p = '0' . $p;

	unset($p);

	// Join segments.
	$result = implode(':', $part);

	// Save this incase of repeated use.
	$converted[$addr] = $result;

	// Quick check to make sure the length is as expected.
	if (!$strict_check || strlen($result) == 39)
		return $result;
	else
		return false;
}

/**
 * Detect if a IP is in a CIDR address
 * - returns true or false
 *
 * @param string $ip_address IP address to check
 * @param string $cidr_address CIDR address to verify
 * @return bool Whether the IP matches the CIDR
 */
function matchIPtoCIDR($ip_address, $cidr_address)
{
	list ($cidr_network, $cidr_subnetmask) = preg_split('/', $cidr_address);

	//v6?
	if ((strpos($cidr_network, ':') !== false))
	{
		if (!filter_var($ip_address, FILTER_VALIDATE_IP, FILTER_FLAG_IPV6) || !filter_var($cidr_network, FILTER_VALIDATE_IP, FILTER_FLAG_IPV6))
			return false;

		$ip_address = inet_pton($ip_address);
		$cidr_network = inet_pton($cidr_network);
		$binMask = str_repeat("f", $cidr_subnetmask / 4);
		switch ($cidr_subnetmask % 4)
		{
			case 0:
				break;
			case 1:
				$binMask .= "8";
				break;
			case 2:
				$binMask .= "c";
				break;
			case 3:
				$binMask .= "e";
				break;
		}
		$binMask = str_pad($binMask, 32, '0');
		$binMask = pack("H*", $binMask);

		return ($ip_address & $binMask) == $cidr_network;
	}
	else
		return (ip2long($ip_address) & (~((1 << (32 - $cidr_subnetmask)) - 1))) == ip2long($cidr_network);
}


]]></add>
	</operation>

	<operation>
		<search position="replace"><![CDATA[SET log_time = {int:log_time}, ip = IFNULL(INET_ATON({string:ip}), 0), url = {string:url}]]></search>
		<add><![CDATA[SET log_time = {int:log_time}, ip = {inet:ip}, url = {string:url}]]></add>
	</operation>

	<operation>
		<search position="replace"><![CDATA[$smcFunc['db_insert']($do_delete ? 'ignore' : 'replace',
			'{db_prefix}log_online',
			array('session' => 'string', 'id_member' => 'int', 'id_spider' => 'int', 'log_time' => 'int', 'ip' => 'raw', 'url' => 'string'),
			array($session_id, $user_info['id'], empty($_SESSION['id_robot']) ? 0 : $_SESSION['id_robot'], time(), 'IFNULL(INET_ATON(\'' . $user_info['ip'] . '\'), 0)', $serialized),
			array('session')]]></search>
		<add><![CDATA[$smcFunc['db_insert']($do_delete ? 'ignore' : 'replace',
			'{db_prefix}log_online',
			array('session' => 'string', 'id_member' => 'int', 'id_spider' => 'int', 'log_time' => 'int', 'ip' => 'inet', 'url' => 'string'),
			array($session_id, $user_info['id'], empty($_SESSION['id_robot']) ? 0 : $_SESSION['id_robot'], time(), $user_info['ip'], $serialized),
			array('session')]]></add>
	</operation>

	<operation>
		<search position="replace"><![CDATA[// Convert a single IP to a ranged IP.
function ip2range($fullip)
{
	// Pretend that 'unknown' is 255.255.255.255. (since that can't be an IP anyway.)
	if ($fullip == 'unknown')
		$fullip = '255.255.255.255';

	$ip_parts = explode('.', $fullip);
	$ip_array = array();

	if (count($ip_parts) != 4)
		return array();

	for ($i = 0; $i < 4; $i++)
	{
		if ($ip_parts[$i] == '*')
			$ip_array[$i] = array('low' => '0', 'high' => '255');
		elseif (preg_match('/^(\d{1,3})\-(\d{1,3})$/', $ip_parts[$i], $range) == 1)
			$ip_array[$i] = array('low' => $range[1], 'high' => $range[2]);
		elseif (is_numeric($ip_parts[$i]))
			$ip_array[$i] = array('low' => $ip_parts[$i], 'high' => $ip_parts[$i]);
	}

	return $ip_array;
}
]]></search>
		<add><![CDATA[/**
 * Convert a single IP to a ranged IP.
 * internal function used to convert a user-readable format to a format suitable for the database.
 *
 * @param string $fullip The full IP
 * @return array An array of IP parts
 */
function ip2range($fullip)
{
	// Pretend that 'unknown' is 255.255.255.255. (since that can't be an IP anyway.)
	if ($fullip == 'unknown')
		$fullip = '255.255.255.255';

	$ip_parts = explode('-', $fullip);
	$ip_array = array();

	// if ip 22.12.31.21
	if (count($ip_parts) == 1 && isValidIP($fullip))
	{
		$ip_array['low'] = $fullip;
		$ip_array['high'] = $fullip;
		return $ip_array;
	} // if ip 22.12.* -> 22.12.*-22.12.*
	elseif (count($ip_parts) == 1)
	{
		$ip_parts[0] = $fullip;
		$ip_parts[1] = $fullip;
	}

	// if ip 22.12.31.21-12.21.31.21
	if (count($ip_parts) == 2 && isValidIP($ip_parts[0]) && isValidIP($ip_parts[1]))
	{
		$ip_array['low'] = $ip_parts[0];
		$ip_array['high'] = $ip_parts[1];
		return $ip_array;
	}
	elseif (count($ip_parts) == 2) // if ip 22.22.*-22.22.*
	{
		$valid_low = isValidIP($ip_parts[0]);
		$valid_high = isValidIP($ip_parts[1]);
		$count = 0;
		$mode = (preg_match('/:/', $ip_parts[0]) > 0 ? ':' : '.');
		$max = ($mode == ':' ? 'ffff' : '255');
		$min = 0;
		if (!$valid_low)
		{
			$ip_parts[0] = preg_replace('/\*/', '0', $ip_parts[0]);
			$valid_low = isValidIP($ip_parts[0]);
			while (!$valid_low)
			{
				$ip_parts[0] .= $mode . $min;
				$valid_low = isValidIP($ip_parts[0]);
				$count++;
				if ($count > 9) break;
			}
		}

		$count = 0;
		if (!$valid_high)
		{
			$ip_parts[1] = preg_replace('/\*/', $max, $ip_parts[1]);
			$valid_high = isValidIP($ip_parts[1]);
			while (!$valid_high)
			{
				$ip_parts[1] .= $mode . $max;
				$valid_high = isValidIP($ip_parts[1]);
				$count++;
				if ($count > 9) break;
			}
		}

		if ($valid_high && $valid_low)
		{
			$ip_array['low'] = $ip_parts[0];
			$ip_array['high'] = $ip_parts[1];
		}
	}

	return $ip_array;
}]]></add>
	</operation>

</file>

<file name="$sourcedir/Subs-Db-mysql.php">

	<operation>
		<search position="replace"><![CDATA[
			default:
				$this->error_backtrace('Undefined type used in the database query. (' . $matches[1] . ':' . $matches[2] . ')', '', false, __FILE__, __LINE__);
			break;
		}
	}

	/**
	 * Just like the db_query, escape and quote a string, but not executing the query.
	 *
	 * @param string $db_string
	 * @param array $db_values
	 * @param object $connection = null
	 */
	public function quote($db_string, $db_values, $connection = null)]]></search>
		<add><![CDATA[
		case 'inet':
			if ($replacement == 'null' || $replacement == '')
				return 'null';
			if (!isValidIP($replacement))
				smf_db_error_backtrace('Wrong value type sent to the database. IPv4 or IPv6 expected.(' . $matches[2] . ')', '', E_USER_ERROR, __FILE__, __LINE__);
			//we don't use the native support of mysql > 5.6.2
			return sprintf('unhex(\'%1$s\')', bin2hex(inet_pton($replacement)));

			default:
				$this->error_backtrace('Undefined type used in the database query. (' . $matches[1] . ':' . $matches[2] . ')', '', false, __FILE__, __LINE__);
			break;
		}
	}

	/**
	 * Just like the db_query, escape and quote a string, but not executing the query.
	 *
	 * @param string $db_string
	 * @param array $db_values
	 * @param object $connection = null
	 */
	public function quote($db_string, $db_values, $connection = null)]]></add>
	</operation>

	<operation>
		<search position="replace"><![CDATA[
		default:
			smf_db_error_backtrace('Undefined type used in the database query. (' . $matches[1] . ':' . $matches[2] . ')', '', false, __FILE__, __LINE__);
		break;
	}
}

// Just like the db_query, escape and quote a string, but not executing the query.
function smf_db_quote($db_string, $db_values, $connection = null)
{]]></search>
		<add><![CDATA[
		case 'inet':
			if ($replacement == 'null' || $replacement == '')
				return 'null';
			if (!isValidIP($replacement))
				smf_db_error_backtrace('Wrong value type sent to the database. IPv4 or IPv6 expected.(' . $matches[2] . ')', '', E_USER_ERROR, __FILE__, __LINE__);
			//we don't use the native support of mysql > 5.6.2
			return sprintf('unhex(\'%1$s\')', bin2hex(inet_pton($replacement)));
		break;
		case 'array_inet':
			if (is_array($replacement))
			{
				if (empty($replacement))
					smf_db_error_backtrace('Database error, given array of IPv4 or IPv6 values is empty. (' . $matches[2] . ')', '', E_USER_ERROR, __FILE__, __LINE__);

				foreach ($replacement as $key => $value)
				{
					if ($replacement == 'null' || $replacement == '')
						$replacement[$key] = 'null';
					if (!isValidIP($value))
						smf_db_error_backtrace('Wrong value type sent to the database. IPv4 or IPv6 expected.(' . $matches[2] . ')', '', E_USER_ERROR, __FILE__, __LINE__);
					$replacement[$key] = sprintf('unhex(\'%1$s\')', bin2hex(inet_pton($value)));
				}

				return implode(', ', $replacement);
			}
			else
				smf_db_error_backtrace('Wrong value type sent to the database. Array of IPv4 or IPv6 expected. (' . $matches[2] . ')', '', E_USER_ERROR, __FILE__, __LINE__);
			break;

		default:
			smf_db_error_backtrace('Undefined type used in the database query. (' . $matches[1] . ':' . $matches[2] . ')', '', false, __FILE__, __LINE__);
		break;
	}
}

// Just like the db_query, escape and quote a string, but not executing the query.
function smf_db_quote($db_string, $db_values, $connection = null)
{]]></add>
	</operation>

</file>

<file name="$sourcedir/Display.php">
		<operation>
			<search position="replace"><![CDATA[$memberContext[$message['id_member']]['ip'] = $message['poster_ip'];]]></search>
			<add><![CDATA[$memberContext[$message['id_member']]['ip'] = inet_dtop($message['poster_ip']);]]></add>
	</operation>

</file>

<file name="$sourcedir/Groups.php">
		<operation>
			<search position="replace"><![CDATA[$last_online = empty($row['last_login']) ? $txt['never'] : timeformat($row['last_login']);]]></search>
			<add><![CDATA[$row['member_ip'] = inet_dtop($row['member_ip'])
		$last_online = empty($row['last_login']) ? $txt['never'] : timeformat($row['last_login']);]]></add>
	</operation>

</file>

<file name="$sourcedir/Security.php">
		<operation>
			<search position="replace"><![CDATA[foreach (array('ip', 'ip2') as $ip_number)
		{
			// Check if we have a valid IP address.
			if (preg_match('/^(\d{1,3})\.(\d{1,3})\.(\d{1,3})\.(\d{1,3})$/', $user_info[$ip_number], $ip_parts) == 1)
			{
				$ban_query[] = '((' . $ip_parts[1] . ' BETWEEN bi.ip_low1 AND bi.ip_high1)
							AND (' . $ip_parts[2] . ' BETWEEN bi.ip_low2 AND bi.ip_high2)
							AND (' . $ip_parts[3] . ' BETWEEN bi.ip_low3 AND bi.ip_high3)
							AND (' . $ip_parts[4] . ' BETWEEN bi.ip_low4 AND bi.ip_high4))';

				// IP was valid, maybe there's also a hostname...
				if (empty($modSettings['disableHostnameLookup']))
				{
					$hostname = host_from_ip($user_info[$ip_number]);
					if (strlen($hostname) > 0)
					{
						$ban_query[] = '({string:hostname} LIKE bi.hostname)';
						$ban_query_vars['hostname'] = $hostname;
					}
				}
			}
			// We use '255.255.255.255' for 'unknown' since it's not valid anyway.
			elseif ($user_info['ip'] == 'unknown')
				$ban_query[] = '(bi.ip_low1 = 255 AND bi.ip_high1 = 255
							AND bi.ip_low2 = 255 AND bi.ip_high2 = 255
							AND bi.ip_low3 = 255 AND bi.ip_high3 = 255
							AND bi.ip_low4 = 255 AND bi.ip_high4 = 255)';
		}]]></search>
			<add><![CDATA[foreach (array('ip', 'ip2') as $ip_number)
		{
			if ($ip_number == 'ip2' && $user_info['ip2'] == $user_info['ip'])
				continue;
			$ban_query[] = ' {inet:' . $ip_number . '} BETWEEN bi.ip_low and bi.ip_high';
			$ban_query_vars[$ip_number] = $user_info[$ip_number];
			// IP was valid, maybe there's also a hostname...
			if (empty($modSettings['disableHostnameLookup']) && $user_info[$ip_number] != 'unknown')
			{
				$hostname = host_from_ip($user_info[$ip_number]);
				if (strlen($hostname) > 0)
				{
					$ban_query[] = '({string:hostname' . $ip_number . '} LIKE bi.hostname)';
					$ban_query_vars['hostname' . $ip_number] = $hostname;
				}
			}

		}]]></add>
	</operation>

</file>


<file name="$sourcedir/Search.php">
		<operation>
			<search position="replace"><![CDATA[$memberContext[$message['id_member']]['ip'] = $message['poster_ip'];]]></search>
			<add><![CDATA[$memberContext[$message['id_member']]['ip'] = inet_dtop($message['poster_ip']);]]></add>
	</operation>

</file>

<file name="$sourcedir/Load.php">
		<operation>
			<search position="replace"><![CDATA[$new_loaded_ids[] = $row['id_member'];]]></search>
			<add><![CDATA[
			if (isset($row['member_ip']))
				$row['member_ip'] = inet_dtop($row['member_ip']);
			if (isset($row['member_ip2']))
				$row['member_ip2'] = inet_dtop($row['member_ip2']);

			$new_loaded_ids[] = $row['id_member'];]]></add>
	</operation>

</file>

<file name="$sourcedir/Modlog.php">
		<operation>
			<search position="replace"><![CDATA['ip' => $seeIP ? $row['ip'] : $txt['logged'],]]></search>
			<add><![CDATA['ip' => $seeIP ? inet_dtop($row['ip']) : $txt['logged'],]]></add>
	</operation>
</file>


<file name="$sourcedir/Subs-Members.php">
		<operation>
			<search position="replace"><![CDATA[while ($row = $smcFunc['db_fetch_assoc']($request))
		$members[] = $row;
	$smcFunc['db_free_result']($request);

	// If we want duplicates pass the members array off.]]></search>
			<add><![CDATA[while ($row = $smcFunc['db_fetch_assoc']($request))
		{
			$row['member_ip'] = inet_dtop($row['member_ip']);
			$row['member_ip2'] = inet_dtop($row['member_ip2']);
			$members[] = $row;
		}
	$smcFunc['db_free_result']($request);

	// If we want duplicates pass the members array off.]]></add>
	</operation>
		<operation>
			<search position="replace"><![CDATA[//$duplicate_ids[] = $row['id_member'];]]></search>
			<add><![CDATA[//$duplicate_ids[] = $row['id_member'];
		$row['member_ip'] = inet_dtop($row['member_ip']);
		$row['member_ip2'] = inet_dtop($row['member_ip2']);]]></add>
	</operation>

		<operation>
			<search position="replace"><![CDATA[// Don't collect lots of the same.
		if (isset($had_ips[$row['poster_ip']]) && in_array($row['id_member'], $had_ips[$row['poster_ip']]))
			continue;]]></search>
			<add><![CDATA[$row['poster_ip'] = inet_dtop($row['poster_ip']);

		// Don't collect lots of the same.
		if (isset($had_ips[$row['poster_ip']]) && in_array($row['id_member'], $had_ips[$row['poster_ip']]))
			continue;]]></add>
	</operation>

</file>


<file name="$sourcedir/ModerationCenter.php">
		<operation>
			<search position="replace"><![CDATA['ip' => !empty($row['member_ip']) && allowedTo('moderate_forum') ? '<a href="' . $scripturl . '?action=trackip;searchip=' . $row['member_ip'] . '">' . $row['member_ip'] . '</a>' : '',
			),]]></search>
			<add><![CDATA['ip' => !empty($row['member_ip']) && allowedTo('moderate_forum') ? '<a href="' . $scripturl . '?action=trackip;searchip=' . inet_dtop($row['member_ip']) . '">' . inet_dtop($row['member_ip']) . '</a>' : '',
			),]]></add>
	</operation>
</file>

<file name="$sourcedir/Who.php">
		<operation>
			<search position="replace"><![CDATA[lo.log_time, lo.id_member, lo.url, INET_NTOA(lo.ip) AS ip, mem.real_name,]]></search>
			<add><![CDATA[lo.log_time, lo.id_member, lo.url, lo.ip AS ip, mem.real_name,]]></add>
	</operation>
		<operation>
			<search position="replace"><![CDATA['ip' => allowedTo('moderate_forum') ? $row['ip'] : '',]]></search>
			<add><![CDATA['ip' => allowedTo('moderate_forum') ? inet_dtop($row['ip']) : '',]]></add>
	</operation>

</file>

<file name="$sourcedir/QueryString.php">
		<operation>
			<search position="replace"><![CDATA[// Make sure we have a valid REMOTE_ADDR.
	if (!isset($_SERVER['REMOTE_ADDR']))
	{
		$_SERVER['REMOTE_ADDR'] = '';
		// A new magic variable to indicate we think this is command line.
		$_SERVER['is_cli'] = true;
	}
	elseif (preg_match('~^((([1]?\d)?\d|2[0-4]\d|25[0-5])\.){3}(([1]?\d)?\d|2[0-4]\d|25[0-5])$~', $_SERVER['REMOTE_ADDR']) === 0)
		$_SERVER['REMOTE_ADDR'] = 'unknown';]]></search>
			<add><![CDATA[// Make sure we have a valid REMOTE_ADDR.
	if (!isset($_SERVER['REMOTE_ADDR']))
	{
		$_SERVER['REMOTE_ADDR'] = '';
		// A new magic variable to indicate we think this is command line.
		$_SERVER['is_cli'] = true;
	}
	// Perhaps we have a IPv6 address.
	elseif (isValidIP($_SERVER['REMOTE_ADDR']))
	{
		$_SERVER['REMOTE_ADDR'] = preg_replace('~^::ffff:(\d+\.\d+\.\d+\.\d+)~', '\1', $_SERVER['REMOTE_ADDR']);
	}
	elseif (preg_match('~^((([1]?\d)?\d|2[0-4]\d|25[0-5])\.){3}(([1]?\d)?\d|2[0-4]\d|25[0-5])$~', $_SERVER['REMOTE_ADDR']) === 0)
		$_SERVER['REMOTE_ADDR'] = 'unknown';]]></add>
	</operation>
		<operation>
			<search position="replace"><![CDATA[// Go through each IP...
			foreach ($ips as $i => $ip)
			{
				// Make sure it's in a valid range...
				if (preg_match('~^((0|10|172\.(1[6-9]|2[0-9]|3[01])|192\.168|255|127)\.|unknown)~', $ip) != 0 && preg_match('~^((0|10|172\.(1[6-9]|2[0-9]|3[01])|192\.168|255|127)\.|unknown)~', $_SERVER['REMOTE_ADDR']) == 0)
					continue;

				// Otherwise, we've got an IP!
				$_SERVER['BAN_CHECK_IP'] = trim($ip);
				break;
			}
		}
		// Otherwise just use the only one.
		elseif (preg_match('~^((0|10|172\.(1[6-9]|2[0-9]|3[01])|192\.168|255|127)\.|unknown)~', $_SERVER['HTTP_X_FORWARDED_FOR']) == 0 || preg_match('~^((0|10|172\.(1[6-9]|2[0-9]|3[01])|192\.168|255|127)\.|unknown)~', $_SERVER['REMOTE_ADDR']) != 0)
			$_SERVER['BAN_CHECK_IP'] = $_SERVER['HTTP_X_FORWARDED_FOR'];]]></search>
			<add><![CDATA[// Go through each IP...
			foreach ($ips as $i => $ip)
			{
				// Make sure it's in a valid range...
				if (preg_match('~^((0|10|172\.(1[6-9]|2[0-9]|3[01])|192\.168|255|127)\.|unknown|::1|fe80::|fc00::)~', $ip) != 0 && preg_match('~^((0|10|172\.(1[6-9]|2[0-9]|3[01])|192\.168|255|127)\.|unknown|::1|fe80::|fc00::)~', $_SERVER['REMOTE_ADDR']) == 0)
					continue;

				// Otherwise, we've got an IP!
				$_SERVER['BAN_CHECK_IP'] = trim($ip);
				break;
			}
		}
		// Otherwise just use the only one.
		elseif (preg_match('~^((0|10|172\.(1[6-9]|2[0-9]|3[01])|192\.168|255|127)\.|unknown|::1|fe80::|fc00::)~', $_SERVER['HTTP_X_FORWARDED_FOR']) == 0 || preg_match('~^((0|10|172\.(1[6-9]|2[0-9]|3[01])|192\.168|255|127)\.|unknown|::1|fe80::|fc00::)~', $_SERVER['REMOTE_ADDR']) != 0)
			$_SERVER['BAN_CHECK_IP'] = $_SERVER['HTTP_X_FORWARDED_FOR'];]]></add>
	</operation>
		<operation>
			<search position="replace"><![CDATA[/ Some final checking.
	if (preg_match('~^((([1]?\d)?\d|2[0-4]\d|25[0-5])\.){3}(([1]?\d)?\d|2[0-4]\d|25[0-5])$~', $_SERVER['BAN_CHECK_IP']) === 0)
]]></search>
			<add><![CDATA[// Some final checking.
	if (!isValidIP($_SERVER['BAN_CHECK_IP']))]]></add>
	</operation>
</file>


<file name="$sourcedir/ManageSearchEngines.php">
		<operation>
			<search position="replace"><![CDATA[preg_match('/^(\d{1,3})\.(\d{1,3})\.(\d{1,3})\.(\d{1,3})$/', $_SERVER['REMOTE_ADDR'], $ip_parts);

	foreach ($spider_data as $spider)
	{
		// User agent is easy.
		if (!empty($spider['user_agent']) && strpos($ci_user_agent, strtolower($spider['user_agent'])) !== false)
			$_SESSION['id_robot'] = $spider['id_spider'];
		// IP stuff is harder.
		elseif (!empty($ip_parts))
		{
			$ips = explode(',', $spider['ip_info']);
			foreach ($ips as $ip)
			{
				$ip = ip2range($ip);
				if (!empty($ip))
				{
					foreach ($ip as $key => $value)
					{
						if ($value['low'] > $ip_parts[$key + 1] || $value['high'] < $ip_parts[$key + 1])
							break;
						elseif ($key == 3)
							$_SESSION['id_robot'] = $spider['id_spider'];
					}
				}
			}
		}

		if (isset($_SESSION['id_robot']))
			break;]]></search>
			<add><![CDATA[
	foreach ($spider_data as $spider)
	{
		// User agent is easy.
		if (!empty($spider['user_agent']) && strpos($ci_user_agent, strtolower($spider['user_agent'])) !== false)
			$_SESSION['id_robot'] = $spider['id_spider'];
		// IP stuff is harder.
		elseif ($_SERVER['REMOTE_ADDR'])
		{
			$ips = explode(',', $spider['ip_info']);
			foreach ($ips as $ip)
			{
				if ($ip === '')
					continue;

				$ip = ip2range($ip);
				if (!empty($ip))
				{
					if (inet_ptod($ip['low']) <= inet_ptod($_SERVER['REMOTE_ADDR']) && inet_ptod($ip['high']) >= inet_ptod($_SERVER['REMOTE_ADDR']))
						$_SESSION['id_robot'] = $spider['id_spider'];
				}
			}
		}

		if (isset($_SESSION['id_robot']))
			break;]]></add>
	</operation>


</file>

	<file name="$sourcedir/ManageMembers.php">
		<operation>
			<search position="replace"><![CDATA[else
			{
				// Replace the wildcard characters ('*' and '?') into MySQL ones.]]></search>
			<add><![CDATA[// INET.
			elseif ($param_info['type'] == 'inet')
			{
				if (count($search_params[$param_name]) === 1)
				{
					$query_parts[] = '(' . $param_info['db_fields'][0] . ' = {inet:' . $param_name . '})';
					$where_params[$param_name] = $search_params[$param_name][0];
				}
				elseif (count($search_params[$param_name]) === 2)
				{
					$query_parts[] = '(' . $param_info['db_fields'][0] . ' <= {inet:' . $param_name . '_high} and ' . $param_info['db_fields'][0] . ' >= {inet:' . $param_name . '_low})';
					$where_params[$param_name . '_low'] = $search_params[$param_name]['low'];
					$where_params[$param_name . '_high'] = $search_params[$param_name]['high'];
				}

			}
			else
			{
				// Replace the wildcard characters ('*' and '?') into MySQL ones.]]></add>
	</operation>
		<operation>
			<search position="replace"><![CDATA['sort' => array(
					'default' => 'INET_ATON(member_ip)',
					'reverse' => 'INET_ATON(member_ip) DESC',
				),
			),
			'last_active' => array(
				'header' => array(]]></search>
			<add><![CDATA['sort' => array(
					'default' => 'member_ip',
					'reverse' => 'member_ip DESC',
				),
			),
			'last_active' => array(
				'header' => array(]]></add>
	</operation>
		<operation>
			<search position="replace"><![CDATA['sort' => array(
					'default' => 'INET_ATON(member_ip)',
					'reverse' => 'INET_ATON(member_ip) DESC',
				),
			),
			'hostname' => array(]]></search>
			<add><![CDATA['sort' => array(
					'default' => 'member_ip',
					'reverse' => 'member_ip DESC',
				),
			),
			'hostname' => array(]]></add>
	</operation>

</file>

<file name="$sourcedir/Profile-View.php">
		<operation>
			<search position="replace"><![CDATA[// Valid IP?
		if (preg_match('/^(\d{1,3})\.(\d{1,3})\.(\d{1,3})\.(\d{1,3})$/', $memberContext[$memID]['ip'], $ip_parts) == 1)
		{
			$ban_query[] = '((' . $ip_parts[1] . ' BETWEEN bi.ip_low1 AND bi.ip_high1)
						AND (' . $ip_parts[2] . ' BETWEEN bi.ip_low2 AND bi.ip_high2)
						AND (' . $ip_parts[3] . ' BETWEEN bi.ip_low3 AND bi.ip_high3)
						AND (' . $ip_parts[4] . ' BETWEEN bi.ip_low4 AND bi.ip_high4))';

			// Do we have a hostname already?
			if (!empty($context['member']['hostname']))
			{
				$ban_query[] = '({string:hostname} LIKE hostname)';
				$ban_query_vars['hostname'] = $context['member']['hostname'];
			}
		}
		// Use '255.255.255.255' for 'unknown' - it's not valid anyway.
		elseif ($memberContext[$memID]['ip'] == 'unknown')
			$ban_query[] = '(bi.ip_low1 = 255 AND bi.ip_high1 = 255
						AND bi.ip_low2 = 255 AND bi.ip_high2 = 255
						AND bi.ip_low3 = 255 AND bi.ip_high3 = 255
						AND bi.ip_low4 = 255 AND bi.ip_high4 = 255)';]]></search>
			<add><![CDATA[$ban_query[] = ' {inet:ip} BETWEEN bi.ip_low and bi.ip_high';
		$ban_query_vars['ip'] = $memberContext[$memID]['ip'];]]></add>
	</operation>
		<operation>
			<search position="replace"><![CDATA[while ($row = $smcFunc['db_fetch_assoc']($request))
	{
		$context['ips'][] = '<a href="' . $scripturl . '?action=profile;area=tracking;sa=ip;searchip=' . $row['poster_ip'] . ';u=' . $memID . '">' . $row['poster_ip'] . '</a>';
		$ips[] = $row['poster_ip'];
	}
	$smcFunc['db_free_result']($request);

	// Now also get the IP addresses from the error messages.
	$request = $smcFunc['db_query']('', '
		SELECT COUNT(*) AS error_count, ip
		FROM {db_prefix}log_errors
		WHERE id_member = {int:current_member}
		GROUP BY ip',
		array(
			'current_member' => $memID,
		)
	);
	$context['error_ips'] = array();
	while ($row = $smcFunc['db_fetch_assoc']($request))
	{
		$context['error_ips'][] = '<a href="' . $scripturl . '?action=profile;area=tracking;sa=ip;searchip=' . $row['ip'] . ';u=' . $memID . '">' . $row['ip'] . '</a>';
		$ips[] = $row['ip'];]]></search>
			<add><![CDATA[while ($row = $smcFunc['db_fetch_assoc']($request))
	{
		$context['ips'][] = '<a href="' . $scripturl . '?action=profile;area=tracking;sa=ip;searchip=' . inet_dtop($row['poster_ip'])  . ';u=' . $memID . '">' . $row['poster_ip'] . '</a>';
		$ips[] = inet_dtop($row['poster_ip']);
	}
	$smcFunc['db_free_result']($request);

	// Now also get the IP addresses from the error messages.
	$request = $smcFunc['db_query']('', '
		SELECT COUNT(*) AS error_count, ip
		FROM {db_prefix}log_errors
		WHERE id_member = {int:current_member}
		GROUP BY ip',
		array(
			'current_member' => $memID,
		)
	);
	$context['error_ips'] = array();
	while ($row = $smcFunc['db_fetch_assoc']($request))
	{
		$row['ip'] = inet_dtop($row['ip']);
		$context['error_ips'][] = '<a href="' . $scripturl . '?action=profile;area=tracking;sa=ip;searchip=' . $row['ip'] . ';u=' . $memID . '">' . $row['ip'] . '</a>';
		$ips[] = $row['ip'];]]></add>
	</operation>
		<operation>
			<search position="replace"><![CDATA[$error_messages = array();
	while ($row = $smcFunc['db_fetch_assoc']($request))
		$error_messages[] = array(
			'ip' => $row['ip'],]]></search>
			<add><![CDATA[$error_messages = array();
	while ($row = $smcFunc['db_fetch_assoc']($request))
		$error_messages[] = array(
			'ip' => inet_dtop($row['ip']),]]></add>
	</operation>
		<operation>
			<search position="replace"><![CDATA[$messages = array();
	while ($row = $smcFunc['db_fetch_assoc']($request))
		$messages[] = array(
			'ip' => $row['poster_ip'],]]></search>
			<add><![CDATA[$messages = array();
	while ($row = $smcFunc['db_fetch_assoc']($request))
		$messages[] = array(
			'ip' => inet_dtop($row['poster_ip']),]]></add>
	</operation>
		<operation>
			<search position="replace"><![CDATA[// Searching?
	if (isset($_REQUEST['searchip']))
		$context['ip'] = trim($_REQUEST['searchip']);

	if (preg_match('/^\d{1,3}\.(\d{1,3}|\*)\.(\d{1,3}|\*)\.(\d{1,3}|\*)$/', $context['ip']) == 0)
		fatal_lang_error('invalid_tracking_ip', false);

	$ip_var = str_replace('*', '%', $context['ip']);
	$ip_string = strpos($ip_var, '%') === false ? '= {string:ip_address}' : 'LIKE {string:ip_address}';

	if (empty($context['tracking_area']))
		$context['page_title'] = $txt['trackIP'] . ' - ' . $context['ip'];

	$request = $smcFunc['db_query']('', '
		SELECT id_member, real_name AS display_name, member_ip
		FROM {db_prefix}members
		WHERE member_ip ' . $ip_string,
		array(
			'ip_address' => $ip_var,
		)
	);
	$context['ips'] = array();
	while ($row = $smcFunc['db_fetch_assoc']($request))
		$context['ips'][$row['member_ip']][] = '<a href="' . $scripturl . '?action=profile;u=' . $row['id_member'] . '">' . $row['display_name'] . '</a>';
	$smcFunc['db_free_result']($request);

	ksort($context['ips']);

	// Gonna want this for the list.
	require_once($sourcedir . '/Subs-List.php');

	// Start with the user messages.
	$listOptions = array(
		'id' => 'track_message_list',
		'title' => $txt['messages_from_ip'] . ' ' . $context['ip'],
		'start_var_name' => 'messageStart',
		'items_per_page' => $modSettings['defaultMaxMessages'],
		'no_items_label' => $txt['no_messages_from_ip'],
		'base_href' => $context['base_url'] . ';searchip=' . $context['ip'],
		'default_sort_col' => 'date',
		'get_items' => array(
			'function' => 'list_getIPMessages',
			'params' => array(
				'm.poster_ip ' . $ip_string,
				array('ip_address' => $ip_var),
			),
		),
		'get_count' => array(
			'function' => 'list_getIPMessageCount',
			'params' => array(
				'm.poster_ip ' . $ip_string,
				array('ip_address' => $ip_var),
			),
		),
		'columns' => array(
			'ip_address' => array(
				'header' => array(
					'value' => $txt['ip_address'],
				),
				'data' => array(
					'sprintf' => array(
						'format' => '<a href="' . $context['base_url'] . ';searchip=%1$s">%1$s</a>',
						'params' => array(
							'ip' => false,
						),
					),
				),
				'sort' => array(
					'default' => 'INET_ATON(m.poster_ip)',
					'reverse' => 'INET_ATON(m.poster_ip) DESC',
				),
			),]]></search>
			<add><![CDATA[	// Searching?
	if (isset($_REQUEST['searchip']))
		$context['ip'] = ip2range(trim($_REQUEST['searchip']));

	if (count($context['ip']) !== 2)
		fatal_lang_error('invalid_tracking_ip', false);

	$ip_var = str_replace('*', '%', $context['ip']);
	$ip_string = array('{inet:ip_address_low}', '{inet:ip_address_high}');
	$fields = array(
		'ip_address_low' => $context['ip']['low'],
		'ip_address_high' => $context['ip']['high'],
	);


	$ip_var = $context['ip'];

	if ($context['ip']['low'] !== $context['ip']['high'])
		$context['ip'] = $context['ip']['low'] . '-' . $context['ip']['high'];
	else
		$context['ip'] = $context['ip']['low'];


	if (empty($context['tracking_area']))
		$context['page_title'] = $txt['trackIP'] . ' - ' . $context['ip'];

	$request = $smcFunc['db_query']('', '
		SELECT id_member, real_name AS display_name, member_ip
		FROM {db_prefix}members
		WHERE member_ip >= ' . $ip_string[0] . ' and member_ip <= ' . $ip_string[1],
		$fields
	);
	$context['ips'] = array();
	while ($row = $smcFunc['db_fetch_assoc']($request))
		$context['ips'][inet_dtop($row['member_ip'])][] = '<a href="' . $scripturl . '?action=profile;u=' . $row['id_member'] . '">' . $row['display_name'] . '</a>';
	$smcFunc['db_free_result']($request);

	ksort($context['ips']);

	// Gonna want this for the list.
	require_once($sourcedir . '/Subs-List.php');

	// Start with the user messages.
	$listOptions = array(
		'id' => 'track_message_list',
		'title' => $txt['messages_from_ip'] . ' ' . $context['ip'],
		'start_var_name' => 'messageStart',
		'items_per_page' => $modSettings['defaultMaxMessages'],
		'no_items_label' => $txt['no_messages_from_ip'],
		'base_href' => $context['base_url'] . ';searchip=' . $context['ip'],
		'default_sort_col' => 'date',
		'get_items' => array(
			'function' => 'list_getIPMessages',
			'params' => array(
				'm.poster_ip >= ' . $ip_string[0] . ' and m.poster_ip <= ' . $ip_string[1],
				$fields,
			),
		),
		'get_count' => array(
			'function' => 'list_getIPMessageCount',
			'params' => array(
				'm.poster_ip >= ' . $ip_string[0] . ' and m.poster_ip <= ' . $ip_string[1],
				$fields,
			),
		),
		'columns' => array(
			'ip_address' => array(
				'header' => array(
					'value' => $txt['ip_address'],
				),
				'data' => array(
					'sprintf' => array(
						'format' => '<a href="' . $context['base_url'] . ';searchip=%1$s">%1$s</a>',
						'params' => array(
							'ip' => false,
						),
					),
				),
				'sort' => array(
					'default' => 'm.poster_ip',
					'reverse' => 'm.poster_ip DESC',
				),
			),]]></add>
	</operation>
		<operation>
			<search position="replace"><![CDATA['get_items' => array(
			'function' => 'list_getUserErrors',
			'params' => array(
				'le.ip ' . $ip_string,
				array('ip_address' => $ip_var),
			),
		),
		'get_count' => array(
			'function' => 'list_getUserErrorCount',
			'params' => array(
				'ip ' . $ip_string,
				array('ip_address' => $ip_var),
			),
		),
		'columns' => array(
			'ip_address2' => array(
				'header' => array(
					'value' => $txt['ip_address'],
				),
				'data' => array(
					'sprintf' => array(
						'format' => '<a href="' . $context['base_url'] . ';searchip=%1$s">%1$s</a>',
						'params' => array(
							'ip' => false,
						),
					),
				),
				'sort' => array(
					'default' => 'INET_ATON(le.ip)',
					'reverse' => 'INET_ATON(le.ip) DESC',
				),
			),
			'display_name' => array(
				'header' => array(
					'value' => $txt['display_name'],
				),
				'data' => array(
					'db' => 'member_link',
				),
			),
			'message' => array(
				'header' => array(
					'value' => $txt['message'],
				),
				'data' => array(
					'sprintf' => array(
						'format' => '%1$s<br /><a href="%2$s">%2$s</a>',
						'params' => array(
							'message' => false,
							'url' => false,
						),
					),
				),
			),
			'date2' => array(
				'header' => array(
					'value' => $txt['date'],
				),
				'data' => array(
					'db' => 'time',
				),
				'sort' => array(
					'default' => 'le.id_error DESC',
					'reverse' => 'le.id_error',
				),
			),
		),
		'additional_rows' => array(
			array(
				'position' => 'after_title',
				'value' => $txt['errors_from_ip_desc'],
				'class' => 'smalltext',
				'style' => 'padding: 2ex;',
			),
		),
	);

	// Create the error list.
	createList($listOptions);

	$context['single_ip'] = strpos($context['ip'], '*') === false;]]></search>
			<add><![CDATA['get_items' => array(
			'function' => 'list_getUserErrors',
			'params' => array(
				'le.ip >= ' . $ip_string[0] . ' and le.ip <= ' . $ip_string[1],
				$fields,
			),
		),
		'get_count' => array(
			'function' => 'list_getUserErrorCount',
			'params' => array(
				'ip >= ' . $ip_string[0] . ' and ip <= ' . $ip_string[1],
				$fields,
			),
		),
		'columns' => array(
			'ip_address2' => array(
				'header' => array(
					'value' => $txt['ip_address'],
				),
				'data' => array(
					'sprintf' => array(
						'format' => '<a href="' . $context['base_url'] . ';searchip=%1$s">%1$s</a>',
						'params' => array(
							'ip' => false,
						),
					),
				),
				'sort' => array(
					'default' => 'le.ip',
					'reverse' => 'le.ip DESC',
				),
			),
			'display_name' => array(
				'header' => array(
					'value' => $txt['display_name'],
				),
				'data' => array(
					'db' => 'member_link',
				),
			),
			'message' => array(
				'header' => array(
					'value' => $txt['message'],
				),
				'data' => array(
					'sprintf' => array(
						'format' => '%1$s<br /><a href="%2$s">%2$s</a>',
						'params' => array(
							'message' => false,
							'url' => false,
						),
					),
				),
			),
			'date2' => array(
				'header' => array(
					'value' => $txt['date'],
				),
				'data' => array(
					'db' => 'time',
				),
				'sort' => array(
					'default' => 'le.id_error DESC',
					'reverse' => 'le.id_error',
				),
			),
		),
		'additional_rows' => array(
			array(
				'position' => 'after_title',
				'value' => $txt['errors_from_ip_desc'],
				'class' => 'smalltext',
				'style' => 'padding: 2ex;',
			),
		),
	);

	// Create the error list.
	createList($listOptions);

	$context['single_ip'] = ($ip_var['low'] === $ip_var['high']);]]></add>
	</operation>

</file>


<file name="$sourcedir/ManageBans.php">
		<operation>
			<search position="replace"><![CDATA[$newBan = !empty($_POST['add_new_trigger']);
		$values = array(
			'id_ban_group' => $_REQUEST['bg'],
			'hostname' => '',
			'email_address' => '',
			'id_member' => 0,
			'ip_low1' => 0,
			'ip_high1' => 0,
			'ip_low2' => 0,
			'ip_high2' => 0,
			'ip_low3' => 0,
			'ip_high3' => 0,
			'ip_low4' => 0,
			'ip_high4' => 0,
		);

		// Preset all values that are required.
		if ($newBan)
		{
			$insertKeys = array(
				'id_ban_group' => 'int',
				'hostname' => 'string',
				'email_address' => 'string',
				'id_member' => 'int',
				'ip_low1' => 'int',
				'ip_high1' => 'int',
				'ip_low2' => 'int',
				'ip_high2' => 'int',
				'ip_low3' => 'int',
				'ip_high3' => 'int',
				'ip_low4' => 'int',
				'ip_high4' => 'int',
			);
		}
		else
			$updateString = '
				hostname = {string:hostname}, email_address = {string:email_address}, id_member = {int:id_member},
				ip_low1 = {int:ip_low1}, ip_high1 = {int:ip_high1},
				ip_low2 = {int:ip_low2}, ip_high2 = {int:ip_high2},
				ip_low3 = {int:ip_low3}, ip_high3 = {int:ip_high3},
				ip_low4 = {int:ip_low4}, ip_high4 = {int:ip_high4}';]]></search>
			<add><![CDATA[$newBan = !empty($_POST['add_new_trigger']);
		$values = array(
			'id_ban_group' => $_REQUEST['bg'],
			'hostname' => '',
			'email_address' => '',
			'id_member' => 0,
			'ip_low' => 'null',
			'ip_high' => 'null',
		);

		// Preset all values that are required.
		if ($newBan)
		{
			$insertKeys = array(
				'id_ban_group' => 'int',
				'hostname' => 'string',
				'email_address' => 'string',
				'id_member' => 'int',
				'ip_low' => 'inet',
				'ip_high' => 'inet',
			);
		}
		else
			$updateString = '
				hostname = {string:hostname}, email_address = {string:email_address}, id_member = {int:id_member},
				ip_low = {inet:ip_low}, ip_high = {inet:ip_high}';]]></add>
	</operation>
		<operation>
			<search position="replace"><![CDATA[$ip = trim($_POST['main_ip']);
					$ip_parts = ip2range($ip);
					if (!checkExistingTriggerIP($ip_parts, $ip))
						fatal_lang_error('invalid_ip', false);

					$ban_triggers[] = array(
						$ip_parts[0]['low'],
						$ip_parts[0]['high'],
						$ip_parts[1]['low'],
						$ip_parts[1]['high'],
						$ip_parts[2]['low'],
						$ip_parts[2]['high'],
						$ip_parts[3]['low'],
						$ip_parts[3]['high'],
						'',
						'',
						0,
					);]]></search>
			<add><![CDATA[$ip = trim($_POST['main_ip']);
					$ip_parts = ip2range($ip);
					if (!checkExistingTriggerIP($ip_parts, $ip))
						fatal_lang_error('invalid_ip', false);

					$ban_triggers[] = array(
						$ip_parts['low'],
						$ip_parts['high'],
						0,
						0,
						0,
						0,
						0,
						0,
						'',
						'',
						0,
					);]]></add>
	</operation>
		<operation>
			<search position="replace"><![CDATA[$ip_parts = ip2range($ip);

						// They should be alright, but just to be sure...
						if (count($ip_parts) != 4)
							fatal_lang_error('invalid_ip', false);

						$ban_triggers[] = array(
							$ip_parts[0]['low'],
							$ip_parts[0]['high'],
							$ip_parts[1]['low'],
							$ip_parts[1]['high'],
							$ip_parts[2]['low'],
							$ip_parts[2]['high'],
							$ip_parts[3]['low'],
							$ip_parts[3]['high'],
							'',
							'',
							0,
						);
						$ban_logs[] = array(
							'ip_range' => $ip,
						);]]></search>
			<add><![CDATA[$ip_parts = ip2range($ip);



						$ban_triggers[] = array(
							$ip_parts['low'],
							$ip_parts['high'],
							0,
							0,
							0,
							0,
							0,
							0,
							'',
							'',
							0,
						);
						$ban_logs[] = array(
							'ip_range' => $ip,
						);]]></add>
	</operation>
			<operation>
			<search position="replace"><![CDATA[// Log what we are doing!
				foreach ($ban_logs as $log_details)
					logAction('ban', $log_details + array('new' => 1));

				$smcFunc['db_insert']('',
					'{db_prefix}ban_items',
					array(
						'id_ban_group' => 'int', 'ip_low1' => 'int', 'ip_high1' => 'int', 'ip_low2' => 'int', 'ip_high2' => 'int',
						'ip_low3' => 'int', 'ip_high3' => 'int', 'ip_low4' => 'int', 'ip_high4' => 'int', 'hostname' => 'string-255',
						'email_address' => 'string-255', 'id_member' => 'int',
					),
					$ban_triggers,
					array('id_ban')]]></search>
			<add><![CDATA[// Log what we are doing!
				foreach ($ban_logs as $log_details)
					logAction('ban', $log_details + array('new' => 1));

				$smcFunc['db_insert']('',
					'{db_prefix}ban_items',
					array(
						'id_ban_group' => 'int', 'ip_low' => 'inet', 'ip_high' => 'inet', 'ip_low2' => 'int', 'ip_high2' => 'int',
						'ip_low3' => 'int', 'ip_high3' => 'int', 'ip_low4' => 'int', 'ip_high4' => 'int', 'hostname' => 'string-255',
						'email_address' => 'string-255', 'id_member' => 'int',
					),
					$ban_triggers,
					array('id_ban')]]></add>
	</operation>
			<operation>
			<search position="replace"><![CDATA[$context['ban_items'] = array();
		$request = $smcFunc['db_query']('', '
			SELECT
				bi.id_ban, bi.hostname, bi.email_address, bi.id_member, bi.hits,
				bi.ip_low1, bi.ip_high1, bi.ip_low2, bi.ip_high2, bi.ip_low3, bi.ip_high3, bi.ip_low4, bi.ip_high4,
				bg.id_ban_group, bg.name, bg.ban_time, bg.expire_time, bg.reason, bg.notes, bg.cannot_access, bg.cannot_register, bg.cannot_login, bg.cannot_post,
				IFNULL(mem.id_member, 0) AS id_member, mem.member_name, mem.real_name
			FROM {db_prefix}ban_groups AS bg
				LEFT JOIN {db_prefix}ban_items AS bi ON (bi.id_ban_group = bg.id_ban_group)
				LEFT JOIN {db_prefix}members AS mem ON (mem.id_member = bi.id_member)
			WHERE bg.id_ban_group = {int:current_ban}',]]></search>
			<add><![CDATA[$context['ban_items'] = array();
		$request = $smcFunc['db_query']('', '
			SELECT
				bi.id_ban, bi.hostname, bi.email_address, bi.id_member, bi.hits,
				bi.ip_low, bi.ip_high,
				bg.id_ban_group, bg.name, bg.ban_time, bg.expire_time, bg.reason, bg.notes, bg.cannot_access, bg.cannot_register, bg.cannot_login, bg.cannot_post,
				IFNULL(mem.id_member, 0) AS id_member, mem.member_name, mem.real_name
			FROM {db_prefix}ban_groups AS bg
				LEFT JOIN {db_prefix}ban_items AS bi ON (bi.id_ban_group = bg.id_ban_group)
				LEFT JOIN {db_prefix}members AS mem ON (mem.id_member = bi.id_member)
			WHERE bg.id_ban_group = {int:current_ban}',]]></add>
	</operation>
			<operation>
			<search position="replace"><![CDATA[if (!empty($row['ip_high1']))
				{
					$context['ban_items'][$row['id_ban']]['type'] = 'ip';
					$context['ban_items'][$row['id_ban']]['ip'] = range2ip(array($row['ip_low1'], $row['ip_low2'], $row['ip_low3'], $row['ip_low4']), array($row['ip_high1'], $row['ip_high2'], $row['ip_high3'], $row['ip_high4']));
				}]]></search>
			<add><![CDATA[if (!empty($row['ip_high']))
				{
					$context['ban_items'][$row['id_ban']]['type'] = 'ip';
					$context['ban_items'][$row['id_ban']]['ip'] = range2ip($row['ip_low'], $row['ip_high']);
				}]]></add>
	</operation>
			<operation>
			<search position="replace"><![CDATA[	// Would be nice if we could also ban the hostname.
				if (preg_match('/^\d{1,3}\.\d{1,3}\.\d{1,3}\.\d{1,3}$/', $context['ban_suggestions']['main_ip']) == 1 && empty($modSettings['disableHostnameLookup']))
					$context['ban_suggestions']['hostname'] = host_from_ip($context['ban_suggestions']['main_ip']);

				// Find some additional IP's used by this member.
				$context['ban_suggestions']['message_ips'] = array();
				$request = $smcFunc['db_query']('ban_suggest_message_ips', '
					SELECT DISTINCT poster_ip
					FROM {db_prefix}messages
					WHERE id_member = {int:current_user}
						AND poster_ip RLIKE {string:poster_ip_regex}
					ORDER BY poster_ip',
					array(
						'current_user' => (int) $_REQUEST['u'],
						'poster_ip_regex' => '^[0-9]{1,3}\\.[0-9]{1,3}\\.[0-9]{1,3}\\.[0-9]{1,3}$',
					)
				);
				while ($row = $smcFunc['db_fetch_assoc']($request))
					$context['ban_suggestions']['message_ips'][] = $row['poster_ip'];
				$smcFunc['db_free_result']($request);

				$context['ban_suggestions']['error_ips'] = array();
				$request = $smcFunc['db_query']('ban_suggest_error_ips', '
					SELECT DISTINCT ip
					FROM {db_prefix}log_errors
					WHERE id_member = {int:current_user}
						AND ip RLIKE {string:poster_ip_regex}
					ORDER BY ip',
					array(
						'current_user' => (int) $_REQUEST['u'],
						'poster_ip_regex' => '^[0-9]{1,3}\\.[0-9]{1,3}\\.[0-9]{1,3}\\.[0-9]{1,3}$',
					)
				);
				while ($row = $smcFunc['db_fetch_assoc']($request))
					$context['ban_suggestions']['error_ips'][] = $row['ip'];
				$smcFunc['db_free_result']($request);

				// Borrowing a few language strings from profile.
				loadLanguage('Profile');]]></search>
			<add><![CDATA[// Would be nice if we could also ban the hostname.
				if ((preg_match('/^\d{1,3}\.\d{1,3}\.\d{1,3}\.\d{1,3}$/', $context['ban_suggestions']['main_ip']) == 1 || isValidIPv6($context['ban_suggestions']['main_ip']))   && empty($modSettings['disableHostnameLookup']))
					$context['ban_suggestions']['hostname'] = host_from_ip($context['ban_suggestions']['main_ip']);

				// Find some additional IP's used by this member.
				$context['ban_suggestions']['message_ips'] = array();
				$request = $smcFunc['db_query']('ban_suggest_message_ips', '
					SELECT DISTINCT poster_ip
					FROM {db_prefix}messages
					WHERE id_member = {int:current_user}
						AND poster_ip IS NOT NULL
					ORDER BY poster_ip',
					array(
						'current_user' => (int) $_REQUEST['u'],
					)
				);
				while ($row = $smcFunc['db_fetch_assoc']($request))
					$context['ban_suggestions']['message_ips'][] = inet_dtop($row['poster_ip']);
				$smcFunc['db_free_result']($request);

				$context['ban_suggestions']['error_ips'] = array();
				$request = $smcFunc['db_query']('ban_suggest_error_ips', '
					SELECT DISTINCT ip
					FROM {db_prefix}log_errors
					WHERE id_member = {int:current_user}
						AND ip IS NOT NULL
					ORDER BY ip',
					array(
						'current_user' => (int) $_REQUEST['u'],
					)
				);
				while ($row = $smcFunc['db_fetch_assoc']($request))
					$context['ban_suggestions']['error_ips'][] = $row['ip'];
				$smcFunc['db_free_result']($request);

				// Borrowing a few language strings from profile.
				loadLanguage('Profile');]]></add>
	</operation>
			<operation>
			<search position="replace"><![CDATA[$request = $smcFunc['db_query']('', '
			SELECT
				bi.id_ban, bi.id_ban_group, bi.hostname, bi.email_address, bi.id_member,
				bi.ip_low1, bi.ip_high1, bi.ip_low2, bi.ip_high2, bi.ip_low3, bi.ip_high3, bi.ip_low4, bi.ip_high4,
				mem.member_name, mem.real_name
			FROM {db_prefix}ban_items AS bi
				LEFT JOIN {db_prefix}members AS mem ON (mem.id_member = bi.id_member)
			WHERE bi.id_ban = {int:ban_item}
				AND bi.id_ban_group = {int:ban_group}
			LIMIT 1',
			array(
				'ban_item' => (int) $_REQUEST['bi'],
				'ban_group' => (int) $_REQUEST['bg'],
			)
		);
		if ($smcFunc['db_num_rows']($request) == 0)
			fatal_lang_error('ban_not_found', false);
		$row = $smcFunc['db_fetch_assoc']($request);
		$smcFunc['db_free_result']($request);

		$context['ban_trigger'] = array(
			'id' => $row['id_ban'],
			'group' => $row['id_ban_group'],
			'ip' => array(
				'value' => empty($row['ip_low1']) ? '' : range2ip(array($row['ip_low1'], $row['ip_low2'], $row['ip_low3'], $row['ip_low4']), array($row['ip_high1'], $row['ip_high2'], $row['ip_high3'], $row['ip_high4'])),
				'selected' => !empty($row['ip_low1']),
			),]]></search>
			<add><![CDATA[$request = $smcFunc['db_query']('', '
			SELECT
				bi.id_ban, bi.id_ban_group, bi.hostname, bi.email_address, bi.id_member,
				bi.ip_low, bi.ip_high,
				mem.member_name, mem.real_name
			FROM {db_prefix}ban_items AS bi
				LEFT JOIN {db_prefix}members AS mem ON (mem.id_member = bi.id_member)
			WHERE bi.id_ban = {int:ban_item}
				AND bi.id_ban_group = {int:ban_group}
			LIMIT 1',
			array(
				'ban_item' => (int) $_REQUEST['bi'],
				'ban_group' => (int) $_REQUEST['bg'],
			)
		);
		if ($smcFunc['db_num_rows']($request) == 0)
			fatal_lang_error('ban_not_found', false);
		$row = $smcFunc['db_fetch_assoc']($request);
		$smcFunc['db_free_result']($request);

		$context['ban_trigger'] = array(
			'id' => $row['id_ban'],
			'group' => $row['id_ban_group'],
			'ip' => array(
				'value' => empty($row['ip_low']) ? '' : range2ip($row['ip_low'], $row['ip_high']),
				'selected' => !empty($row['ip_low']),
			),]]></add>
	</operation>
			<operation>
			<search position="replace"><![CDATA[if ($context['selected_entity'] === 'ip')
	{
		$listOptions['columns']['banned_entity']['data'] = array(
			'function' => function($rowData)
			{
				return range2ip(array(
					$rowData['ip_low1'],
					$rowData['ip_low2'],
					$rowData['ip_low3'],
					$rowData['ip_low4']
				), array(
					$rowData['ip_high1'],
					$rowData['ip_high2'],
					$rowData['ip_high3'],
					$rowData['ip_high4']
				));
			},
		);
		$listOptions['columns']['banned_entity']['sort'] = array(
			'default' => 'bi.ip_low1, bi.ip_high1, bi.ip_low2, bi.ip_high2, bi.ip_low3, bi.ip_high3, bi.ip_low4, bi.ip_high4',
			'reverse' => 'bi.ip_low1 DESC, bi.ip_high1 DESC, bi.ip_low2 DESC, bi.ip_high2 DESC, bi.ip_low3 DESC, bi.ip_high3 DESC, bi.ip_low4 DESC, bi.ip_high4 DESC',
		);
	}
	elseif ($context['selected_entity'] === 'hostname')]]></search>
			<add><![CDATA[if ($context['selected_entity'] === 'ip')
	{
		$listOptions['columns']['banned_entity']['data'] = array(
			'function' => function($rowData)
			{
				return range2ip(
					$rowData['ip_low']
					,
					$rowData['ip_high']
				);
			},
		);
		$listOptions['columns']['banned_entity']['sort'] = array(
			'default' => 'bi.ip_low, bi.ip_high, bi.ip_low',
			'reverse' => 'bi.ip_low DESC, bi.ip_high DESC',
		);
	}
	elseif ($context['selected_entity'] === 'hostname')]]></add>
	</operation>
			<operation>
			<search position="replace"><![CDATA[$where = array(
		'ip' => 'bi.ip_low1 > 0',
		'hostname' => 'bi.hostname != {string:blank_string}',
		'email' => 'bi.email_address != {string:blank_string}',
	);

	$request = $smcFunc['db_query']('', '
		SELECT
			bi.id_ban, bi.ip_low1, bi.ip_high1, bi.ip_low2, bi.ip_high2, bi.ip_low3, bi.ip_high3, bi.ip_low4, bi.ip_high4, bi.hostname, bi.email_address, bi.hits,
			bg.id_ban_group, bg.name' . ($trigger_type === 'member' ? ',
			mem.id_member, mem.real_name' : '') . '
		FROM {db_prefix}ban_items AS bi
			INNER JOIN {db_prefix}ban_groups AS bg ON (bg.id_ban_group = bi.id_ban_group)' . ($trigger_type === 'member' ? '
			INNER JOIN {db_prefix}members AS mem ON (mem.id_member = bi.id_member)' : '
		WHERE ' . $where[$trigger_type]) . '
		ORDER BY ' . $sort . '
		LIMIT ' . $start . ', ' . $items_per_page,
		array(
			'blank_string' => '',
		)
	);
	$ban_triggers = array();
	while ($row = $smcFunc['db_fetch_assoc']($request))
		$ban_triggers[] = $row;
	$smcFunc['db_free_result']($request);

	return $ban_triggers;
}

function list_getNumBanTriggers($trigger_type)
{
	global $smcFunc;

	$where = array(
		'ip' => 'bi.ip_low1 > 0',]]></search>
			<add><![CDATA[$where = array(
		'ip' => 'bi.ip_low is not null',
		'hostname' => 'bi.hostname != {string:blank_string}',
		'email' => 'bi.email_address != {string:blank_string}',
	);

	$request = $smcFunc['db_query']('', '
		SELECT
			bi.id_ban, bi.ip_low, bi.ip_high, bi.hostname, bi.email_address, bi.hits,
			bg.id_ban_group, bg.name' . ($trigger_type === 'member' ? ',
			mem.id_member, mem.real_name' : '') . '
		FROM {db_prefix}ban_items AS bi
			INNER JOIN {db_prefix}ban_groups AS bg ON (bg.id_ban_group = bi.id_ban_group)' . ($trigger_type === 'member' ? '
			INNER JOIN {db_prefix}members AS mem ON (mem.id_member = bi.id_member)' : '
		WHERE ' . $where[$trigger_type]) . '
		ORDER BY ' . $sort . '
		LIMIT ' . $start . ', ' . $items_per_page,
		array(
			'blank_string' => '',
		)
	);
	$ban_triggers = array();
	while ($row = $smcFunc['db_fetch_assoc']($request))
		$ban_triggers[] = $row;
	$smcFunc['db_free_result']($request);

	return $ban_triggers;
}

function list_getNumBanTriggers($trigger_type)
{
	global $smcFunc;

	$where = array(
		'ip' => 'bi.ip_low is not null',]]></add>
	</operation>
			<operation>
			<search position="replace"><![CDATA[function range2ip($low, $high)
{
	if (count($low) != 4 || count($high) != 4)
		return '';

	$ip = array();
	for ($i = 0; $i < 4; $i++)
	{
		if ($low[$i] == $high[$i])
			$ip[$i] = $low[$i];
		elseif ($low[$i] == '0' && $high[$i] == '255')
			$ip[$i] = '*';
		else
			$ip[$i] = $low[$i] . '-' . $high[$i];
	}

	// Pretending is fun... the IP can't be this, so use it for 'unknown'.
	if ($ip == array(255, 255, 255, 255))
		return 'unknown';

	return implode('.', $ip);
}

function checkExistingTriggerIP($ip_array, $fullip = '')
{
	global $smcFunc, $scripturl;

	if (count($ip_array) == 4)
		$values = array(
			'ip_low1' => $ip_array[0]['low'],
			'ip_high1' => $ip_array[0]['high'],
			'ip_low2' => $ip_array[1]['low'],
			'ip_high2' => $ip_array[1]['high'],
			'ip_low3' => $ip_array[2]['low'],
			'ip_high3' => $ip_array[2]['high'],
			'ip_low4' => $ip_array[3]['low'],
			'ip_high4' => $ip_array[3]['high'],
		);
	else
		return false;

	$request = $smcFunc['db_query']('', '
		SELECT bg.id_ban_group, bg.name
		FROM {db_prefix}ban_groups AS bg
		INNER JOIN {db_prefix}ban_items AS bi ON
			(bi.id_ban_group = bg.id_ban_group)
			AND ip_low1 = {int:ip_low1} AND ip_high1 = {int:ip_high1}
			AND ip_low2 = {int:ip_low2} AND ip_high2 = {int:ip_high2}
			AND ip_low3 = {int:ip_low3} AND ip_high3 = {int:ip_high3}
			AND ip_low4 = {int:ip_low4} AND ip_high4 = {int:ip_high4}
		LIMIT 1',
		$values
	);
	if ($smcFunc['db_num_rows']($request) != 0)
	{
		list ($error_id_ban, $error_ban_name) = $smcFunc['db_fetch_row']($request);
		fatal_lang_error('ban_trigger_already_exists', false, array(
			$fullip,
			'<a href="' . $scripturl . '?action=admin;area=ban;sa=edit;bg=' . $error_id_ban . '">' . $error_ban_name . '</a>',
		));
	}
	$smcFunc['db_free_result']($request);

	return $values;
}]]></search>
			<add><![CDATA[function range2ip($low, $high)
{
	$low = inet_dtop($low);
	$high = inet_dtop($high);

	if ($low == '255.255.255.255') return 'unknown';
	if ($low == $high)
		return $low;
	else
		return $low . '-' . $high;
}

function checkExistingTriggerIP($ip_array, $fullip = '')
{
	global $smcFunc, $scripturl;

	$values = array(
		'ip_low' => $ip_array['low'],
		'ip_high' => $ip_array['high']
	);

	$request = $smcFunc['db_query']('', '
		SELECT bg.id_ban_group, bg.name
		FROM {db_prefix}ban_groups AS bg
		INNER JOIN {db_prefix}ban_items AS bi ON
			(bi.id_ban_group = bg.id_ban_group)
			AND ip_low = {inet:ip_low} AND ip_high = {inet:ip_high}
		LIMIT 1',
		$values
	);
	if ($smcFunc['db_num_rows']($request) != 0)
	{
		list ($error_id_ban, $error_ban_name) = $smcFunc['db_fetch_row']($request);
		fatal_lang_error('ban_trigger_already_exists', false, array(
			$fullip,
			'<a href="' . $scripturl . '?action=admin;area=ban;sa=edit;bg=' . $error_id_ban . '">' . $error_ban_name . '</a>',
		));
	}
	$smcFunc['db_free_result']($request);

	return $values;
}]]></add>
	</operation>

</file>
<file name="$boarddir/index.php">
	<operation>
		<search position="before"><![CDATA[<?php]]></search>
		<add><![CDATA[
		/// Cloudflare
		if (isset($_SERVER['HTTP_CF_CONNECTING_IP'])) { $_SERVER['REMOTE_ADDR'] = $_SERVER['HTTP_CF_CONNECTING_IP']; }]]></add>
	</operation>
</file>

</modification>