<?xml version="1.0"?>
<!DOCTYPE package-info SYSTEM "http://www.simplemachines.org/xml/package-info">
<package-info xmlns="http://www.simplemachines.org/xml/package-info" xmlns:smf="http://www.simplemachines.org/">
	<id>[SiNaN]:Banlist</id>
	<name>Ban List</name>
	<version>2.0</version>
	<type>modification</type>

	<install for="1.1.0 - 1.99.99">
		<readme type="file" parsebbc="true">readme.txt</readme>
		<modification format="xml" type="file">install_1.xml</modification>
		<modification format="xml" type="file">languages.xml</modification>
		<require-file name="BanList.template.php" destination="$themedir" />
	</install>

	<uninstall for="1.1.0 - 1.99.99">
		<modification format="xml" type="file" reverse="true">install_1.xml</modification>
		<modification format="xml" type="file" reverse="true">languages.xml</modification>
		<remove-file name="$themedir/BanList.template.php" />
	</uninstall>

	<install for="2.0 - 2.99.99">
		<readme type="file" parsebbc="true">readme.txt</readme>
		<modification format="xml" type="file">install_2.xml</modification>
		<modification format="xml" type="file">languages.xml</modification>
		<redirect url="$scripturl?action=admin;area=permissions;" timeout="3000">redirect.txt</redirect>
	</install>

	<uninstall for="2.0 - 2.99.99">
		<modification format="xml" type="file" reverse="true">install_2.xml</modification>
		<modification format="xml" type="file" reverse="true">languages.xml</modification>
	</uninstall>

</package-info>