<?xml version="1.0"?>
<!DOCTYPE package-info SYSTEM "http://www.simplemachines.org/xml/package-info">
<!-- - - - - - - - - - - - - - - - - - - - - - - - - - - - - - - - - - - - - - -
	Package manifest file for User Info Above Posts

	ATTENTION: If you are trying to install this manually, you should try
	the package manager.  If it will not work for you, please take a look
	at the following for information on this format:
		http://mods.simplemachines.org/docs/manual-install.php

 	Copyright (c) 2009 by KahneFan (at) ipostyoupost (dot) com. All rights reserved.
	Redistribution prohibited except at SimpleMachines.org or ipostyoupost.com

 - - - - - - - - - - - - - - - - - - - - - - - - - - - - - - - - - - - - - - -->

<package-info xmlns="http://www.simplemachines.org/xml/package-info" xmlns:smf="http://www.simplemachines.org/">

	<id>KahneFan:user_info_above</id>

	<name>User Info Above Posts</name>

	<version>1.0</version>
	
		<install for="2.0 - 2.99.99">
		<readme parsebbc="true">readme.txt</readme>
		<modification>modification2.xml</modification>
	</install>

	<uninstall for="2.0 - 2.99.99">
		<modification reverse="true">modification2.xml</modification>
	</uninstall>

</package-info>