<?xml version="1.0"?>
<!DOCTYPE modification SYSTEM "http://www.simplemachines.org/xml/modification">
<modification xmlns="http://www.simplemachines.org/xml/modification" xmlns:smf="http://www.simplemachines.org/">
	<id>DIBILO:SocialPage</id>
	<name>Social Page</name>
	<version>1.0</version>
	<file name="$themedir/languages/Modifications.english.php">
		<operation>
			<search position="end" />
				<add><![CDATA[
//Recent activity SMFsimple.com - DIBILO start
$txt['last_action_profile_enable'] = 'Enable recent activity';
//Recent activity SMFsimple.com - DIBILO end
]]></add>
		</operation>
	</file>
	<file name="$themedir/languages/Modifications.spanish_latin.php" error="skip">
		<operation>
			<search position="end" />
				<add><![CDATA[
//Recent activity SMFsimple.com - DIBILO start
$txt['last_action_profile_enable'] = 'Activar actividad reciente';
//Recent activity SMFsimple.com - DIBILO end
]]></add>
		</operation>
	</file>
	
	<file name="$themedir/languages/Modifications.spanish_es.php" error="skip">
		<operation>
			<search position="end" />
				<add><![CDATA[
//Recent activity SMFsimple.com - DIBILO start
$txt['last_action_profile_enable'] = 'Activar actividad reciente';
//Recent activity SMFsimple.com - DIBILO end
]]></add>
		</operation>
	</file>	
	
	<file name="$themedir/languages/Modifications.spanish_es-utf8.php" error="skip">
		<operation>
			<search position="end" />
				<add><![CDATA[
//Recent activity SMFsimple.com - DIBILO start
$txt['last_action_profile_enable'] = 'Activar actividad reciente';
//Recent activity SMFsimple.com - DIBILO end
]]></add>
		</operation>
	</file>	
	
	<file name="$themedir/languages/Modifications.spanish_latin-utf8.php" error="skip">
		<operation>
			<search position="end" />
				<add><![CDATA[
//Recent activity SMFsimple.com - DIBILO start
$txt['last_action_profile_enable'] = 'Activar actividad reciente';
//Recent activity SMFsimple.com - DIBILO end
]]></add>
		</operation>
	</file>
<file name="$themedir/languages/index.english.php">
		<operation>
			<search position="end" />
				<add><![CDATA[
//Recent activity SMFsimple.com - DIBILO start
$txt['last_action_profile'] = 'Recent Activity';
//Recent activity SMFsimple.com - DIBILO end
]]></add>
		</operation>
	</file>
	<file name="$themedir/languages/Modifications.spanish_latin.php" error="skip">
		<operation>
			<search position="end" />
				<add><![CDATA[
//Recent activity SMFsimple.com - DIBILO start
$txt['last_action_profile'] = 'Actividad Reciente';
//Recent activity SMFsimple.com - DIBILO end
]]></add>
		</operation>
	</file>
	
	<file name="$themedir/languages/Modifications.spanish_es.php" error="skip">
		<operation>
			<search position="end" />
				<add><![CDATA[
//Recent activity SMFsimple.com - DIBILO start
$txt['last_action_profile'] = 'Actividad Reciente';
//Recent activity SMFsimple.com - DIBILO end
]]></add>
		</operation>
	</file>	
	
	<file name="$themedir/languages/Modifications.spanish_es-utf8.php" error="skip">
		<operation>
			<search position="end" />
				<add><![CDATA[
//Recent activity SMFsimple.com - DIBILO start
$txt['last_action_profile'] = 'Actividad Reciente';
//Recent activity SMFsimple.com - DIBILO end
]]></add>
		</operation>
	</file>	
	
	<file name="$themedir/languages/Modifications.spanish_latin-utf8.php" error="skip">
		<operation>
			<search position="end" />
				<add><![CDATA[
//Recent activity SMFsimple.com - DIBILO start
$txt['last_action_profile'] = 'Actividad Reciente';
//Recent activity SMFsimple.com - DIBILO end
]]></add>
		</operation>
	</file>		
	
</modification>